-- MySQL dump 10.13  Distrib 8.0.44, for Win64 (x86_64)
--
-- Host: localhost    Database: game
-- ------------------------------------------------------
-- Server version	8.0.44

/*!40101 SET @OLD_CHARACTER_SET_CLIENT=@@CHARACTER_SET_CLIENT */;
/*!40101 SET @OLD_CHARACTER_SET_RESULTS=@@CHARACTER_SET_RESULTS */;
/*!40101 SET @OLD_COLLATION_CONNECTION=@@COLLATION_CONNECTION */;
/*!50503 SET NAMES utf8mb4 */;
/*!40103 SET @OLD_TIME_ZONE=@@TIME_ZONE */;
/*!40103 SET TIME_ZONE='+00:00' */;
/*!40014 SET @OLD_UNIQUE_CHECKS=@@UNIQUE_CHECKS, UNIQUE_CHECKS=0 */;
/*!40014 SET @OLD_FOREIGN_KEY_CHECKS=@@FOREIGN_KEY_CHECKS, FOREIGN_KEY_CHECKS=0 */;
/*!40101 SET @OLD_SQL_MODE=@@SQL_MODE, SQL_MODE='NO_AUTO_VALUE_ON_ZERO' */;
/*!40111 SET @OLD_SQL_NOTES=@@SQL_NOTES, SQL_NOTES=0 */;

--
-- Table structure for table `battle_logs`
--

DROP TABLE IF EXISTS `battle_logs`;
/*!40101 SET @saved_cs_client     = @@character_set_client */;
/*!50503 SET character_set_client = utf8mb4 */;
CREATE TABLE `battle_logs` (
  `id` int NOT NULL AUTO_INCREMENT,
  `character_id` int NOT NULL,
  `location` varchar(50) NOT NULL,
  `monster_name` varchar(50) NOT NULL,
  `result` enum('victory','defeat') NOT NULL,
  `rounds` int NOT NULL,
  `damage_dealt` int DEFAULT '0',
  `damage_taken` int DEFAULT '0',
  `exp_gained` int DEFAULT '0',
  `gold_gained` int DEFAULT '0',
  `level_before` int NOT NULL,
  `level_after` int NOT NULL,
  `created_at` timestamp NULL DEFAULT CURRENT_TIMESTAMP,
  PRIMARY KEY (`id`),
  KEY `character_id` (`character_id`),
  CONSTRAINT `battle_logs_ibfk_1` FOREIGN KEY (`character_id`) REFERENCES `characters` (`id`) ON DELETE CASCADE
) ENGINE=InnoDB AUTO_INCREMENT=160 DEFAULT CHARSET=utf8mb4 COLLATE=utf8mb4_0900_ai_ci;
/*!40101 SET character_set_client = @saved_cs_client */;

--
-- Dumping data for table `battle_logs`
--

LOCK TABLES `battle_logs` WRITE;
/*!40000 ALTER TABLE `battle_logs` DISABLE KEYS */;
INSERT INTO `battle_logs` VALUES (155,19,'forest','산토끼','victory',7,0,0,25,15,5,5,'2026-03-07 23:17:30'),(156,19,'forest','독거미','victory',3,0,0,20,11,5,5,'2026-03-07 23:18:02'),(157,19,'forest','만드레이크','victory',7,0,0,55,40,7,7,'2026-03-08 00:38:58'),(158,19,'forest','독거미','victory',5,0,0,25,14,7,7,'2026-03-08 00:39:48'),(159,19,'forest','숲 도깨비','victory',5,0,0,28,18,8,8,'2026-03-08 00:55:06');
/*!40000 ALTER TABLE `battle_logs` ENABLE KEYS */;
UNLOCK TABLES;

--
-- Table structure for table `battle_sessions`
--

DROP TABLE IF EXISTS `battle_sessions`;
/*!40101 SET @saved_cs_client     = @@character_set_client */;
/*!50503 SET character_set_client = utf8mb4 */;
CREATE TABLE `battle_sessions` (
  `id` int NOT NULL AUTO_INCREMENT,
  `character_id` int NOT NULL,
  `battle_type` enum('srpg','stage','tower') NOT NULL,
  `context_json` text NOT NULL,
  `created_at` timestamp NULL DEFAULT CURRENT_TIMESTAMP,
  PRIMARY KEY (`id`),
  UNIQUE KEY `character_id` (`character_id`),
  CONSTRAINT `battle_sessions_ibfk_1` FOREIGN KEY (`character_id`) REFERENCES `characters` (`id`) ON DELETE CASCADE
) ENGINE=InnoDB AUTO_INCREMENT=144 DEFAULT CHARSET=utf8mb4 COLLATE=utf8mb4_0900_ai_ci;
/*!40101 SET character_set_client = @saved_cs_client */;

--
-- Dumping data for table `battle_sessions`
--

LOCK TABLES `battle_sessions` WRITE;
/*!40000 ALTER TABLE `battle_sessions` DISABLE KEYS */;
/*!40000 ALTER TABLE `battle_sessions` ENABLE KEYS */;
UNLOCK TABLES;

--
-- Table structure for table `boss_raid_configs`
--

DROP TABLE IF EXISTS `boss_raid_configs`;
/*!40101 SET @saved_cs_client     = @@character_set_client */;
/*!50503 SET character_set_client = utf8mb4 */;
CREATE TABLE `boss_raid_configs` (
  `id` int NOT NULL AUTO_INCREMENT,
  `name` varchar(50) NOT NULL,
  `description` varchar(200) DEFAULT NULL,
  `dungeon_key` varchar(30) NOT NULL,
  `required_level` int DEFAULT '1',
  `boss_hp_mult` float DEFAULT '3',
  `boss_atk_mult` float DEFAULT '2',
  `monster_count` int DEFAULT '4',
  `exp_reward` int DEFAULT '200',
  `gold_reward` int DEFAULT '150',
  `display_order` int DEFAULT '0',
  PRIMARY KEY (`id`)
) ENGINE=InnoDB AUTO_INCREMENT=7 DEFAULT CHARSET=utf8mb4 COLLATE=utf8mb4_0900_ai_ci;
/*!40101 SET character_set_client = @saved_cs_client */;

--
-- Dumping data for table `boss_raid_configs`
--

LOCK TABLES `boss_raid_configs` WRITE;
/*!40000 ALTER TABLE `boss_raid_configs` DISABLE KEYS */;
INSERT INTO `boss_raid_configs` VALUES (1,'킹슬라임','슬라임 동굴의 왕. 끈적끈적한 촉수로 공격합니다.','slime_cave',20,4,2.5,4,350,250,1),(2,'골렘왕','지하 동굴의 지배자. 단단한 몸체가 특징입니다.','cave',25,5,3,5,550,400,2),(3,'도깨비대장','도깨비 무리의 우두머리. 방망이 일격에 주의하세요.','goblin',32,6,3.5,5,800,550,3),(4,'원혼군주','산악 지대의 악령. 강력한 저주 마법을 사용합니다.','mountain',40,7,4,6,1100,800,4),(5,'마왕','마계의 지배자. 압도적인 힘으로 모든 것을 파괴합니다.','demon',50,8.5,4.5,6,1600,1100,5),(6,'암흑룡','용의 둥지의 최강자. 어둠의 브레스가 치명적입니다.','dragon',60,10,5.5,7,2500,1700,6);
/*!40000 ALTER TABLE `boss_raid_configs` ENABLE KEYS */;
UNLOCK TABLES;

--
-- Table structure for table `boss_raid_daily`
--

DROP TABLE IF EXISTS `boss_raid_daily`;
/*!40101 SET @saved_cs_client     = @@character_set_client */;
/*!50503 SET character_set_client = utf8mb4 */;
CREATE TABLE `boss_raid_daily` (
  `id` int NOT NULL AUTO_INCREMENT,
  `character_id` int NOT NULL,
  `boss_config_id` int NOT NULL,
  `attempt_date` date NOT NULL,
  `cleared` tinyint(1) DEFAULT '0',
  PRIMARY KEY (`id`),
  UNIQUE KEY `unique_char_boss_date` (`character_id`,`boss_config_id`,`attempt_date`),
  KEY `boss_config_id` (`boss_config_id`),
  CONSTRAINT `boss_raid_daily_ibfk_1` FOREIGN KEY (`character_id`) REFERENCES `characters` (`id`) ON DELETE CASCADE,
  CONSTRAINT `boss_raid_daily_ibfk_2` FOREIGN KEY (`boss_config_id`) REFERENCES `boss_raid_configs` (`id`) ON DELETE CASCADE
) ENGINE=InnoDB DEFAULT CHARSET=utf8mb4 COLLATE=utf8mb4_0900_ai_ci;
/*!40101 SET character_set_client = @saved_cs_client */;

--
-- Dumping data for table `boss_raid_daily`
--

LOCK TABLES `boss_raid_daily` WRITE;
/*!40000 ALTER TABLE `boss_raid_daily` DISABLE KEYS */;
/*!40000 ALTER TABLE `boss_raid_daily` ENABLE KEYS */;
UNLOCK TABLES;

--
-- Table structure for table `character_daily_reset`
--

DROP TABLE IF EXISTS `character_daily_reset`;
/*!40101 SET @saved_cs_client     = @@character_set_client */;
/*!50503 SET character_set_client = utf8mb4 */;
CREATE TABLE `character_daily_reset` (
  `id` int NOT NULL AUTO_INCREMENT,
  `character_id` int NOT NULL,
  `last_reset` date NOT NULL,
  PRIMARY KEY (`id`),
  UNIQUE KEY `unique_char_daily` (`character_id`),
  CONSTRAINT `character_daily_reset_ibfk_1` FOREIGN KEY (`character_id`) REFERENCES `characters` (`id`) ON DELETE CASCADE
) ENGINE=InnoDB AUTO_INCREMENT=7 DEFAULT CHARSET=utf8mb4 COLLATE=utf8mb4_0900_ai_ci;
/*!40101 SET character_set_client = @saved_cs_client */;

--
-- Dumping data for table `character_daily_reset`
--

LOCK TABLES `character_daily_reset` WRITE;
/*!40000 ALTER TABLE `character_daily_reset` DISABLE KEYS */;
/*!40000 ALTER TABLE `character_daily_reset` ENABLE KEYS */;
UNLOCK TABLES;

--
-- Table structure for table `character_formations`
--

DROP TABLE IF EXISTS `character_formations`;
/*!40101 SET @saved_cs_client     = @@character_set_client */;
/*!50503 SET character_set_client = utf8mb4 */;
CREATE TABLE `character_formations` (
  `id` int NOT NULL AUTO_INCREMENT,
  `character_id` int NOT NULL,
  `slot_index` int NOT NULL DEFAULT '0',
  `name` varchar(50) NOT NULL DEFAULT '메인 진영',
  `grid_data` json NOT NULL,
  `is_default` tinyint DEFAULT '0',
  `created_at` timestamp NULL DEFAULT CURRENT_TIMESTAMP,
  `updated_at` timestamp NULL DEFAULT CURRENT_TIMESTAMP ON UPDATE CURRENT_TIMESTAMP,
  PRIMARY KEY (`id`),
  UNIQUE KEY `unique_char_slot` (`character_id`,`slot_index`),
  CONSTRAINT `character_formations_ibfk_1` FOREIGN KEY (`character_id`) REFERENCES `characters` (`id`) ON DELETE CASCADE
) ENGINE=InnoDB AUTO_INCREMENT=9 DEFAULT CHARSET=utf8mb4 COLLATE=utf8mb4_0900_ai_ci;
/*!40101 SET character_set_client = @saved_cs_client */;

--
-- Dumping data for table `character_formations`
--

LOCK TABLES `character_formations` WRITE;
/*!40000 ALTER TABLE `character_formations` DISABLE KEYS */;
INSERT INTO `character_formations` VALUES (8,19,0,'메인 진영','[[null, {\"icon\": \"/characters/monk_icon.png\", \"name\": \"삼장\", \"type\": \"player\", \"mercId\": null, \"unitId\": \"player\", \"summonId\": null, \"fallbackIcon\": \"⚔️\"}, null], [null, null, null], [null, null, null]]',1,'2026-03-07 15:55:38','2026-03-07 15:55:38');
/*!40000 ALTER TABLE `character_formations` ENABLE KEYS */;
UNLOCK TABLES;

--
-- Table structure for table `character_fortunes`
--

DROP TABLE IF EXISTS `character_fortunes`;
/*!40101 SET @saved_cs_client     = @@character_set_client */;
/*!50503 SET character_set_client = utf8mb4 */;
CREATE TABLE `character_fortunes` (
  `id` int NOT NULL AUTO_INCREMENT,
  `character_id` int NOT NULL,
  `fortune_type` enum('daily','divination','talisman','tarot') NOT NULL,
  `fortune_grade` varchar(30) DEFAULT '',
  `fortune_msg` varchar(200) DEFAULT '',
  `buff_type` varchar(20) DEFAULT NULL,
  `buff_value` int DEFAULT '0',
  `remaining_battles` int DEFAULT '0',
  `icon` varchar(10) DEFAULT '',
  `color` varchar(20) DEFAULT '',
  `created_at` timestamp NULL DEFAULT CURRENT_TIMESTAMP,
  PRIMARY KEY (`id`),
  KEY `character_id` (`character_id`),
  CONSTRAINT `character_fortunes_ibfk_1` FOREIGN KEY (`character_id`) REFERENCES `characters` (`id`) ON DELETE CASCADE
) ENGINE=InnoDB AUTO_INCREMENT=41 DEFAULT CHARSET=utf8mb4 COLLATE=utf8mb4_0900_ai_ci;
/*!40101 SET character_set_client = @saved_cs_client */;

--
-- Dumping data for table `character_fortunes`
--

LOCK TABLES `character_fortunes` WRITE;
/*!40000 ALTER TABLE `character_fortunes` DISABLE KEYS */;
INSERT INTO `character_fortunes` VALUES (40,19,'daily','흉','흉한 기운이 느껴집니다... 조심하십시오.',NULL,0,0,'🌧️','#f87171','2026-03-07 15:51:43');
/*!40000 ALTER TABLE `character_fortunes` ENABLE KEYS */;
UNLOCK TABLES;

--
-- Table structure for table `character_gacha_log`
--

DROP TABLE IF EXISTS `character_gacha_log`;
/*!40101 SET @saved_cs_client     = @@character_set_client */;
/*!50503 SET character_set_client = utf8mb4 */;
CREATE TABLE `character_gacha_log` (
  `id` int NOT NULL AUTO_INCREMENT,
  `character_id` int NOT NULL,
  `gacha_type` varchar(30) NOT NULL,
  `result_name` varchar(100) DEFAULT '',
  `result_grade` varchar(20) DEFAULT '',
  `result_detail` text,
  `created_at` timestamp NULL DEFAULT CURRENT_TIMESTAMP,
  PRIMARY KEY (`id`),
  KEY `character_id` (`character_id`),
  CONSTRAINT `character_gacha_log_ibfk_1` FOREIGN KEY (`character_id`) REFERENCES `characters` (`id`) ON DELETE CASCADE
) ENGINE=InnoDB DEFAULT CHARSET=utf8mb4 COLLATE=utf8mb4_0900_ai_ci;
/*!40101 SET character_set_client = @saved_cs_client */;

--
-- Dumping data for table `character_gacha_log`
--

LOCK TABLES `character_gacha_log` WRITE;
/*!40000 ALTER TABLE `character_gacha_log` DISABLE KEYS */;
/*!40000 ALTER TABLE `character_gacha_log` ENABLE KEYS */;
UNLOCK TABLES;

--
-- Table structure for table `character_gacha_tickets`
--

DROP TABLE IF EXISTS `character_gacha_tickets`;
/*!40101 SET @saved_cs_client     = @@character_set_client */;
/*!50503 SET character_set_client = utf8mb4 */;
CREATE TABLE `character_gacha_tickets` (
  `id` int NOT NULL AUTO_INCREMENT,
  `character_id` int NOT NULL,
  `ticket_type` varchar(30) NOT NULL,
  `quantity` int DEFAULT '0',
  PRIMARY KEY (`id`),
  UNIQUE KEY `unique_char_ticket` (`character_id`,`ticket_type`),
  CONSTRAINT `character_gacha_tickets_ibfk_1` FOREIGN KEY (`character_id`) REFERENCES `characters` (`id`) ON DELETE CASCADE
) ENGINE=InnoDB DEFAULT CHARSET=utf8mb4 COLLATE=utf8mb4_0900_ai_ci;
/*!40101 SET character_set_client = @saved_cs_client */;

--
-- Dumping data for table `character_gacha_tickets`
--

LOCK TABLES `character_gacha_tickets` WRITE;
/*!40000 ALTER TABLE `character_gacha_tickets` DISABLE KEYS */;
/*!40000 ALTER TABLE `character_gacha_tickets` ENABLE KEYS */;
UNLOCK TABLES;

--
-- Table structure for table `character_mercenaries`
--

DROP TABLE IF EXISTS `character_mercenaries`;
/*!40101 SET @saved_cs_client     = @@character_set_client */;
/*!50503 SET character_set_client = utf8mb4 */;
CREATE TABLE `character_mercenaries` (
  `id` int NOT NULL AUTO_INCREMENT,
  `character_id` int NOT NULL,
  `template_id` int NOT NULL,
  `name` varchar(50) NOT NULL,
  `level` int DEFAULT '1',
  `exp` int DEFAULT '0',
  `hp` int DEFAULT '0',
  `mp` int DEFAULT '0',
  `phys_attack` int DEFAULT '0',
  `phys_defense` int DEFAULT '0',
  `mag_attack` int DEFAULT '0',
  `mag_defense` int DEFAULT '0',
  `crit_rate` int DEFAULT '5',
  `evasion` int DEFAULT '3',
  `fatigue` int DEFAULT '7',
  `max_fatigue` int DEFAULT '7',
  `last_fatigue_recovery` datetime DEFAULT CURRENT_TIMESTAMP,
  PRIMARY KEY (`id`),
  KEY `character_id` (`character_id`),
  KEY `template_id` (`template_id`),
  CONSTRAINT `character_mercenaries_ibfk_1` FOREIGN KEY (`character_id`) REFERENCES `characters` (`id`) ON DELETE CASCADE,
  CONSTRAINT `character_mercenaries_ibfk_2` FOREIGN KEY (`template_id`) REFERENCES `mercenary_templates` (`id`)
) ENGINE=InnoDB AUTO_INCREMENT=8 DEFAULT CHARSET=utf8mb4 COLLATE=utf8mb4_0900_ai_ci;
/*!40101 SET character_set_client = @saved_cs_client */;

--
-- Dumping data for table `character_mercenaries`
--

LOCK TABLES `character_mercenaries` WRITE;
/*!40000 ALTER TABLE `character_mercenaries` DISABLE KEYS */;
/*!40000 ALTER TABLE `character_mercenaries` ENABLE KEYS */;
UNLOCK TABLES;

--
-- Table structure for table `character_quests`
--

DROP TABLE IF EXISTS `character_quests`;
/*!40101 SET @saved_cs_client     = @@character_set_client */;
/*!50503 SET character_set_client = utf8mb4 */;
CREATE TABLE `character_quests` (
  `id` int NOT NULL AUTO_INCREMENT,
  `character_id` int NOT NULL,
  `quest_id` int NOT NULL,
  `status` enum('active','completed','rewarded') NOT NULL DEFAULT 'active',
  `progress` int DEFAULT '0',
  `accepted_at` timestamp NULL DEFAULT CURRENT_TIMESTAMP,
  `completed_at` timestamp NULL DEFAULT NULL,
  PRIMARY KEY (`id`),
  UNIQUE KEY `unique_char_quest` (`character_id`,`quest_id`),
  KEY `quest_id` (`quest_id`),
  CONSTRAINT `character_quests_ibfk_1` FOREIGN KEY (`character_id`) REFERENCES `characters` (`id`) ON DELETE CASCADE,
  CONSTRAINT `character_quests_ibfk_2` FOREIGN KEY (`quest_id`) REFERENCES `quests` (`id`)
) ENGINE=InnoDB AUTO_INCREMENT=138 DEFAULT CHARSET=utf8mb4 COLLATE=utf8mb4_0900_ai_ci;
/*!40101 SET character_set_client = @saved_cs_client */;

--
-- Dumping data for table `character_quests`
--

LOCK TABLES `character_quests` WRITE;
/*!40000 ALTER TABLE `character_quests` DISABLE KEYS */;
/*!40000 ALTER TABLE `character_quests` ENABLE KEYS */;
UNLOCK TABLES;

--
-- Table structure for table `character_skill_nodes`
--

DROP TABLE IF EXISTS `character_skill_nodes`;
/*!40101 SET @saved_cs_client     = @@character_set_client */;
/*!50503 SET character_set_client = utf8mb4 */;
CREATE TABLE `character_skill_nodes` (
  `id` int NOT NULL AUTO_INCREMENT,
  `character_id` int NOT NULL,
  `node_id` int NOT NULL,
  PRIMARY KEY (`id`),
  UNIQUE KEY `unique_char_node` (`character_id`,`node_id`),
  KEY `node_id` (`node_id`),
  CONSTRAINT `character_skill_nodes_ibfk_1` FOREIGN KEY (`character_id`) REFERENCES `characters` (`id`) ON DELETE CASCADE,
  CONSTRAINT `character_skill_nodes_ibfk_2` FOREIGN KEY (`node_id`) REFERENCES `skill_tree_nodes` (`id`) ON DELETE CASCADE
) ENGINE=InnoDB AUTO_INCREMENT=42 DEFAULT CHARSET=utf8mb4 COLLATE=utf8mb4_0900_ai_ci;
/*!40101 SET character_set_client = @saved_cs_client */;

--
-- Dumping data for table `character_skill_nodes`
--

LOCK TABLES `character_skill_nodes` WRITE;
/*!40000 ALTER TABLE `character_skill_nodes` DISABLE KEYS */;
INSERT INTO `character_skill_nodes` VALUES (37,19,43),(40,19,44),(41,19,45),(39,19,50),(38,19,57);
/*!40000 ALTER TABLE `character_skill_nodes` ENABLE KEYS */;
UNLOCK TABLES;

--
-- Table structure for table `character_skills`
--

DROP TABLE IF EXISTS `character_skills`;
/*!40101 SET @saved_cs_client     = @@character_set_client */;
/*!50503 SET character_set_client = utf8mb4 */;
CREATE TABLE `character_skills` (
  `id` int NOT NULL AUTO_INCREMENT,
  `character_id` int NOT NULL,
  `skill_id` int NOT NULL,
  PRIMARY KEY (`id`),
  UNIQUE KEY `unique_char_skill` (`character_id`,`skill_id`),
  KEY `skill_id` (`skill_id`),
  CONSTRAINT `character_skills_ibfk_1` FOREIGN KEY (`character_id`) REFERENCES `characters` (`id`) ON DELETE CASCADE,
  CONSTRAINT `character_skills_ibfk_2` FOREIGN KEY (`skill_id`) REFERENCES `skills` (`id`)
) ENGINE=InnoDB AUTO_INCREMENT=11 DEFAULT CHARSET=utf8mb4 COLLATE=utf8mb4_0900_ai_ci;
/*!40101 SET character_set_client = @saved_cs_client */;

--
-- Dumping data for table `character_skills`
--

LOCK TABLES `character_skills` WRITE;
/*!40000 ALTER TABLE `character_skills` DISABLE KEYS */;
/*!40000 ALTER TABLE `character_skills` ENABLE KEYS */;
UNLOCK TABLES;

--
-- Table structure for table `character_stage_clear`
--

DROP TABLE IF EXISTS `character_stage_clear`;
/*!40101 SET @saved_cs_client     = @@character_set_client */;
/*!50503 SET character_set_client = utf8mb4 */;
CREATE TABLE `character_stage_clear` (
  `id` int NOT NULL AUTO_INCREMENT,
  `character_id` int NOT NULL,
  `group_id` int NOT NULL,
  `stage_number` int NOT NULL DEFAULT '0',
  `stars` int DEFAULT '0',
  `cleared_at` timestamp NULL DEFAULT NULL,
  PRIMARY KEY (`id`),
  UNIQUE KEY `unique_char_group` (`character_id`,`group_id`),
  KEY `group_id` (`group_id`),
  CONSTRAINT `character_stage_clear_ibfk_1` FOREIGN KEY (`character_id`) REFERENCES `characters` (`id`) ON DELETE CASCADE,
  CONSTRAINT `character_stage_clear_ibfk_2` FOREIGN KEY (`group_id`) REFERENCES `stage_groups` (`id`) ON DELETE CASCADE
) ENGINE=InnoDB AUTO_INCREMENT=14 DEFAULT CHARSET=utf8mb4 COLLATE=utf8mb4_0900_ai_ci;
/*!40101 SET character_set_client = @saved_cs_client */;

--
-- Dumping data for table `character_stage_clear`
--

LOCK TABLES `character_stage_clear` WRITE;
/*!40000 ALTER TABLE `character_stage_clear` DISABLE KEYS */;
INSERT INTO `character_stage_clear` VALUES (13,19,1,6,1,'2026-03-07 23:10:45');
/*!40000 ALTER TABLE `character_stage_clear` ENABLE KEYS */;
UNLOCK TABLES;

--
-- Table structure for table `character_stage_progress`
--

DROP TABLE IF EXISTS `character_stage_progress`;
/*!40101 SET @saved_cs_client     = @@character_set_client */;
/*!50503 SET character_set_client = utf8mb4 */;
CREATE TABLE `character_stage_progress` (
  `id` int NOT NULL AUTO_INCREMENT,
  `character_id` int NOT NULL,
  `dungeon_id` int NOT NULL,
  `stage_number` int NOT NULL DEFAULT '0',
  `cleared` tinyint(1) DEFAULT '0',
  `cleared_at` timestamp NULL DEFAULT NULL,
  PRIMARY KEY (`id`),
  UNIQUE KEY `unique_char_dungeon` (`character_id`,`dungeon_id`),
  KEY `dungeon_id` (`dungeon_id`),
  CONSTRAINT `character_stage_progress_ibfk_1` FOREIGN KEY (`character_id`) REFERENCES `characters` (`id`) ON DELETE CASCADE,
  CONSTRAINT `character_stage_progress_ibfk_2` FOREIGN KEY (`dungeon_id`) REFERENCES `dungeons` (`id`) ON DELETE CASCADE
) ENGINE=InnoDB AUTO_INCREMENT=10 DEFAULT CHARSET=utf8mb4 COLLATE=utf8mb4_0900_ai_ci;
/*!40101 SET character_set_client = @saved_cs_client */;

--
-- Dumping data for table `character_stage_progress`
--

LOCK TABLES `character_stage_progress` WRITE;
/*!40000 ALTER TABLE `character_stage_progress` DISABLE KEYS */;
INSERT INTO `character_stage_progress` VALUES (9,19,4,2,1,'2026-03-08 00:39:51');
/*!40000 ALTER TABLE `character_stage_progress` ENABLE KEYS */;
UNLOCK TABLES;

--
-- Table structure for table `character_summons`
--

DROP TABLE IF EXISTS `character_summons`;
/*!40101 SET @saved_cs_client     = @@character_set_client */;
/*!50503 SET character_set_client = utf8mb4 */;
CREATE TABLE `character_summons` (
  `id` int NOT NULL AUTO_INCREMENT,
  `character_id` int NOT NULL,
  `template_id` int NOT NULL,
  `level` int DEFAULT '1',
  `exp` int DEFAULT '0',
  `hp` int DEFAULT '0',
  `mp` int DEFAULT '0',
  `attack` int DEFAULT '0',
  `defense` int DEFAULT '0',
  `phys_attack` int DEFAULT '0',
  `phys_defense` int DEFAULT '0',
  `mag_attack` int DEFAULT '0',
  `mag_defense` int DEFAULT '0',
  `crit_rate` int DEFAULT '0',
  `evasion` int DEFAULT '0',
  PRIMARY KEY (`id`),
  UNIQUE KEY `unique_char_summon` (`character_id`,`template_id`),
  KEY `template_id` (`template_id`),
  CONSTRAINT `character_summons_ibfk_1` FOREIGN KEY (`character_id`) REFERENCES `characters` (`id`) ON DELETE CASCADE,
  CONSTRAINT `character_summons_ibfk_2` FOREIGN KEY (`template_id`) REFERENCES `summon_templates` (`id`)
) ENGINE=InnoDB AUTO_INCREMENT=12 DEFAULT CHARSET=utf8mb4 COLLATE=utf8mb4_0900_ai_ci;
/*!40101 SET character_set_client = @saved_cs_client */;

--
-- Dumping data for table `character_summons`
--

LOCK TABLES `character_summons` WRITE;
/*!40000 ALTER TABLE `character_summons` DISABLE KEYS */;
/*!40000 ALTER TABLE `character_summons` ENABLE KEYS */;
UNLOCK TABLES;

--
-- Table structure for table `character_tarot_collection`
--

DROP TABLE IF EXISTS `character_tarot_collection`;
/*!40101 SET @saved_cs_client     = @@character_set_client */;
/*!50503 SET character_set_client = utf8mb4 */;
CREATE TABLE `character_tarot_collection` (
  `id` int NOT NULL AUTO_INCREMENT,
  `character_id` int NOT NULL,
  `card_index` int NOT NULL,
  `discovered_at` timestamp NULL DEFAULT CURRENT_TIMESTAMP,
  PRIMARY KEY (`id`),
  UNIQUE KEY `unique_char_card` (`character_id`,`card_index`),
  CONSTRAINT `character_tarot_collection_ibfk_1` FOREIGN KEY (`character_id`) REFERENCES `characters` (`id`) ON DELETE CASCADE
) ENGINE=InnoDB AUTO_INCREMENT=53 DEFAULT CHARSET=utf8mb4 COLLATE=utf8mb4_0900_ai_ci;
/*!40101 SET character_set_client = @saved_cs_client */;

--
-- Dumping data for table `character_tarot_collection`
--

LOCK TABLES `character_tarot_collection` WRITE;
/*!40000 ALTER TABLE `character_tarot_collection` DISABLE KEYS */;
/*!40000 ALTER TABLE `character_tarot_collection` ENABLE KEYS */;
UNLOCK TABLES;

--
-- Table structure for table `character_tarot_readings`
--

DROP TABLE IF EXISTS `character_tarot_readings`;
/*!40101 SET @saved_cs_client     = @@character_set_client */;
/*!50503 SET character_set_client = utf8mb4 */;
CREATE TABLE `character_tarot_readings` (
  `id` int NOT NULL AUTO_INCREMENT,
  `character_id` int NOT NULL,
  `spread_type` varchar(20) DEFAULT 'three',
  `card1_index` int NOT NULL,
  `card1_reversed` tinyint(1) DEFAULT '0',
  `card2_index` int DEFAULT '0',
  `card2_reversed` tinyint(1) DEFAULT '0',
  `card3_index` int DEFAULT '0',
  `card3_reversed` tinyint(1) DEFAULT '0',
  `buff_type` varchar(20) DEFAULT NULL,
  `buff_value` int DEFAULT '0',
  `gold_cost` int DEFAULT '0',
  `created_at` timestamp NULL DEFAULT CURRENT_TIMESTAMP,
  PRIMARY KEY (`id`),
  KEY `character_id` (`character_id`),
  CONSTRAINT `character_tarot_readings_ibfk_1` FOREIGN KEY (`character_id`) REFERENCES `characters` (`id`) ON DELETE CASCADE
) ENGINE=InnoDB AUTO_INCREMENT=17 DEFAULT CHARSET=utf8mb4 COLLATE=utf8mb4_0900_ai_ci;
/*!40101 SET character_set_client = @saved_cs_client */;

--
-- Dumping data for table `character_tarot_readings`
--

LOCK TABLES `character_tarot_readings` WRITE;
/*!40000 ALTER TABLE `character_tarot_readings` DISABLE KEYS */;
/*!40000 ALTER TABLE `character_tarot_readings` ENABLE KEYS */;
UNLOCK TABLES;

--
-- Table structure for table `character_tickets`
--

DROP TABLE IF EXISTS `character_tickets`;
/*!40101 SET @saved_cs_client     = @@character_set_client */;
/*!50503 SET character_set_client = utf8mb4 */;
CREATE TABLE `character_tickets` (
  `id` int NOT NULL AUTO_INCREMENT,
  `character_id` int NOT NULL,
  `ticket_id` int NOT NULL,
  `quantity` int DEFAULT '0',
  PRIMARY KEY (`id`),
  UNIQUE KEY `unique_char_ticket` (`character_id`,`ticket_id`),
  KEY `ticket_id` (`ticket_id`),
  CONSTRAINT `character_tickets_ibfk_1` FOREIGN KEY (`character_id`) REFERENCES `characters` (`id`) ON DELETE CASCADE,
  CONSTRAINT `character_tickets_ibfk_2` FOREIGN KEY (`ticket_id`) REFERENCES `dungeon_tickets` (`id`)
) ENGINE=InnoDB AUTO_INCREMENT=59 DEFAULT CHARSET=utf8mb4 COLLATE=utf8mb4_0900_ai_ci;
/*!40101 SET character_set_client = @saved_cs_client */;

--
-- Dumping data for table `character_tickets`
--

LOCK TABLES `character_tickets` WRITE;
/*!40000 ALTER TABLE `character_tickets` DISABLE KEYS */;
INSERT INTO `character_tickets` VALUES (48,19,2,5),(51,19,1,1);
/*!40000 ALTER TABLE `character_tickets` ENABLE KEYS */;
UNLOCK TABLES;

--
-- Table structure for table `characters`
--

DROP TABLE IF EXISTS `characters`;
/*!40101 SET @saved_cs_client     = @@character_set_client */;
/*!50503 SET character_set_client = utf8mb4 */;
CREATE TABLE `characters` (
  `id` int NOT NULL AUTO_INCREMENT,
  `user_id` int NOT NULL,
  `name` varchar(50) NOT NULL,
  `class_type` enum('풍수사','무당','승려','저승사자') NOT NULL,
  `level` int DEFAULT '1',
  `hp` int DEFAULT '100',
  `mp` int DEFAULT '50',
  `attack` int DEFAULT '10',
  `defense` int DEFAULT '5',
  `created_at` timestamp NULL DEFAULT CURRENT_TIMESTAMP,
  `updated_at` timestamp NULL DEFAULT CURRENT_TIMESTAMP ON UPDATE CURRENT_TIMESTAMP,
  `exp` int DEFAULT '0',
  `gold` int DEFAULT '0',
  `current_hp` int DEFAULT NULL,
  `current_mp` int DEFAULT NULL,
  `phys_attack` int DEFAULT '10',
  `phys_defense` int DEFAULT '5',
  `mag_attack` int DEFAULT '5',
  `mag_defense` int DEFAULT '3',
  `crit_rate` int DEFAULT '5',
  `evasion` int DEFAULT '3',
  `element` enum('fire','water','earth','wind','neutral') DEFAULT 'neutral',
  `skill_points` int DEFAULT '0',
  `total_skill_points` int DEFAULT '0',
  `stamina` int DEFAULT '10',
  `max_stamina` int DEFAULT '10',
  `last_stamina_time` timestamp NULL DEFAULT CURRENT_TIMESTAMP,
  `prologue_cleared` tinyint DEFAULT '0',
  PRIMARY KEY (`id`),
  UNIQUE KEY `name` (`name`),
  KEY `user_id` (`user_id`),
  CONSTRAINT `characters_ibfk_1` FOREIGN KEY (`user_id`) REFERENCES `users` (`id`) ON DELETE CASCADE
) ENGINE=InnoDB AUTO_INCREMENT=21 DEFAULT CHARSET=utf8mb4 COLLATE=utf8mb4_0900_ai_ci;
/*!40101 SET character_set_client = @saved_cs_client */;

--
-- Dumping data for table `characters`
--

LOCK TABLES `characters` WRITE;
/*!40000 ALTER TABLE `characters` DISABLE KEYS */;
INSERT INTO `characters` VALUES (19,1,'삼장','승려',8,244,96,39,35,'2026-03-07 15:48:34','2026-03-08 01:10:06',462,2413,120,0,35,30,7,11,6,3,'earth',1,8,17,17,'2026-03-08 01:09:43',1),(20,1,'vgam','풍수사',1,80,120,15,5,'2026-03-08 03:02:04','2026-03-08 03:02:04',0,0,NULL,NULL,5,3,14,6,5,5,'wind',1,1,15,15,'2026-03-08 03:02:04',0);
/*!40000 ALTER TABLE `characters` ENABLE KEYS */;
UNLOCK TABLES;

--
-- Table structure for table `class_growth_rates`
--

DROP TABLE IF EXISTS `class_growth_rates`;
/*!40101 SET @saved_cs_client     = @@character_set_client */;
/*!50503 SET character_set_client = utf8mb4 */;
CREATE TABLE `class_growth_rates` (
  `id` int NOT NULL AUTO_INCREMENT,
  `class_type` varchar(20) NOT NULL,
  `hp_per_level` float NOT NULL DEFAULT '10',
  `mp_per_level` float NOT NULL DEFAULT '5',
  `attack_per_level` float NOT NULL DEFAULT '2',
  `defense_per_level` float NOT NULL DEFAULT '1',
  `phys_attack_per_level` float NOT NULL DEFAULT '2',
  `phys_defense_per_level` float NOT NULL DEFAULT '1',
  `mag_attack_per_level` float NOT NULL DEFAULT '1',
  `mag_defense_per_level` float NOT NULL DEFAULT '1',
  `crit_rate_per_10level` float NOT NULL DEFAULT '1',
  `evasion_per_10level` float NOT NULL DEFAULT '1',
  PRIMARY KEY (`id`),
  UNIQUE KEY `unique_class` (`class_type`)
) ENGINE=InnoDB AUTO_INCREMENT=4 DEFAULT CHARSET=utf8mb4 COLLATE=utf8mb4_0900_ai_ci;
/*!40101 SET character_set_client = @saved_cs_client */;

--
-- Dumping data for table `class_growth_rates`
--

LOCK TABLES `class_growth_rates` WRITE;
/*!40000 ALTER TABLE `class_growth_rates` DISABLE KEYS */;
INSERT INTO `class_growth_rates` VALUES (1,'풍수사',8,7,2,1,0.8,0.5,2.5,2,1,2),(2,'무당',9,6,2,1.5,1.5,1,2,1.5,2,2),(3,'승려',12,3,2.5,2,2.5,2,0.5,0.5,2,1);
/*!40000 ALTER TABLE `class_growth_rates` ENABLE KEYS */;
UNLOCK TABLES;

--
-- Table structure for table `content_charges`
--

DROP TABLE IF EXISTS `content_charges`;
/*!40101 SET @saved_cs_client     = @@character_set_client */;
/*!50503 SET character_set_client = utf8mb4 */;
CREATE TABLE `content_charges` (
  `id` int NOT NULL AUTO_INCREMENT,
  `character_id` int NOT NULL,
  `content_type` varchar(50) NOT NULL,
  `charges` int DEFAULT '3',
  `max_charges` int DEFAULT '3',
  `last_recharged_at` timestamp NULL DEFAULT CURRENT_TIMESTAMP,
  PRIMARY KEY (`id`),
  UNIQUE KEY `unique_char_content` (`character_id`,`content_type`),
  CONSTRAINT `content_charges_ibfk_1` FOREIGN KEY (`character_id`) REFERENCES `characters` (`id`) ON DELETE CASCADE
) ENGINE=InnoDB AUTO_INCREMENT=19 DEFAULT CHARSET=utf8mb4 COLLATE=utf8mb4_0900_ai_ci;
/*!40101 SET character_set_client = @saved_cs_client */;

--
-- Dumping data for table `content_charges`
--

LOCK TABLES `content_charges` WRITE;
/*!40000 ALTER TABLE `content_charges` DISABLE KEYS */;
INSERT INTO `content_charges` VALUES (10,19,'stage_gojoseon_1',0,3,'2026-03-07 23:37:54'),(11,19,'stage_gojoseon_2',0,3,'2026-03-08 00:33:10'),(12,19,'stage_gojoseon_3',0,3,'2026-03-08 00:36:05'),(13,19,'stage_gojoseon_4',1,3,'2026-03-07 23:09:13'),(14,19,'stage_gojoseon_5',3,3,'2026-03-07 23:09:13'),(15,19,'stage_gojoseon_6',2,3,'2026-03-07 23:09:48'),(16,19,'stage_gojoseon_7',2,3,'2026-03-07 23:11:06'),(17,19,'dungeon_forest_1',0,3,'2026-03-08 00:37:45'),(18,19,'dungeon_forest_2',1,3,'2026-03-08 00:39:22');
/*!40000 ALTER TABLE `content_charges` ENABLE KEYS */;
UNLOCK TABLES;

--
-- Table structure for table `crafting_recipes`
--

DROP TABLE IF EXISTS `crafting_recipes`;
/*!40101 SET @saved_cs_client     = @@character_set_client */;
/*!50503 SET character_set_client = utf8mb4 */;
CREATE TABLE `crafting_recipes` (
  `id` int NOT NULL AUTO_INCREMENT,
  `result_item_id` int NOT NULL,
  `gold_cost` int DEFAULT '100',
  `required_level` int DEFAULT '1',
  PRIMARY KEY (`id`),
  KEY `result_item_id` (`result_item_id`),
  CONSTRAINT `crafting_recipes_ibfk_1` FOREIGN KEY (`result_item_id`) REFERENCES `items` (`id`)
) ENGINE=InnoDB AUTO_INCREMENT=67 DEFAULT CHARSET=utf8mb4 COLLATE=utf8mb4_0900_ai_ci;
/*!40101 SET character_set_client = @saved_cs_client */;

--
-- Dumping data for table `crafting_recipes`
--

LOCK TABLES `crafting_recipes` WRITE;
/*!40000 ALTER TABLE `crafting_recipes` DISABLE KEYS */;
INSERT INTO `crafting_recipes` VALUES (1,221,2000,1),(2,222,6000,3),(3,214,2500,1),(4,215,7000,3),(5,1,1500,1),(6,2,5000,3),(7,4,1500,1),(8,5,5000,3),(9,7,1500,1),(10,8,5000,3),(11,10,1800,1),(12,11,6000,3),(13,19,1000,1),(14,20,3500,3),(15,22,900,1),(16,23,3000,3),(17,31,1200,1),(18,32,4000,3),(19,25,1500,1),(20,26,5000,3),(21,28,1300,1),(22,29,4500,3),(23,223,20000,6),(24,216,22000,6),(25,3,18000,6),(26,6,18000,6),(27,9,18000,6),(28,12,25000,6),(29,21,15000,6),(30,24,12000,6),(31,33,16000,6),(32,27,15000,6),(33,30,18000,6),(34,1699,50000,8),(35,1700,55000,8),(36,1701,50000,8),(37,1702,50000,8),(38,1703,50000,8),(39,1704,40000,8),(40,1705,25000,8),(41,1706,22000,8),(42,1707,30000,8),(43,1708,35000,8),(44,1709,38000,8),(45,1710,200000,13),(46,1711,220000,13),(47,1712,200000,13),(48,1713,200000,13),(49,1714,200000,13),(50,1715,180000,13),(51,1716,120000,13),(52,1717,100000,13),(53,1718,150000,13),(54,1719,150000,13),(55,1720,160000,13),(56,1821,9000,4),(57,1822,10000,5),(58,1823,9000,5),(59,1824,8000,4),(60,1825,9000,5),(61,1826,8000,5),(62,1827,5000,5),(63,1828,4000,4),(64,1829,6000,5),(65,1830,6500,4),(66,1831,5500,5);
/*!40000 ALTER TABLE `crafting_recipes` ENABLE KEYS */;
UNLOCK TABLES;

--
-- Table structure for table `db_flags`
--

DROP TABLE IF EXISTS `db_flags`;
/*!40101 SET @saved_cs_client     = @@character_set_client */;
/*!50503 SET character_set_client = utf8mb4 */;
CREATE TABLE `db_flags` (
  `flag_name` varchar(50) NOT NULL,
  `applied_at` timestamp NULL DEFAULT CURRENT_TIMESTAMP,
  PRIMARY KEY (`flag_name`)
) ENGINE=InnoDB DEFAULT CHARSET=utf8mb4 COLLATE=utf8mb4_0900_ai_ci;
/*!40101 SET character_set_client = @saved_cs_client */;

--
-- Dumping data for table `db_flags`
--

LOCK TABLES `db_flags` WRITE;
/*!40000 ALTER TABLE `db_flags` DISABLE KEYS */;
INSERT INTO `db_flags` VALUES ('monster_balance_v4','2026-03-07 15:01:27');
/*!40000 ALTER TABLE `db_flags` ENABLE KEYS */;
UNLOCK TABLES;

--
-- Table structure for table `dungeon_stages`
--

DROP TABLE IF EXISTS `dungeon_stages`;
/*!40101 SET @saved_cs_client     = @@character_set_client */;
/*!50503 SET character_set_client = utf8mb4 */;
CREATE TABLE `dungeon_stages` (
  `id` int NOT NULL AUTO_INCREMENT,
  `dungeon_id` int NOT NULL,
  `stage_number` int NOT NULL,
  `name` varchar(100) NOT NULL,
  `is_boss` tinyint(1) DEFAULT '0',
  `monster_count` int DEFAULT '3',
  `monster_level_bonus` int DEFAULT '0',
  `reward_exp_bonus` int DEFAULT '0',
  `reward_gold_bonus` int DEFAULT '0',
  `map_width` int DEFAULT '10',
  `map_height` int DEFAULT '10',
  `base_tile_type` varchar(20) DEFAULT 'grass',
  `tile_overrides` json DEFAULT NULL,
  `player_spawns` json DEFAULT NULL,
  `monster_spawns` json DEFAULT NULL,
  `description` varchar(500) DEFAULT NULL,
  PRIMARY KEY (`id`),
  UNIQUE KEY `unique_dungeon_stage` (`dungeon_id`,`stage_number`),
  CONSTRAINT `dungeon_stages_ibfk_1` FOREIGN KEY (`dungeon_id`) REFERENCES `dungeons` (`id`) ON DELETE CASCADE
) ENGINE=InnoDB AUTO_INCREMENT=321 DEFAULT CHARSET=utf8mb4 COLLATE=utf8mb4_0900_ai_ci;
/*!40101 SET character_set_client = @saved_cs_client */;

--
-- Dumping data for table `dungeon_stages`
--

LOCK TABLES `dungeon_stages` WRITE;
/*!40000 ALTER TABLE `dungeon_stages` DISABLE KEYS */;
INSERT INTO `dungeon_stages` VALUES (61,5,1,'폐광 입구',0,1,0,5,3,8,8,'stone','[{\"type\": \"dirt\", \"coords\": [[0, 0], [1, 0], [0, 1]], \"height\": 0}, {\"type\": \"stone\", \"coords\": [[3, 3], [4, 3], [3, 4], [4, 4]], \"height\": 1}, {\"type\": \"stone\", \"coords\": [[6, 6], [7, 6], [6, 7]], \"height\": 1}]','[{\"x\": 0, \"z\": 0}, {\"x\": 1, \"z\": 0}, {\"x\": 0, \"z\": 1}]','[{\"x\": 7, \"z\": 7}, {\"x\": 6, \"z\": 7}]','곡괭이 자국이 남아있는 버려진 광산 입구. 녹슨 광차가 방치되어 있고, 벽면에 횃불이 깜빡인다.'),(62,5,2,'광맥 터널',0,1,1,10,6,6,12,'stone','[{\"type\": \"stone\", \"coords\": [[0, 0], [0, 1], [0, 2], [0, 3], [0, 4], [0, 5], [0, 6], [0, 7], [0, 8], [0, 9], [0, 10], [0, 11]], \"height\": 3}, {\"type\": \"stone\", \"coords\": [[5, 0], [5, 1], [5, 2], [5, 3], [5, 4], [5, 5], [5, 6], [5, 7], [5, 8], [5, 9], [5, 10], [5, 11]], \"height\": 3}, {\"type\": \"stone\", \"coords\": [[2, 5], [3, 5]], \"height\": 1}, {\"type\": \"water\", \"coords\": [[2, 8], [3, 8]], \"height\": 0}]','[{\"x\": 2, \"z\": 0}, {\"x\": 3, \"z\": 0}, {\"x\": 2, \"z\": 1}]','[{\"x\": 2, \"z\": 11}, {\"x\": 3, \"z\": 11}]','빛나는 광물 맥이 벽을 따라 흐르는 좁은 터널. 지하 시내물 소리가 고요를 깬다.'),(63,5,3,'세 갈래 갈림길',0,2,1,15,9,10,10,'stone','[{\"type\": \"water\", \"coords\": [[3, 3], [4, 3], [5, 3], [6, 3], [3, 4], [4, 4], [5, 4], [6, 4], [3, 5], [4, 5], [5, 5], [6, 5], [3, 6], [4, 6], [5, 6], [6, 6]], \"height\": 0}, {\"type\": \"stone\", \"coords\": [[2, 2], [2, 7], [7, 2], [7, 7]], \"height\": 2}, {\"type\": \"dirt\", \"coords\": [[1, 4], [1, 5], [8, 4], [8, 5]], \"height\": 1}]','[{\"x\": 0, \"z\": 0}, {\"x\": 1, \"z\": 0}, {\"x\": 0, \"z\": 1}]','[{\"x\": 9, \"z\": 9}, {\"x\": 8, \"z\": 9}, {\"x\": 9, \"z\": 8}]','세 개의 어두운 터널로 갈라지는 교차로. 고대인이 새긴 방향 표시가 희미하게 남아있다.'),(64,5,4,'지하 호수',0,2,2,20,12,10,9,'stone','[{\"type\": \"dirt\", \"coords\": [[2, 2], [5, 1], [8, 3], [1, 6], [4, 5], [7, 7]], \"height\": 1}, {\"type\": \"stone\", \"coords\": [[3, 4], [6, 4]], \"height\": 2}, {\"type\": \"water\", \"coords\": [[0, 8], [1, 8], [9, 0], [9, 1]], \"height\": 0}]','[{\"x\": 0, \"z\": 0}, {\"x\": 1, \"z\": 0}, {\"x\": 0, \"z\": 1}]','[{\"x\": 9, \"z\": 8}, {\"x\": 8, \"z\": 8}, {\"x\": 9, \"z\": 7}]','수정처럼 맑은 물이 차있는 지하 호수. 눈 없는 물고기가 헤엄치고, 푸른 빛이 수면을 비춘다.'),(65,5,5,'붕괴 구간',0,2,2,25,15,10,10,'stone','[{\"type\": \"stone\", \"coords\": [[3, 0], [3, 1], [3, 2], [3, 3]], \"height\": 3}, {\"type\": \"stone\", \"coords\": [[6, 6], [6, 7], [6, 8], [6, 9]], \"height\": 3}, {\"type\": \"dirt\", \"coords\": [[4, 1], [5, 1], [4, 2], [5, 2]], \"height\": 1}, {\"type\": \"dirt\", \"coords\": [[7, 7], [8, 7], [7, 8], [8, 8]], \"height\": 1}, {\"type\": \"water\", \"coords\": [[1, 5], [2, 5]], \"height\": 0}, {\"type\": \"stone\", \"coords\": [[8, 4], [9, 4]], \"height\": 2}]','[{\"x\": 0, \"z\": 0}, {\"x\": 1, \"z\": 0}, {\"x\": 0, \"z\": 1}, {\"x\": 1, \"z\": 1}]','[{\"x\": 9, \"z\": 9}, {\"x\": 8, \"z\": 9}, {\"x\": 9, \"z\": 8}]','천장이 무너져 잔해가 쌓인 구간. 좁은 틈을 통과해야 하며, 먼지가 빛 속에서 떠다닌다.'),(66,5,6,'지하 폭포',0,3,3,30,18,10,10,'stone','[{\"type\": \"stone\", \"coords\": [[2, 2], [3, 2], [2, 3]], \"height\": 3}, {\"type\": \"stone\", \"coords\": [[7, 2], [7, 3], [8, 2]], \"height\": 3}, {\"type\": \"stone\", \"coords\": [[2, 7], [3, 7], [2, 8]], \"height\": 3}, {\"type\": \"stone\", \"coords\": [[7, 7], [7, 8], [8, 7]], \"height\": 3}, {\"type\": \"stone\", \"coords\": [[4, 4], [5, 4], [4, 5], [5, 5]], \"height\": 2}, {\"type\": \"stone\", \"coords\": [[4, 3], [5, 3], [3, 4], [6, 4], [3, 5], [6, 5], [4, 6], [5, 6]], \"height\": 1}]','[{\"x\": 0, \"z\": 0}, {\"x\": 1, \"z\": 0}, {\"x\": 0, \"z\": 1}, {\"x\": 1, \"z\": 1}]','[{\"x\": 9, \"z\": 9}, {\"x\": 8, \"z\": 9}, {\"x\": 9, \"z\": 8}, {\"x\": 8, \"z\": 8}]','거대한 지하 폭포가 쏟아지는 대공동. 오래된 돌다리가 심연 위를 가로지른다.'),(67,5,7,'화석 벽',0,3,3,35,21,10,10,'stone','[{\"type\": \"water\", \"coords\": [[2, 4], [3, 4], [4, 4], [5, 4], [6, 4], [7, 4]], \"height\": 0}, {\"type\": \"water\", \"coords\": [[2, 5], [3, 5], [4, 5], [5, 5], [6, 5], [7, 5]], \"height\": 0}, {\"type\": \"dirt\", \"coords\": [[0, 3], [1, 3], [8, 3], [9, 3]], \"height\": 1}, {\"type\": \"dirt\", \"coords\": [[0, 6], [1, 6], [8, 6], [9, 6]], \"height\": 1}, {\"type\": \"stone\", \"coords\": [[4, 2], [5, 2]], \"height\": 2}, {\"type\": \"stone\", \"coords\": [[4, 7], [5, 7]], \"height\": 2}]','[{\"x\": 0, \"z\": 0}, {\"x\": 1, \"z\": 0}, {\"x\": 0, \"z\": 1}, {\"x\": 1, \"z\": 1}]','[{\"x\": 9, \"z\": 9}, {\"x\": 8, \"z\": 9}, {\"x\": 9, \"z\": 8}]','선사시대 생물의 화석이 벽면에 박혀 있는 구간. 고대의 뼈가 희미하게 빛을 발한다.'),(68,5,8,'용암 튜브',0,3,4,40,24,10,10,'stone','[{\"type\": \"stone\", \"coords\": [[0, 0], [1, 0], [2, 0], [0, 1], [1, 1], [0, 2]], \"height\": 3}, {\"type\": \"stone\", \"coords\": [[3, 0], [2, 1], [0, 3], [1, 3]], \"height\": 2}, {\"type\": \"dirt\", \"coords\": [[4, 0], [3, 1], [2, 2], [1, 2], [0, 4]], \"height\": 1}, {\"type\": \"stone\", \"coords\": [[9, 9], [8, 9], [7, 9], [9, 8], [8, 8], [9, 7]], \"height\": 0}, {\"type\": \"dirt\", \"coords\": [[5, 4], [4, 5]], \"height\": 1}, {\"type\": \"water\", \"coords\": [[3, 7]], \"height\": 0}]','[{\"x\": 3, \"z\": 0}, {\"x\": 4, \"z\": 0}, {\"x\": 4, \"z\": 1}]','[{\"x\": 5, \"z\": 9}, {\"x\": 6, \"z\": 9}, {\"x\": 5, \"z\": 8}]','식어가는 용암이 흐르는 용암관. 흑요석 결정이 지옥 같은 붉은 빛을 내뿜는다.'),(69,5,9,'지하 도시 유적',0,3,4,45,27,10,10,'stone','[{\"type\": \"water\", \"coords\": [[4, 0], [5, 0], [4, 1], [5, 1]], \"height\": 0}, {\"type\": \"water\", \"coords\": [[0, 4], [0, 5], [1, 4], [1, 5]], \"height\": 0}, {\"type\": \"water\", \"coords\": [[8, 4], [8, 5], [9, 4], [9, 5]], \"height\": 0}, {\"type\": \"water\", \"coords\": [[4, 8], [5, 8], [4, 9], [5, 9]], \"height\": 0}, {\"type\": \"stone\", \"coords\": [[4, 4], [5, 4], [4, 5], [5, 5]], \"height\": 4}, {\"type\": \"stone\", \"coords\": [[3, 3], [6, 3], [3, 6], [6, 6]], \"height\": 2}, {\"type\": \"dirt\", \"coords\": [[2, 2], [7, 2], [2, 7], [7, 7]], \"height\": 1}]','[{\"x\": 0, \"z\": 0}, {\"x\": 1, \"z\": 0}, {\"x\": 0, \"z\": 1}, {\"x\": 1, \"z\": 1}]','[{\"x\": 9, \"z\": 9}, {\"x\": 8, \"z\": 9}, {\"x\": 9, \"z\": 8}]','고대 지하 문명의 흔적이 남은 폐허. 돌로 깎은 건물들이 서 있는 신비로운 공간.'),(70,5,10,'심연의 골렘',1,4,5,100,60,12,12,'stone','[{\"type\": \"stone\", \"coords\": [[5, 5], [6, 5], [5, 6], [6, 6]], \"height\": 4}, {\"type\": \"stone\", \"coords\": [[4, 4], [7, 4], [4, 7], [7, 7]], \"height\": 3}, {\"type\": \"stone\", \"coords\": [[3, 3], [8, 3], [3, 8], [8, 8]], \"height\": 2}, {\"type\": \"stone\", \"coords\": [[4, 5], [4, 6], [7, 5], [7, 6], [5, 4], [6, 4], [5, 7], [6, 7]], \"height\": 2}, {\"type\": \"dirt\", \"coords\": [[1, 1], [10, 1], [1, 10], [10, 10]], \"height\": 1}, {\"type\": \"water\", \"coords\": [[0, 5], [0, 6], [11, 5], [11, 6], [5, 0], [6, 0], [5, 11], [6, 11]], \"height\": 0}]','[{\"x\": 0, \"z\": 0}, {\"x\": 1, \"z\": 0}, {\"x\": 0, \"z\": 1}, {\"x\": 1, \"z\": 1}]','[{\"x\": 11, \"z\": 11}, {\"x\": 10, \"z\": 11}, {\"x\": 11, \"z\": 10}, {\"x\": 10, \"z\": 10}]','동굴 최심부에서 고대 석상 골렘이 깨어난다. 룬 문자가 빛나는 눈으로 침입자를 응시하는 최종전.'),(71,9,1,'균열 입구',0,1,0,5,3,8,8,'dark','[{\"type\": \"stone\", \"coords\": [[4, 4], [5, 4], [4, 5], [5, 5]], \"height\": 1}, {\"type\": \"water\", \"coords\": [[0, 7], [1, 7]], \"height\": 0}, {\"type\": \"water\", \"coords\": [[7, 0], [6, 0]], \"height\": 0}, {\"type\": \"dirt\", \"coords\": [[4, 0], [4, 1]], \"height\": 0}]','[{\"x\": 0, \"z\": 0}, {\"x\": 1, \"z\": 0}, {\"x\": 0, \"z\": 1}, {\"x\": 1, \"z\": 1}]','[{\"x\": 7, \"z\": 7}, {\"x\": 6, \"z\": 7}, {\"x\": 7, \"z\": 6}]','현실이 갈라진 차원의 틈. 붉은 에너지가 새어 나오며, 혼돈의 세계로 첫 발을 디딘다.'),(72,9,2,'지옥불 평원',0,1,1,10,6,8,8,'dark','[{\"type\": \"stone\", \"coords\": [[4, 4], [5, 4], [4, 5], [5, 5]], \"height\": 1}, {\"type\": \"dirt\", \"coords\": [[4, 0], [4, 1]], \"height\": 0}]','[{\"x\": 0, \"z\": 0}, {\"x\": 1, \"z\": 0}, {\"x\": 0, \"z\": 1}, {\"x\": 1, \"z\": 1}]','[{\"x\": 7, \"z\": 7}, {\"x\": 6, \"z\": 7}, {\"x\": 7, \"z\": 6}]','땅이 불타는 끝없는 황무지. 재가 눈처럼 내리고, 핏빛 하늘이 펼쳐진 지옥의 풍경.'),(73,9,3,'영혼의 다리',0,2,1,15,9,8,8,'dark','[{\"type\": \"stone\", \"coords\": [[4, 4], [5, 4], [4, 5], [5, 5]], \"height\": 1}, {\"type\": \"water\", \"coords\": [[0, 7], [1, 7]], \"height\": 0}, {\"type\": \"dirt\", \"coords\": [[4, 0], [4, 1]], \"height\": 0}]','[{\"x\": 0, \"z\": 0}, {\"x\": 1, \"z\": 0}, {\"x\": 0, \"z\": 1}, {\"x\": 1, \"z\": 1}]','[{\"x\": 7, \"z\": 7}, {\"x\": 6, \"z\": 7}, {\"x\": 7, \"z\": 6}]','영혼의 강 위를 가로지르는 뼈로 만들어진 다리. 물속 비명의 얼굴들이 올려다본다.'),(74,9,4,'마계 대장간',0,2,2,20,12,10,10,'dark','[{\"type\": \"stone\", \"coords\": [[5, 5], [6, 5], [5, 6], [6, 6]], \"height\": 2}, {\"type\": \"water\", \"coords\": [[9, 0], [8, 0]], \"height\": 0}, {\"type\": \"dirt\", \"coords\": [[5, 0], [5, 1]], \"height\": 0}]','[{\"x\": 0, \"z\": 0}, {\"x\": 1, \"z\": 0}, {\"x\": 0, \"z\": 1}, {\"x\": 1, \"z\": 1}]','[{\"x\": 9, \"z\": 9}, {\"x\": 8, \"z\": 9}, {\"x\": 9, \"z\": 8}]','영혼을 재료로 무기를 벼리는 악마 대장간. 어둠의 대장장이들이 쉴 새 없이 망치를 내리친다.'),(75,9,5,'살아있는 미궁',0,2,2,25,15,10,10,'dark','[{\"type\": \"stone\", \"coords\": [[5, 5], [6, 5], [5, 6], [6, 6]], \"height\": 2}, {\"type\": \"water\", \"coords\": [[0, 9], [1, 9]], \"height\": 0}, {\"type\": \"dark\", \"coords\": [[2, 2], [7, 2]], \"height\": 2}, {\"type\": \"dirt\", \"coords\": [[5, 0], [5, 1]], \"height\": 0}]','[{\"x\": 0, \"z\": 0}, {\"x\": 1, \"z\": 0}, {\"x\": 0, \"z\": 1}, {\"x\": 1, \"z\": 1}]','[{\"x\": 9, \"z\": 9}, {\"x\": 8, \"z\": 9}, {\"x\": 9, \"z\": 8}]','살아 있는 살점으로 이루어진 벽이 맥동하는 유기체 던전. 소름 끼치는 통로가 이어진다.'),(76,9,6,'공허의 섬들',0,3,3,30,18,10,10,'dark','[{\"type\": \"stone\", \"coords\": [[5, 5], [6, 5], [5, 6], [6, 6]], \"height\": 2}, {\"type\": \"dark\", \"coords\": [[2, 2], [7, 2]], \"height\": 2}, {\"type\": \"dirt\", \"coords\": [[5, 0], [5, 1]], \"height\": 0}]','[{\"x\": 0, \"z\": 0}, {\"x\": 1, \"z\": 0}, {\"x\": 0, \"z\": 1}, {\"x\": 1, \"z\": 1}]','[{\"x\": 9, \"z\": 9}, {\"x\": 8, \"z\": 9}, {\"x\": 9, \"z\": 8}]','중력을 거스르며 허공에 떠 있는 바위 조각들. 물리 법칙이 무너진 혼돈의 영역.'),(77,9,7,'마족 투기장',0,3,3,35,21,12,12,'dark','[{\"type\": \"stone\", \"coords\": [[6, 6], [7, 6], [6, 7], [7, 7]], \"height\": 3}, {\"type\": \"water\", \"coords\": [[0, 11], [1, 11]], \"height\": 0}, {\"type\": \"water\", \"coords\": [[11, 0], [10, 0]], \"height\": 0}, {\"type\": \"dark\", \"coords\": [[2, 2], [9, 2]], \"height\": 2}, {\"type\": \"dirt\", \"coords\": [[6, 0], [6, 1]], \"height\": 0}]','[{\"x\": 0, \"z\": 0}, {\"x\": 1, \"z\": 0}, {\"x\": 0, \"z\": 1}, {\"x\": 1, \"z\": 1}]','[{\"x\": 11, \"z\": 11}, {\"x\": 10, \"z\": 11}, {\"x\": 11, \"z\": 10}]','하급 마족들이 오락을 위해 전투를 벌이는 투기장. 어둠의 관중들이 환호한다.'),(78,9,8,'고통의 탑',0,3,4,40,24,12,12,'dark','[{\"type\": \"stone\", \"coords\": [[6, 6], [7, 6], [6, 7], [7, 7]], \"height\": 3}, {\"type\": \"dark\", \"coords\": [[2, 2], [9, 2]], \"height\": 2}, {\"type\": \"stone\", \"coords\": [[2, 9], [9, 9]], \"height\": 3}, {\"type\": \"dirt\", \"coords\": [[6, 0], [6, 1]], \"height\": 0}]','[{\"x\": 0, \"z\": 0}, {\"x\": 1, \"z\": 0}, {\"x\": 0, \"z\": 1}, {\"x\": 1, \"z\": 1}]','[{\"x\": 11, \"z\": 11}, {\"x\": 10, \"z\": 11}, {\"x\": 11, \"z\": 10}, {\"x\": 10, \"z\": 10}]','끝없이 이어지는 고통의 나선 계단. 벽면에 박힌 영혼들이 비명을 지르는 마의 첨탑.'),(79,9,9,'마장 작전실',0,3,4,45,27,12,12,'dark','[{\"type\": \"stone\", \"coords\": [[6, 6], [7, 6], [6, 7], [7, 7]], \"height\": 3}, {\"type\": \"water\", \"coords\": [[0, 11], [1, 11]], \"height\": 0}, {\"type\": \"dark\", \"coords\": [[2, 2], [9, 2]], \"height\": 2}, {\"type\": \"stone\", \"coords\": [[2, 9], [9, 9]], \"height\": 3}, {\"type\": \"dirt\", \"coords\": [[6, 0], [6, 1]], \"height\": 0}]','[{\"x\": 0, \"z\": 0}, {\"x\": 1, \"z\": 0}, {\"x\": 0, \"z\": 1}, {\"x\": 1, \"z\": 1}]','[{\"x\": 11, \"z\": 11}, {\"x\": 10, \"z\": 11}, {\"x\": 11, \"z\": 10}, {\"x\": 10, \"z\": 10}]','인간 세계 침공 지도가 펼쳐진 마계 장군의 작전실. 침략 계획이 진행 중이다.'),(80,9,10,'마왕',1,4,5,100,60,14,14,'dark','[{\"type\": \"stone\", \"coords\": [[7, 7], [8, 7], [7, 8], [8, 8]], \"height\": 4}, {\"type\": \"water\", \"coords\": [[13, 0], [12, 0]], \"height\": 0}, {\"type\": \"dark\", \"coords\": [[2, 2], [11, 2]], \"height\": 2}, {\"type\": \"stone\", \"coords\": [[2, 11], [11, 11]], \"height\": 3}, {\"type\": \"dirt\", \"coords\": [[7, 0], [7, 1]], \"height\": 0}]','[{\"x\": 0, \"z\": 0}, {\"x\": 1, \"z\": 0}, {\"x\": 0, \"z\": 1}, {\"x\": 1, \"z\": 1}]','[{\"x\": 13, \"z\": 13}, {\"x\": 12, \"z\": 13}, {\"x\": 13, \"z\": 12}, {\"x\": 12, \"z\": 12}]','해골 왕좌에 앉은 거대한 뿔 달린 마왕과의 최종 결전. 지옥불이 폭발하는 최종 보스전.'),(81,10,1,'화산 입구',0,1,0,5,3,8,8,'stone','[{\"type\": \"stone\", \"coords\": [[4, 4], [5, 4], [4, 5], [5, 5]], \"height\": 1}, {\"type\": \"water\", \"coords\": [[0, 7], [1, 7]], \"height\": 0}, {\"type\": \"water\", \"coords\": [[7, 0], [6, 0]], \"height\": 0}, {\"type\": \"dirt\", \"coords\": [[4, 0], [4, 1]], \"height\": 0}]','[{\"x\": 0, \"z\": 0}, {\"x\": 1, \"z\": 0}, {\"x\": 0, \"z\": 1}, {\"x\": 1, \"z\": 1}]','[{\"x\": 7, \"z\": 7}, {\"x\": 6, \"z\": 7}, {\"x\": 7, \"z\": 6}]','유황 냄새가 진동하는 화산 입구. 흑요석 바위와 열기의 일렁임이 용의 영역임을 경고한다.'),(82,10,2,'용암 터널',0,1,1,10,6,8,8,'stone','[{\"type\": \"stone\", \"coords\": [[4, 4], [5, 4], [4, 5], [5, 5]], \"height\": 1}, {\"type\": \"dirt\", \"coords\": [[4, 0], [4, 1]], \"height\": 0}]','[{\"x\": 0, \"z\": 0}, {\"x\": 1, \"z\": 0}, {\"x\": 0, \"z\": 1}, {\"x\": 1, \"z\": 1}]','[{\"x\": 7, \"z\": 7}, {\"x\": 6, \"z\": 7}, {\"x\": 7, \"z\": 6}]','식어가는 용암 껍질 위를 걷는 위험한 터널. 불도롱뇽이 서식하며 주황빛이 타오른다.'),(83,10,3,'용알 둥지',0,2,1,15,9,8,8,'stone','[{\"type\": \"stone\", \"coords\": [[4, 4], [5, 4], [4, 5], [5, 5]], \"height\": 1}, {\"type\": \"water\", \"coords\": [[0, 7], [1, 7]], \"height\": 0}, {\"type\": \"dirt\", \"coords\": [[4, 0], [4, 1]], \"height\": 0}]','[{\"x\": 0, \"z\": 0}, {\"x\": 1, \"z\": 0}, {\"x\": 0, \"z\": 1}, {\"x\": 1, \"z\": 1}]','[{\"x\": 7, \"z\": 7}, {\"x\": 6, \"z\": 7}, {\"x\": 7, \"z\": 6}]','다채로운 색의 거대한 알들이 화산모래 속에 묻혀 있는 부화장. 보호 마법이 감돌고 있다.'),(84,10,4,'보물 동굴',0,2,2,20,12,10,10,'stone','[{\"type\": \"stone\", \"coords\": [[5, 5], [6, 5], [5, 6], [6, 6]], \"height\": 2}, {\"type\": \"water\", \"coords\": [[9, 0], [8, 0]], \"height\": 0}, {\"type\": \"dirt\", \"coords\": [[5, 0], [5, 1]], \"height\": 0}]','[{\"x\": 0, \"z\": 0}, {\"x\": 1, \"z\": 0}, {\"x\": 0, \"z\": 1}, {\"x\": 1, \"z\": 1}]','[{\"x\": 9, \"z\": 9}, {\"x\": 8, \"z\": 9}, {\"x\": 9, \"z\": 8}]','금화 산더미, 보석 유물이 반짝이는 용의 보물 창고. 탐욕의 시험이 기다린다.'),(85,10,5,'용암 호수',0,2,2,25,15,10,10,'stone','[{\"type\": \"stone\", \"coords\": [[5, 5], [6, 5], [5, 6], [6, 6]], \"height\": 2}, {\"type\": \"water\", \"coords\": [[0, 9], [1, 9]], \"height\": 0}, {\"type\": \"stone\", \"coords\": [[2, 2], [7, 2]], \"height\": 2}, {\"type\": \"dirt\", \"coords\": [[5, 0], [5, 1]], \"height\": 0}]','[{\"x\": 0, \"z\": 0}, {\"x\": 1, \"z\": 0}, {\"x\": 0, \"z\": 1}, {\"x\": 1, \"z\": 1}]','[{\"x\": 9, \"z\": 9}, {\"x\": 8, \"z\": 9}, {\"x\": 9, \"z\": 8}]','돌 발판 위를 뛰어 건너야 하는 용암 호수. 간헐천이 폭발하는 치명적인 횡단.'),(86,10,6,'용골 묘지',0,3,3,30,18,10,10,'stone','[{\"type\": \"stone\", \"coords\": [[5, 5], [6, 5], [5, 6], [6, 6]], \"height\": 2}, {\"type\": \"stone\", \"coords\": [[2, 2], [7, 2]], \"height\": 2}, {\"type\": \"dirt\", \"coords\": [[5, 0], [5, 1]], \"height\": 0}]','[{\"x\": 0, \"z\": 0}, {\"x\": 1, \"z\": 0}, {\"x\": 0, \"z\": 1}, {\"x\": 1, \"z\": 1}]','[{\"x\": 9, \"z\": 9}, {\"x\": 8, \"z\": 9}, {\"x\": 9, \"z\": 8}]','거대한 고대 용의 해골이 흩어진 장엄한 묘지. 숙연한 분위기와 잔류 에너지가 감돈다.'),(87,10,7,'흑요석 결정실',0,3,3,35,21,12,12,'stone','[{\"type\": \"stone\", \"coords\": [[6, 6], [7, 6], [6, 7], [7, 7]], \"height\": 3}, {\"type\": \"water\", \"coords\": [[0, 11], [1, 11]], \"height\": 0}, {\"type\": \"water\", \"coords\": [[11, 0], [10, 0]], \"height\": 0}, {\"type\": \"stone\", \"coords\": [[2, 2], [9, 2]], \"height\": 2}, {\"type\": \"dirt\", \"coords\": [[6, 0], [6, 1]], \"height\": 0}]','[{\"x\": 0, \"z\": 0}, {\"x\": 1, \"z\": 0}, {\"x\": 0, \"z\": 1}, {\"x\": 1, \"z\": 1}]','[{\"x\": 11, \"z\": 11}, {\"x\": 10, \"z\": 11}, {\"x\": 11, \"z\": 10}]','어둠의 용 마법이 수정으로 응축된 방. 압도적인 원시적 힘이 느껴진다.'),(88,10,8,'마그마 분화구',0,3,4,40,24,12,12,'stone','[{\"type\": \"stone\", \"coords\": [[6, 6], [7, 6], [6, 7], [7, 7]], \"height\": 3}, {\"type\": \"stone\", \"coords\": [[2, 2], [9, 2]], \"height\": 2}, {\"type\": \"stone\", \"coords\": [[2, 9], [9, 9]], \"height\": 3}, {\"type\": \"dirt\", \"coords\": [[6, 0], [6, 1]], \"height\": 0}]','[{\"x\": 0, \"z\": 0}, {\"x\": 1, \"z\": 0}, {\"x\": 0, \"z\": 1}, {\"x\": 1, \"z\": 1}]','[{\"x\": 11, \"z\": 11}, {\"x\": 10, \"z\": 11}, {\"x\": 11, \"z\": 10}, {\"x\": 10, \"z\": 10}]','아래로 거대한 마그마 방이 보이는 화산 분출구. 극한의 열기 속 최후의 접근로.'),(89,10,9,'용의 역사실',0,3,4,45,27,12,12,'stone','[{\"type\": \"stone\", \"coords\": [[6, 6], [7, 6], [6, 7], [7, 7]], \"height\": 3}, {\"type\": \"water\", \"coords\": [[0, 11], [1, 11]], \"height\": 0}, {\"type\": \"stone\", \"coords\": [[2, 2], [9, 2]], \"height\": 2}, {\"type\": \"stone\", \"coords\": [[2, 9], [9, 9]], \"height\": 3}, {\"type\": \"dirt\", \"coords\": [[6, 0], [6, 1]], \"height\": 0}]','[{\"x\": 0, \"z\": 0}, {\"x\": 1, \"z\": 0}, {\"x\": 0, \"z\": 1}, {\"x\": 1, \"z\": 1}]','[{\"x\": 11, \"z\": 11}, {\"x\": 10, \"z\": 11}, {\"x\": 11, \"z\": 10}, {\"x\": 10, \"z\": 10}]','벽면에 용 문명의 역사가 새겨진 내전. 고대 용족의 영광과 몰락이 담겨 있다.'),(90,10,10,'고대 용',1,4,5,100,60,14,14,'stone','[{\"type\": \"stone\", \"coords\": [[7, 7], [8, 7], [7, 8], [8, 8]], \"height\": 4}, {\"type\": \"water\", \"coords\": [[13, 0], [12, 0]], \"height\": 0}, {\"type\": \"stone\", \"coords\": [[2, 2], [11, 2]], \"height\": 2}, {\"type\": \"stone\", \"coords\": [[2, 11], [11, 11]], \"height\": 3}, {\"type\": \"dirt\", \"coords\": [[7, 0], [7, 1]], \"height\": 0}]','[{\"x\": 0, \"z\": 0}, {\"x\": 1, \"z\": 0}, {\"x\": 0, \"z\": 1}, {\"x\": 1, \"z\": 1}]','[{\"x\": 13, \"z\": 13}, {\"x\": 12, \"z\": 13}, {\"x\": 13, \"z\": 12}, {\"x\": 12, \"z\": 12}]','거대한 화산 동굴에서 날개를 펼치며 깨어나는 태고의 용. 화염 브레스의 최종 보스전.'),(91,4,1,'숲의 입구',0,1,0,5,3,8,8,'grass','[{\"type\": \"dirt\", \"coords\": [[0, 3], [0, 4], [1, 3], [1, 4]], \"height\": 0}, {\"type\": \"grass\", \"coords\": [[6, 1], [7, 1], [6, 2]], \"height\": 1}]','[{\"x\": 0, \"z\": 0}, {\"x\": 1, \"z\": 0}, {\"x\": 0, \"z\": 1}]','[{\"x\": 7, \"z\": 7}, {\"x\": 6, \"z\": 7}]','이끼 낀 나무 문을 지나면 어둠의 숲이 시작된다. 반딧불이 희미하게 길을 안내하지만, 풀숲 사이로 작은 몬스터들의 눈이 빛난다.'),(92,4,2,'거미줄 숲',0,1,1,10,6,9,8,'grass','[{\"type\": \"grass\", \"coords\": [[2, 0], [2, 1], [2, 2], [2, 3], [2, 4], [2, 5], [2, 6], [2, 7]], \"height\": 1}, {\"type\": \"grass\", \"coords\": [[6, 0], [6, 1], [6, 2], [6, 3], [6, 4], [6, 5], [6, 6], [6, 7]], \"height\": 1}, {\"type\": \"stone\", \"coords\": [[4, 3], [4, 4]], \"height\": 2}, {\"type\": \"dirt\", \"coords\": [[3, 5], [4, 5], [5, 5]], \"height\": 0}]','[{\"x\": 0, \"z\": 0}, {\"x\": 1, \"z\": 0}, {\"x\": 0, \"z\": 1}]','[{\"x\": 8, \"z\": 7}, {\"x\": 7, \"z\": 6}]','거대한 거미줄이 나무 사이를 촘촘히 잇고 있는 구역. 독거미들이 먹잇감을 기다리며, 발광 버섯이 으스스한 빛을 뿜는다.'),(93,4,3,'달빛 공터',0,2,1,15,9,9,9,'grass','[{\"type\": \"water\", \"coords\": [[3, 3], [3, 4], [3, 5], [4, 3], [4, 4], [4, 5], [5, 3], [5, 4], [5, 5]], \"height\": 0}, {\"type\": \"stone\", \"coords\": [[2, 2], [2, 6], [6, 2], [6, 6]], \"height\": 1}, {\"type\": \"dirt\", \"coords\": [[1, 4], [7, 4]], \"height\": 0}]','[{\"x\": 0, \"z\": 0}, {\"x\": 1, \"z\": 0}, {\"x\": 0, \"z\": 1}]','[{\"x\": 8, \"z\": 8}, {\"x\": 7, \"z\": 8}, {\"x\": 8, \"z\": 7}]','고대 돌기둥이 원형으로 세워진 의식의 터. 달빛이 비추면 늑대의 울음소리와 함께 어둠의 존재들이 깨어난다.'),(94,4,4,'가시덤불 지대',0,2,2,20,12,10,8,'grass','[{\"type\": \"grass\", \"coords\": [[3, 2], [4, 2], [5, 2], [3, 3], [4, 3], [5, 3]], \"height\": 1}, {\"type\": \"grass\", \"coords\": [[4, 2], [4, 3]], \"height\": 2}, {\"type\": \"dirt\", \"coords\": [[7, 5], [8, 5], [7, 6], [8, 6]], \"height\": 1}, {\"type\": \"dirt\", \"coords\": [[0, 7], [1, 7]], \"height\": 0}]','[{\"x\": 0, \"z\": 0}, {\"x\": 1, \"z\": 0}, {\"x\": 0, \"z\": 1}]','[{\"x\": 9, \"z\": 7}, {\"x\": 8, \"z\": 7}, {\"x\": 9, \"z\": 6}]','독가시 덩굴이 얽히고설킨 위험 지대. 썩어가는 나무의 껍질에는 얼굴 같은 형상이 새겨져 있어 소름 끼친다.'),(95,4,5,'안개 계곡',0,2,2,25,15,10,10,'grass','[{\"type\": \"dirt\", \"coords\": [[4, 0], [4, 1], [4, 2], [4, 3], [4, 4], [5, 4], [6, 4], [7, 4], [8, 4], [9, 4]], \"height\": 0}, {\"type\": \"dirt\", \"coords\": [[4, 5], [4, 6], [4, 7], [4, 8], [4, 9]], \"height\": 0}, {\"type\": \"stone\", \"coords\": [[1, 1], [2, 1]], \"height\": 2}, {\"type\": \"stone\", \"coords\": [[1, 2], [2, 2], [3, 1]], \"height\": 1}, {\"type\": \"grass\", \"coords\": [[7, 7], [8, 7], [7, 8], [8, 8]], \"height\": 1}, {\"type\": \"water\", \"coords\": [[2, 7], [2, 8]], \"height\": 0}]','[{\"x\": 0, \"z\": 0}, {\"x\": 1, \"z\": 0}, {\"x\": 0, \"z\": 1}, {\"x\": 1, \"z\": 1}]','[{\"x\": 9, \"z\": 9}, {\"x\": 8, \"z\": 9}, {\"x\": 9, \"z\": 8}]','짙은 안개가 자욱한 계곡의 낡은 밧줄 다리. 아래에서 폭포 소리와 함께 박쥐 떼가 날아오른다.'),(96,4,6,'고목의 안식처',0,3,3,30,18,10,10,'grass','[{\"type\": \"grass\", \"coords\": [[1, 1], [3, 0], [5, 2], [7, 1], [2, 4], [6, 3], [8, 5]], \"height\": 1}, {\"type\": \"grass\", \"coords\": [[0, 6], [1, 6], [2, 6], [3, 6]], \"height\": 1}, {\"type\": \"dirt\", \"coords\": [[4, 8], [5, 8], [4, 9], [5, 9]], \"height\": 0}, {\"type\": \"water\", \"coords\": [[8, 8]], \"height\": 0}]','[{\"x\": 0, \"z\": 0}, {\"x\": 1, \"z\": 0}, {\"x\": 0, \"z\": 1}, {\"x\": 1, \"z\": 1}]','[{\"x\": 9, \"z\": 9}, {\"x\": 8, \"z\": 9}, {\"x\": 9, \"z\": 8}, {\"x\": 8, \"z\": 8}]','속이 텅 빈 거대한 고목 내부. 선반 버섯이 은은하게 빛나는 자연의 정령이 머무는 신비로운 공간이다.'),(97,4,7,'망자의 습지',0,3,3,35,21,10,10,'grass','[{\"type\": \"water\", \"coords\": [[3, 3], [4, 3], [5, 3], [3, 4], [4, 4], [5, 4], [3, 5], [4, 5]], \"height\": 0}, {\"type\": \"water\", \"coords\": [[6, 6], [7, 6], [6, 7], [7, 7]], \"height\": 0}, {\"type\": \"dirt\", \"coords\": [[1, 1], [2, 1]], \"height\": 1}, {\"type\": \"stone\", \"coords\": [[8, 1], [9, 1], [8, 2]], \"height\": 2}, {\"type\": \"stone\", \"coords\": [[0, 8], [1, 8]], \"height\": 1}]','[{\"x\": 0, \"z\": 0}, {\"x\": 1, \"z\": 0}, {\"x\": 0, \"z\": 1}, {\"x\": 1, \"z\": 1}]','[{\"x\": 9, \"z\": 9}, {\"x\": 8, \"z\": 9}, {\"x\": 9, \"z\": 8}]','죽은 나무들이 늘어선 습지. 도깨비불이 떠다니고, 진흙 속에서 언데드의 손이 솟아오른다.'),(98,4,8,'무너진 감시탑',0,3,4,40,24,10,10,'grass','[{\"type\": \"stone\", \"coords\": [[3, 3], [3, 4], [3, 5], [3, 6], [6, 3], [6, 4], [6, 5], [6, 6]], \"height\": 2}, {\"type\": \"stone\", \"coords\": [[4, 3], [5, 3], [4, 6], [5, 6]], \"height\": 1}, {\"type\": \"dirt\", \"coords\": [[4, 4], [5, 4], [4, 5], [5, 5]], \"height\": 0}, {\"type\": \"water\", \"coords\": [[1, 8], [2, 8], [1, 9]], \"height\": 0}]','[{\"x\": 0, \"z\": 0}, {\"x\": 1, \"z\": 0}, {\"x\": 0, \"z\": 1}, {\"x\": 1, \"z\": 1}]','[{\"x\": 9, \"z\": 9}, {\"x\": 8, \"z\": 9}, {\"x\": 9, \"z\": 8}]','담쟁이로 뒤덮인 폐허의 탑. 어둠의 에너지가 뿜어져 나오며, 보스와의 전투를 앞두고 있다.'),(99,4,9,'불타는 숲길',0,3,4,45,27,12,10,'grass','[{\"type\": \"stone\", \"coords\": [[0, 0], [1, 0]], \"height\": 3}, {\"type\": \"stone\", \"coords\": [[2, 0], [0, 1], [1, 1]], \"height\": 2}, {\"type\": \"dirt\", \"coords\": [[2, 1], [3, 0], [3, 1], [0, 2], [1, 2]], \"height\": 1}, {\"type\": \"grass\", \"coords\": [[5, 1], [6, 1], [5, 2], [6, 2]], \"height\": 1}, {\"type\": \"grass\", \"coords\": [[5, 0], [6, 0]], \"height\": 2}, {\"type\": \"water\", \"coords\": [[3, 4], [4, 4], [5, 4], [6, 4], [7, 4]], \"height\": 0}, {\"type\": \"water\", \"coords\": [[4, 5], [5, 5], [6, 5]], \"height\": 0}, {\"type\": \"stone\", \"coords\": [[2, 4]], \"height\": 1}, {\"type\": \"stone\", \"coords\": [[8, 4]], \"height\": 1}, {\"type\": \"grass\", \"coords\": [[5, 6], [6, 6]], \"height\": 2}, {\"type\": \"grass\", \"coords\": [[4, 6], [7, 6], [5, 7], [6, 7]], \"height\": 1}, {\"type\": \"stone\", \"coords\": [[10, 9], [11, 9]], \"height\": 3}, {\"type\": \"stone\", \"coords\": [[9, 9], [11, 8], [10, 8]], \"height\": 2}, {\"type\": \"dirt\", \"coords\": [[8, 8], [8, 9], [9, 8], [11, 7], [10, 7]], \"height\": 1}, {\"type\": \"grass\", \"coords\": [[9, 2], [10, 2], [10, 1]], \"height\": 1}, {\"type\": \"water\", \"coords\": [[1, 8]], \"height\": 0}]','[{\"x\": 0, \"z\": 0}, {\"x\": 1, \"z\": 0}, {\"x\": 0, \"z\": 1}, {\"x\": 1, \"z\": 1}]','[{\"x\": 11, \"z\": 9}, {\"x\": 10, \"z\": 9}, {\"x\": 11, \"z\": 8}]','원인 모를 불길이 숲을 휩쓸고 있다. 탈출로가 점점 좁아지는 가운데 맹렬한 화염 속에서 전투를 벌여야 한다.'),(100,4,10,'고대 수호목',1,4,5,100,60,12,12,'grass','[{\"type\": \"stone\", \"coords\": [[5, 5], [6, 5], [5, 6], [6, 6]], \"height\": 3}, {\"type\": \"grass\", \"coords\": [[4, 4], [4, 5], [4, 6], [4, 7], [7, 4], [7, 5], [7, 6], [7, 7], [5, 4], [6, 4], [5, 7], [6, 7]], \"height\": 1}, {\"type\": \"stone\", \"coords\": [[3, 3], [8, 3], [3, 8], [8, 8]], \"height\": 2}, {\"type\": \"water\", \"coords\": [[1, 10], [2, 10], [1, 11]], \"height\": 0}, {\"type\": \"water\", \"coords\": [[10, 1], [11, 1], [10, 2]], \"height\": 0}, {\"type\": \"dirt\", \"coords\": [[0, 5], [0, 6], [11, 5], [11, 6]], \"height\": 1}]','[{\"x\": 0, \"z\": 0}, {\"x\": 1, \"z\": 0}, {\"x\": 0, \"z\": 1}, {\"x\": 1, \"z\": 1}]','[{\"x\": 11, \"z\": 11}, {\"x\": 10, \"z\": 11}, {\"x\": 11, \"z\": 10}, {\"x\": 10, \"z\": 10}]','숲의 심장부, 타락한 거대 고목이 깨어나 뿌리를 폭발시키며 공격한다. 어둠의 에너지가 폭주하는 최종 보스전.'),(101,12,1,'초소',0,1,0,5,3,8,8,'grass','[{\"type\": \"stone\", \"coords\": [[4, 4], [5, 4], [4, 5], [5, 5]], \"height\": 1}, {\"type\": \"water\", \"coords\": [[0, 7], [1, 7]], \"height\": 0}, {\"type\": \"water\", \"coords\": [[7, 0], [6, 0]], \"height\": 0}, {\"type\": \"dirt\", \"coords\": [[4, 0], [4, 1]], \"height\": 0}]','[{\"x\": 0, \"z\": 0}, {\"x\": 1, \"z\": 0}, {\"x\": 0, \"z\": 1}, {\"x\": 1, \"z\": 1}]','[{\"x\": 7, \"z\": 7}, {\"x\": 6, \"z\": 7}, {\"x\": 7, \"z\": 6}]','조잡한 나무 울타리와 경고용 해골이 세워진 도깨비 초소. 모닥불 연기가 피어오른다.'),(102,12,2,'장물 시장',0,1,1,10,6,8,8,'grass','[{\"type\": \"stone\", \"coords\": [[4, 4], [5, 4], [4, 5], [5, 5]], \"height\": 1}, {\"type\": \"dirt\", \"coords\": [[4, 0], [4, 1]], \"height\": 0}]','[{\"x\": 0, \"z\": 0}, {\"x\": 1, \"z\": 0}, {\"x\": 0, \"z\": 1}, {\"x\": 1, \"z\": 1}]','[{\"x\": 7, \"z\": 7}, {\"x\": 6, \"z\": 7}, {\"x\": 7, \"z\": 6}]','도깨비들이 훔친 물건으로 북적이는 혼란의 시장. 다채로운 천막과 속임수가 가득하다.'),(103,12,3,'함정 통로',0,2,1,15,9,8,8,'grass','[{\"type\": \"stone\", \"coords\": [[4, 4], [5, 4], [4, 5], [5, 5]], \"height\": 1}, {\"type\": \"water\", \"coords\": [[0, 7], [1, 7]], \"height\": 0}, {\"type\": \"dirt\", \"coords\": [[4, 0], [4, 1]], \"height\": 0}]','[{\"x\": 0, \"z\": 0}, {\"x\": 1, \"z\": 0}, {\"x\": 0, \"z\": 1}, {\"x\": 1, \"z\": 1}]','[{\"x\": 7, \"z\": 7}, {\"x\": 6, \"z\": 7}, {\"x\": 7, \"z\": 6}]','스프링 장치, 함정 구덩이, 굴러오는 통나무까지. 도깨비들의 장난이 빈틈없이 설치된 위험한 길.'),(104,12,4,'발명 공방',0,2,2,20,12,10,10,'grass','[{\"type\": \"stone\", \"coords\": [[5, 5], [6, 5], [5, 6], [6, 6]], \"height\": 2}, {\"type\": \"water\", \"coords\": [[9, 0], [8, 0]], \"height\": 0}, {\"type\": \"dirt\", \"coords\": [[5, 0], [5, 1]], \"height\": 0}]','[{\"x\": 0, \"z\": 0}, {\"x\": 1, \"z\": 0}, {\"x\": 0, \"z\": 1}, {\"x\": 1, \"z\": 1}]','[{\"x\": 9, \"z\": 9}, {\"x\": 8, \"z\": 9}, {\"x\": 9, \"z\": 8}]','도깨비 발명가의 작업실. 원시적인 기계와 폭발물 통이 가득하며, 언제 터질지 모른다.'),(105,12,5,'투기장',0,2,2,25,15,10,10,'grass','[{\"type\": \"stone\", \"coords\": [[5, 5], [6, 5], [5, 6], [6, 6]], \"height\": 2}, {\"type\": \"water\", \"coords\": [[0, 9], [1, 9]], \"height\": 0}, {\"type\": \"grass\", \"coords\": [[2, 2], [7, 2]], \"height\": 2}, {\"type\": \"dirt\", \"coords\": [[5, 0], [5, 1]], \"height\": 0}]','[{\"x\": 0, \"z\": 0}, {\"x\": 1, \"z\": 0}, {\"x\": 0, \"z\": 1}, {\"x\": 1, \"z\": 1}]','[{\"x\": 9, \"z\": 9}, {\"x\": 8, \"z\": 9}, {\"x\": 9, \"z\": 8}]','도깨비들이 환호하는 전투의 구덩이. 뼈로 장식된 투기장에서 실력을 증명해야 한다.'),(106,12,6,'보물 창고',0,3,3,30,18,10,10,'grass','[{\"type\": \"stone\", \"coords\": [[5, 5], [6, 5], [5, 6], [6, 6]], \"height\": 2}, {\"type\": \"grass\", \"coords\": [[2, 2], [7, 2]], \"height\": 2}, {\"type\": \"dirt\", \"coords\": [[5, 0], [5, 1]], \"height\": 0}]','[{\"x\": 0, \"z\": 0}, {\"x\": 1, \"z\": 0}, {\"x\": 0, \"z\": 1}, {\"x\": 1, \"z\": 1}]','[{\"x\": 9, \"z\": 9}, {\"x\": 8, \"z\": 9}, {\"x\": 9, \"z\": 8}]','금화가 산더미처럼 쌓인 도깨비 보물 창고. 도굴한 유물과 보석들이 가득하다.'),(107,12,7,'주술사의 오두막',0,3,3,35,21,12,12,'grass','[{\"type\": \"stone\", \"coords\": [[6, 6], [7, 6], [6, 7], [7, 7]], \"height\": 3}, {\"type\": \"water\", \"coords\": [[0, 11], [1, 11]], \"height\": 0}, {\"type\": \"water\", \"coords\": [[11, 0], [10, 0]], \"height\": 0}, {\"type\": \"grass\", \"coords\": [[2, 2], [9, 2]], \"height\": 2}, {\"type\": \"dirt\", \"coords\": [[6, 0], [6, 1]], \"height\": 0}]','[{\"x\": 0, \"z\": 0}, {\"x\": 1, \"z\": 0}, {\"x\": 0, \"z\": 1}, {\"x\": 1, \"z\": 1}]','[{\"x\": 11, \"z\": 11}, {\"x\": 10, \"z\": 11}, {\"x\": 11, \"z\": 10}]','도깨비 주술사의 은밀한 거처. 부적과 가마솥, 부두 인형이 가득한 마법의 공간.'),(108,12,8,'전쟁 준비',0,3,4,40,24,12,12,'grass','[{\"type\": \"stone\", \"coords\": [[6, 6], [7, 6], [6, 7], [7, 7]], \"height\": 3}, {\"type\": \"grass\", \"coords\": [[2, 2], [9, 2]], \"height\": 2}, {\"type\": \"stone\", \"coords\": [[2, 9], [9, 9]], \"height\": 3}, {\"type\": \"dirt\", \"coords\": [[6, 0], [6, 1]], \"height\": 0}]','[{\"x\": 0, \"z\": 0}, {\"x\": 1, \"z\": 0}, {\"x\": 0, \"z\": 1}, {\"x\": 1, \"z\": 1}]','[{\"x\": 11, \"z\": 11}, {\"x\": 10, \"z\": 11}, {\"x\": 11, \"z\": 10}, {\"x\": 10, \"z\": 10}]','공성 무기를 제작 중인 도깨비 전쟁 캠프. 군기가 세워지고 대규모 공격을 준비하고 있다.'),(109,12,9,'왕궁 입구',0,3,4,45,27,12,12,'grass','[{\"type\": \"stone\", \"coords\": [[6, 6], [7, 6], [6, 7], [7, 7]], \"height\": 3}, {\"type\": \"water\", \"coords\": [[0, 11], [1, 11]], \"height\": 0}, {\"type\": \"grass\", \"coords\": [[2, 2], [9, 2]], \"height\": 2}, {\"type\": \"stone\", \"coords\": [[2, 9], [9, 9]], \"height\": 3}, {\"type\": \"dirt\", \"coords\": [[6, 0], [6, 1]], \"height\": 0}]','[{\"x\": 0, \"z\": 0}, {\"x\": 1, \"z\": 0}, {\"x\": 0, \"z\": 1}, {\"x\": 1, \"z\": 1}]','[{\"x\": 11, \"z\": 11}, {\"x\": 10, \"z\": 11}, {\"x\": 11, \"z\": 10}, {\"x\": 10, \"z\": 10}]','정예 경비가 지키는 도깨비 왕궁의 입구. 훔친 갑옷을 입은 근위대가 대기 중이다.'),(110,12,10,'도깨비 대왕',1,4,5,100,60,14,14,'grass','[{\"type\": \"stone\", \"coords\": [[7, 7], [8, 7], [7, 8], [8, 8]], \"height\": 4}, {\"type\": \"water\", \"coords\": [[13, 0], [12, 0]], \"height\": 0}, {\"type\": \"grass\", \"coords\": [[2, 2], [11, 2]], \"height\": 2}, {\"type\": \"stone\", \"coords\": [[2, 11], [11, 11]], \"height\": 3}, {\"type\": \"dirt\", \"coords\": [[7, 0], [7, 1]], \"height\": 0}]','[{\"x\": 0, \"z\": 0}, {\"x\": 1, \"z\": 0}, {\"x\": 0, \"z\": 1}, {\"x\": 1, \"z\": 1}]','[{\"x\": 13, \"z\": 13}, {\"x\": 12, \"z\": 13}, {\"x\": 13, \"z\": 12}, {\"x\": 12, \"z\": 12}]','도적질한 왕관과 갑옷을 걸친 도깨비 대왕과의 최종 결전. 방망이의 파괴력은 상상 이상이다.'),(111,8,1,'등산로 입구',0,1,0,5,3,8,8,'stone','[{\"type\": \"stone\", \"coords\": [[4, 4], [5, 4], [4, 5], [5, 5]], \"height\": 1}, {\"type\": \"water\", \"coords\": [[0, 7], [1, 7]], \"height\": 0}, {\"type\": \"water\", \"coords\": [[7, 0], [6, 0]], \"height\": 0}, {\"type\": \"dirt\", \"coords\": [[4, 0], [4, 1]], \"height\": 0}]','[{\"x\": 0, \"z\": 0}, {\"x\": 1, \"z\": 0}, {\"x\": 0, \"z\": 1}, {\"x\": 1, \"z\": 1}]','[{\"x\": 7, \"z\": 7}, {\"x\": 6, \"z\": 7}, {\"x\": 7, \"z\": 6}]','고대 석문으로 시작되는 산길. 바람에 흔들리는 소나무와 발아래 자욱한 안개가 펼쳐진다.'),(112,8,2,'벼랑길',0,1,1,10,6,8,8,'stone','[{\"type\": \"stone\", \"coords\": [[4, 4], [5, 4], [4, 5], [5, 5]], \"height\": 1}, {\"type\": \"dirt\", \"coords\": [[4, 0], [4, 1]], \"height\": 0}]','[{\"x\": 0, \"z\": 0}, {\"x\": 1, \"z\": 0}, {\"x\": 0, \"z\": 1}, {\"x\": 1, \"z\": 1}]','[{\"x\": 7, \"z\": 7}, {\"x\": 6, \"z\": 7}, {\"x\": 7, \"z\": 6}]','아찔한 높이의 바위 절벽 길. 느슨한 돌이 굴러떨어지고, 독수리 둥지가 보인다.'),(113,8,3,'영혼의 굴',0,2,1,15,9,8,8,'stone','[{\"type\": \"stone\", \"coords\": [[4, 4], [5, 4], [4, 5], [5, 5]], \"height\": 1}, {\"type\": \"water\", \"coords\": [[0, 7], [1, 7]], \"height\": 0}, {\"type\": \"dirt\", \"coords\": [[4, 0], [4, 1]], \"height\": 0}]','[{\"x\": 0, \"z\": 0}, {\"x\": 1, \"z\": 0}, {\"x\": 0, \"z\": 1}, {\"x\": 1, \"z\": 1}]','[{\"x\": 7, \"z\": 7}, {\"x\": 6, \"z\": 7}, {\"x\": 7, \"z\": 6}]','영혼의 등불이 떠다니는 산속 동굴. 고대 수행자의 명상 터로, 귀곡성이 울린다.'),(114,8,4,'폭풍 능선',0,2,2,20,12,10,10,'stone','[{\"type\": \"stone\", \"coords\": [[5, 5], [6, 5], [5, 6], [6, 6]], \"height\": 2}, {\"type\": \"water\", \"coords\": [[9, 0], [8, 0]], \"height\": 0}, {\"type\": \"dirt\", \"coords\": [[5, 0], [5, 1]], \"height\": 0}]','[{\"x\": 0, \"z\": 0}, {\"x\": 1, \"z\": 0}, {\"x\": 0, \"z\": 1}, {\"x\": 1, \"z\": 1}]','[{\"x\": 9, \"z\": 9}, {\"x\": 8, \"z\": 9}, {\"x\": 9, \"z\": 8}]','기도 깃발이 찢어진 채 펄럭이는 능선. 맹렬한 바람과 번개가 주변 봉우리를 때린다.'),(115,8,5,'폐사찰',0,2,2,25,15,10,10,'stone','[{\"type\": \"stone\", \"coords\": [[5, 5], [6, 5], [5, 6], [6, 6]], \"height\": 2}, {\"type\": \"water\", \"coords\": [[0, 9], [1, 9]], \"height\": 0}, {\"type\": \"stone\", \"coords\": [[2, 2], [7, 2]], \"height\": 2}, {\"type\": \"dirt\", \"coords\": [[5, 0], [5, 1]], \"height\": 0}]','[{\"x\": 0, \"z\": 0}, {\"x\": 1, \"z\": 0}, {\"x\": 0, \"z\": 1}, {\"x\": 1, \"z\": 1}]','[{\"x\": 9, \"z\": 9}, {\"x\": 8, \"z\": 9}, {\"x\": 9, \"z\": 8}]','버려진 산속 사찰. 서리 덮인 불상들이 서 있는 황량한 곳에 알 수 없는 평화가 감돈다.'),(116,8,6,'얼어붙은 폭포',0,3,3,30,18,10,10,'stone','[{\"type\": \"stone\", \"coords\": [[5, 5], [6, 5], [5, 6], [6, 6]], \"height\": 2}, {\"type\": \"stone\", \"coords\": [[2, 2], [7, 2]], \"height\": 2}, {\"type\": \"dirt\", \"coords\": [[5, 0], [5, 1]], \"height\": 0}]','[{\"x\": 0, \"z\": 0}, {\"x\": 1, \"z\": 0}, {\"x\": 0, \"z\": 1}, {\"x\": 1, \"z\": 1}]','[{\"x\": 9, \"z\": 9}, {\"x\": 8, \"z\": 9}, {\"x\": 9, \"z\": 8}]','절벽에 얼어붙은 거대한 폭포. 얼음 형상들이 빛나고, 그 뒤에 수정 동굴이 숨어 있다.'),(117,8,7,'구름 속 길',0,3,3,35,21,12,12,'stone','[{\"type\": \"stone\", \"coords\": [[6, 6], [7, 6], [6, 7], [7, 7]], \"height\": 3}, {\"type\": \"water\", \"coords\": [[0, 11], [1, 11]], \"height\": 0}, {\"type\": \"water\", \"coords\": [[11, 0], [10, 0]], \"height\": 0}, {\"type\": \"stone\", \"coords\": [[2, 2], [9, 2]], \"height\": 2}, {\"type\": \"dirt\", \"coords\": [[6, 0], [6, 1]], \"height\": 0}]','[{\"x\": 0, \"z\": 0}, {\"x\": 1, \"z\": 0}, {\"x\": 0, \"z\": 1}, {\"x\": 1, \"z\": 1}]','[{\"x\": 11, \"z\": 11}, {\"x\": 10, \"z\": 11}, {\"x\": 11, \"z\": 10}]','구름층을 통과하는 등산로. 신비로운 안개 속을 걷는 것 같은 초월적 경험의 영역.'),(118,8,8,'석인 행렬',0,3,4,40,24,12,12,'stone','[{\"type\": \"stone\", \"coords\": [[6, 6], [7, 6], [6, 7], [7, 7]], \"height\": 3}, {\"type\": \"stone\", \"coords\": [[2, 2], [9, 2]], \"height\": 2}, {\"type\": \"stone\", \"coords\": [[2, 9], [9, 9]], \"height\": 3}, {\"type\": \"dirt\", \"coords\": [[6, 0], [6, 1]], \"height\": 0}]','[{\"x\": 0, \"z\": 0}, {\"x\": 1, \"z\": 0}, {\"x\": 0, \"z\": 1}, {\"x\": 1, \"z\": 1}]','[{\"x\": 11, \"z\": 11}, {\"x\": 10, \"z\": 11}, {\"x\": 11, \"z\": 10}, {\"x\": 10, \"z\": 10}]','산길 양옆에 늘어선 돌 무사 석상들. 침입자가 다가오면 눈에서 빛이 나며 움직이기 시작한다.'),(119,8,9,'산신당',0,3,4,45,27,12,12,'stone','[{\"type\": \"stone\", \"coords\": [[6, 6], [7, 6], [6, 7], [7, 7]], \"height\": 3}, {\"type\": \"water\", \"coords\": [[0, 11], [1, 11]], \"height\": 0}, {\"type\": \"stone\", \"coords\": [[2, 2], [9, 2]], \"height\": 2}, {\"type\": \"stone\", \"coords\": [[2, 9], [9, 9]], \"height\": 3}, {\"type\": \"dirt\", \"coords\": [[6, 0], [6, 1]], \"height\": 0}]','[{\"x\": 0, \"z\": 0}, {\"x\": 1, \"z\": 0}, {\"x\": 0, \"z\": 1}, {\"x\": 1, \"z\": 1}]','[{\"x\": 11, \"z\": 11}, {\"x\": 10, \"z\": 11}, {\"x\": 11, \"z\": 10}, {\"x\": 10, \"z\": 10}]','산 정상의 번개 피뢰침 제단. 강력한 에너지가 쏠리고 있으며, 폭풍이 몰아친다.'),(120,8,10,'산신령',1,4,5,100,60,14,14,'stone','[{\"type\": \"stone\", \"coords\": [[7, 7], [8, 7], [7, 8], [8, 8]], \"height\": 4}, {\"type\": \"water\", \"coords\": [[13, 0], [12, 0]], \"height\": 0}, {\"type\": \"stone\", \"coords\": [[2, 2], [11, 2]], \"height\": 2}, {\"type\": \"stone\", \"coords\": [[2, 11], [11, 11]], \"height\": 3}, {\"type\": \"dirt\", \"coords\": [[7, 0], [7, 1]], \"height\": 0}]','[{\"x\": 0, \"z\": 0}, {\"x\": 1, \"z\": 0}, {\"x\": 0, \"z\": 1}, {\"x\": 1, \"z\": 1}]','[{\"x\": 13, \"z\": 13}, {\"x\": 12, \"z\": 13}, {\"x\": 13, \"z\": 12}, {\"x\": 12, \"z\": 12}]','산 정상에서 폭풍 구름 속으로부터 나타나는 거대한 유령 전사. 천둥과 번개의 최종 보스전.'),(121,11,1,'해안 동굴',0,1,0,5,3,8,8,'stone','[{\"type\": \"stone\", \"coords\": [[4, 4], [5, 4], [4, 5], [5, 5]], \"height\": 1}, {\"type\": \"water\", \"coords\": [[0, 7], [1, 7]], \"height\": 0}, {\"type\": \"water\", \"coords\": [[7, 0], [6, 0]], \"height\": 0}, {\"type\": \"dirt\", \"coords\": [[4, 0], [4, 1]], \"height\": 0}]','[{\"x\": 0, \"z\": 0}, {\"x\": 1, \"z\": 0}, {\"x\": 0, \"z\": 1}, {\"x\": 1, \"z\": 1}]','[{\"x\": 7, \"z\": 7}, {\"x\": 6, \"z\": 7}, {\"x\": 7, \"z\": 6}]','파도가 부딪히는 해안의 동굴 입구. 조개껍데기와 불가사리가 널려 있고 바닷물이 밀려온다.'),(122,11,2,'침수 터널',0,1,1,10,6,8,8,'stone','[{\"type\": \"stone\", \"coords\": [[4, 4], [5, 4], [4, 5], [5, 5]], \"height\": 1}, {\"type\": \"dirt\", \"coords\": [[4, 0], [4, 1]], \"height\": 0}]','[{\"x\": 0, \"z\": 0}, {\"x\": 1, \"z\": 0}, {\"x\": 0, \"z\": 1}, {\"x\": 1, \"z\": 1}]','[{\"x\": 7, \"z\": 7}, {\"x\": 6, \"z\": 7}, {\"x\": 7, \"z\": 6}]','공기 주머니가 군데군데 있는 잠수 통로. 산호 벽면과 열대어가 환상적인 수중 세계.'),(123,11,3,'난파선',0,2,1,15,9,8,8,'stone','[{\"type\": \"stone\", \"coords\": [[4, 4], [5, 4], [4, 5], [5, 5]], \"height\": 1}, {\"type\": \"water\", \"coords\": [[0, 7], [1, 7]], \"height\": 0}, {\"type\": \"dirt\", \"coords\": [[4, 0], [4, 1]], \"height\": 0}]','[{\"x\": 0, \"z\": 0}, {\"x\": 1, \"z\": 0}, {\"x\": 0, \"z\": 1}, {\"x\": 1, \"z\": 1}]','[{\"x\": 7, \"z\": 7}, {\"x\": 6, \"z\": 7}, {\"x\": 7, \"z\": 6}]','해저에 가라앉은 고대 선박의 잔해. 보물 상자가 흩어져 있고 해골 선원들이 떠다닌다.'),(124,11,4,'산호 도시',0,2,2,20,12,10,10,'stone','[{\"type\": \"stone\", \"coords\": [[5, 5], [6, 5], [5, 6], [6, 6]], \"height\": 2}, {\"type\": \"water\", \"coords\": [[9, 0], [8, 0]], \"height\": 0}, {\"type\": \"dirt\", \"coords\": [[5, 0], [5, 1]], \"height\": 0}]','[{\"x\": 0, \"z\": 0}, {\"x\": 1, \"z\": 0}, {\"x\": 0, \"z\": 1}, {\"x\": 1, \"z\": 1}]','[{\"x\": 9, \"z\": 9}, {\"x\": 8, \"z\": 9}, {\"x\": 9, \"z\": 8}]','발광 생물들이 빛나는 수중 산호 도시. 해마 기사단이 순찰하는 환상적인 해저 세계.'),(125,11,5,'심해 열수구',0,2,2,25,15,10,10,'stone','[{\"type\": \"stone\", \"coords\": [[5, 5], [6, 5], [5, 6], [6, 6]], \"height\": 2}, {\"type\": \"water\", \"coords\": [[0, 9], [1, 9]], \"height\": 0}, {\"type\": \"stone\", \"coords\": [[2, 2], [7, 2]], \"height\": 2}, {\"type\": \"dirt\", \"coords\": [[5, 0], [5, 1]], \"height\": 0}]','[{\"x\": 0, \"z\": 0}, {\"x\": 1, \"z\": 0}, {\"x\": 0, \"z\": 1}, {\"x\": 1, \"z\": 1}]','[{\"x\": 9, \"z\": 9}, {\"x\": 8, \"z\": 9}, {\"x\": 9, \"z\": 8}]','극한 수압의 깊은 바다 열수구 지대. 관벌레와 심해어가 서식하는 어둠의 심연.'),(126,11,6,'유적 정문',0,3,3,30,18,10,10,'stone','[{\"type\": \"stone\", \"coords\": [[5, 5], [6, 5], [5, 6], [6, 6]], \"height\": 2}, {\"type\": \"stone\", \"coords\": [[2, 2], [7, 2]], \"height\": 2}, {\"type\": \"dirt\", \"coords\": [[5, 0], [5, 1]], \"height\": 0}]','[{\"x\": 0, \"z\": 0}, {\"x\": 1, \"z\": 0}, {\"x\": 0, \"z\": 1}, {\"x\": 1, \"z\": 1}]','[{\"x\": 9, \"z\": 9}, {\"x\": 8, \"z\": 9}, {\"x\": 9, \"z\": 8}]','바다뱀 조각이 새겨진 고대 수중 신전의 정문. 따개비에 뒤덮인 거대한 문이 열린다.'),(127,11,7,'수중 미궁',0,3,3,35,21,12,12,'stone','[{\"type\": \"stone\", \"coords\": [[6, 6], [7, 6], [6, 7], [7, 7]], \"height\": 3}, {\"type\": \"water\", \"coords\": [[0, 11], [1, 11]], \"height\": 0}, {\"type\": \"water\", \"coords\": [[11, 0], [10, 0]], \"height\": 0}, {\"type\": \"stone\", \"coords\": [[2, 2], [9, 2]], \"height\": 2}, {\"type\": \"dirt\", \"coords\": [[6, 0], [6, 1]], \"height\": 0}]','[{\"x\": 0, \"z\": 0}, {\"x\": 1, \"z\": 0}, {\"x\": 0, \"z\": 1}, {\"x\": 1, \"z\": 1}]','[{\"x\": 11, \"z\": 11}, {\"x\": 10, \"z\": 11}, {\"x\": 11, \"z\": 10}]','해류가 복잡하게 교차하는 돌 회랑의 미로. 갇힌 공기 방에서 호흡을 이어가야 한다.'),(128,11,8,'심연의 끝',0,3,4,40,24,12,12,'stone','[{\"type\": \"stone\", \"coords\": [[6, 6], [7, 6], [6, 7], [7, 7]], \"height\": 3}, {\"type\": \"stone\", \"coords\": [[2, 2], [9, 2]], \"height\": 2}, {\"type\": \"stone\", \"coords\": [[2, 9], [9, 9]], \"height\": 3}, {\"type\": \"dirt\", \"coords\": [[6, 0], [6, 1]], \"height\": 0}]','[{\"x\": 0, \"z\": 0}, {\"x\": 1, \"z\": 0}, {\"x\": 0, \"z\": 1}, {\"x\": 1, \"z\": 1}]','[{\"x\": 11, \"z\": 11}, {\"x\": 10, \"z\": 11}, {\"x\": 11, \"z\": 10}, {\"x\": 10, \"z\": 10}]','해구의 가장자리, 끝없는 어둠 아래로 거대한 그림자가 움직인다. 공포의 심해.'),(129,11,9,'진주 왕좌',0,3,4,45,27,12,12,'stone','[{\"type\": \"stone\", \"coords\": [[6, 6], [7, 6], [6, 7], [7, 7]], \"height\": 3}, {\"type\": \"water\", \"coords\": [[0, 11], [1, 11]], \"height\": 0}, {\"type\": \"stone\", \"coords\": [[2, 2], [9, 2]], \"height\": 2}, {\"type\": \"stone\", \"coords\": [[2, 9], [9, 9]], \"height\": 3}, {\"type\": \"dirt\", \"coords\": [[6, 0], [6, 1]], \"height\": 0}]','[{\"x\": 0, \"z\": 0}, {\"x\": 1, \"z\": 0}, {\"x\": 0, \"z\": 1}, {\"x\": 1, \"z\": 1}]','[{\"x\": 11, \"z\": 11}, {\"x\": 10, \"z\": 11}, {\"x\": 11, \"z\": 10}, {\"x\": 10, \"z\": 10}]','진주로 만들어진 왕좌가 있는 수중 왕좌실. 해파리 샹들리에가 빛나는 아름다운 공간.'),(130,11,10,'해신',1,4,5,100,60,14,14,'stone','[{\"type\": \"stone\", \"coords\": [[7, 7], [8, 7], [7, 8], [8, 8]], \"height\": 4}, {\"type\": \"water\", \"coords\": [[13, 0], [12, 0]], \"height\": 0}, {\"type\": \"stone\", \"coords\": [[2, 2], [11, 2]], \"height\": 2}, {\"type\": \"stone\", \"coords\": [[2, 11], [11, 11]], \"height\": 3}, {\"type\": \"dirt\", \"coords\": [[7, 0], [7, 1]], \"height\": 0}]','[{\"x\": 0, \"z\": 0}, {\"x\": 1, \"z\": 0}, {\"x\": 0, \"z\": 1}, {\"x\": 1, \"z\": 1}]','[{\"x\": 13, \"z\": 13}, {\"x\": 12, \"z\": 13}, {\"x\": 13, \"z\": 12}, {\"x\": 12, \"z\": 12}]','심연에서 솟아오른 거대 바다뱀이 기둥을 휘감으며 공격한다. 파도와 소용돌이의 최종 보스전.'),(131,14,1,'점액 입구',0,1,0,5,3,8,8,'stone','[{\"type\": \"stone\", \"coords\": [[4, 4], [5, 4], [4, 5], [5, 5]], \"height\": 1}, {\"type\": \"water\", \"coords\": [[0, 7], [1, 7]], \"height\": 0}, {\"type\": \"water\", \"coords\": [[7, 0], [6, 0]], \"height\": 0}, {\"type\": \"dirt\", \"coords\": [[4, 0], [4, 1]], \"height\": 0}]','[{\"x\": 0, \"z\": 0}, {\"x\": 1, \"z\": 0}, {\"x\": 0, \"z\": 1}, {\"x\": 1, \"z\": 1}]','[{\"x\": 7, \"z\": 7}, {\"x\": 6, \"z\": 7}, {\"x\": 7, \"z\": 6}]','알록달록한 점액이 뚝뚝 떨어지는 동굴 입구. 작고 귀여운 슬라임들이 통통 튀어다닌다.'),(132,14,2,'점액 터널',0,1,1,10,6,8,8,'stone','[{\"type\": \"stone\", \"coords\": [[4, 4], [5, 4], [4, 5], [5, 5]], \"height\": 1}, {\"type\": \"dirt\", \"coords\": [[4, 0], [4, 1]], \"height\": 0}]','[{\"x\": 0, \"z\": 0}, {\"x\": 1, \"z\": 0}, {\"x\": 0, \"z\": 1}, {\"x\": 1, \"z\": 1}]','[{\"x\": 7, \"z\": 7}, {\"x\": 6, \"z\": 7}, {\"x\": 7, \"z\": 6}]','벽면에 슬라임의 흔적이 남아있는 좁은 터널. 수정 결정과 푸른 빛이 환상적이다.'),(133,14,3,'녹색 연못',0,2,1,15,9,8,8,'stone','[{\"type\": \"stone\", \"coords\": [[4, 4], [5, 4], [4, 5], [5, 5]], \"height\": 1}, {\"type\": \"water\", \"coords\": [[0, 7], [1, 7]], \"height\": 0}, {\"type\": \"dirt\", \"coords\": [[4, 0], [4, 1]], \"height\": 0}]','[{\"x\": 0, \"z\": 0}, {\"x\": 1, \"z\": 0}, {\"x\": 0, \"z\": 1}, {\"x\": 1, \"z\": 1}]','[{\"x\": 7, \"z\": 7}, {\"x\": 6, \"z\": 7}, {\"x\": 7, \"z\": 6}]','초록빛 슬라임 액체로 가득 찬 지하 연못. 수면에서 거품이 올라오며 슬라임이 생겨난다.'),(134,14,4,'수정 광장',0,2,2,20,12,10,10,'stone','[{\"type\": \"stone\", \"coords\": [[5, 5], [6, 5], [5, 6], [6, 6]], \"height\": 2}, {\"type\": \"water\", \"coords\": [[9, 0], [8, 0]], \"height\": 0}, {\"type\": \"dirt\", \"coords\": [[5, 0], [5, 1]], \"height\": 0}]','[{\"x\": 0, \"z\": 0}, {\"x\": 1, \"z\": 0}, {\"x\": 0, \"z\": 1}, {\"x\": 1, \"z\": 1}]','[{\"x\": 9, \"z\": 9}, {\"x\": 8, \"z\": 9}, {\"x\": 9, \"z\": 8}]','프리즘 빛이 반짝이는 수정 동굴. 무지개 슬라임들이 빛을 반사하며 반짝인다.'),(135,14,5,'산성 통로',0,2,2,25,15,10,10,'stone','[{\"type\": \"stone\", \"coords\": [[5, 5], [6, 5], [5, 6], [6, 6]], \"height\": 2}, {\"type\": \"water\", \"coords\": [[0, 9], [1, 9]], \"height\": 0}, {\"type\": \"stone\", \"coords\": [[2, 2], [7, 2]], \"height\": 2}, {\"type\": \"dirt\", \"coords\": [[5, 0], [5, 1]], \"height\": 0}]','[{\"x\": 0, \"z\": 0}, {\"x\": 1, \"z\": 0}, {\"x\": 0, \"z\": 1}, {\"x\": 1, \"z\": 1}]','[{\"x\": 9, \"z\": 9}, {\"x\": 8, \"z\": 9}, {\"x\": 9, \"z\": 8}]','천장에서 강산성 점액이 떨어지는 위험한 통로. 바위가 부식된 흔적이 곳곳에 보인다.'),(136,14,6,'점액 폭포',0,3,3,30,18,10,10,'stone','[{\"type\": \"stone\", \"coords\": [[5, 5], [6, 5], [5, 6], [6, 6]], \"height\": 2}, {\"type\": \"stone\", \"coords\": [[2, 2], [7, 2]], \"height\": 2}, {\"type\": \"dirt\", \"coords\": [[5, 0], [5, 1]], \"height\": 0}]','[{\"x\": 0, \"z\": 0}, {\"x\": 1, \"z\": 0}, {\"x\": 0, \"z\": 1}, {\"x\": 1, \"z\": 1}]','[{\"x\": 9, \"z\": 9}, {\"x\": 8, \"z\": 9}, {\"x\": 9, \"z\": 8}]','거대한 슬라임 폭포가 떨어지는 대형 공간. 발광 생물들이 아름답지만 위험하다.'),(137,14,7,'빙결 구역',0,3,3,35,21,12,12,'stone','[{\"type\": \"stone\", \"coords\": [[6, 6], [7, 6], [6, 7], [7, 7]], \"height\": 3}, {\"type\": \"water\", \"coords\": [[0, 11], [1, 11]], \"height\": 0}, {\"type\": \"water\", \"coords\": [[11, 0], [10, 0]], \"height\": 0}, {\"type\": \"stone\", \"coords\": [[2, 2], [9, 2]], \"height\": 2}, {\"type\": \"dirt\", \"coords\": [[6, 0], [6, 1]], \"height\": 0}]','[{\"x\": 0, \"z\": 0}, {\"x\": 1, \"z\": 0}, {\"x\": 0, \"z\": 1}, {\"x\": 1, \"z\": 1}]','[{\"x\": 11, \"z\": 11}, {\"x\": 10, \"z\": 11}, {\"x\": 11, \"z\": 10}]','동굴의 냉기가 모인 빙결 지대. 얼음 슬라임들이 주위를 꽁꽁 얼리며 다가온다.'),(138,14,8,'화산 분출구',0,3,4,40,24,12,12,'stone','[{\"type\": \"stone\", \"coords\": [[6, 6], [7, 6], [6, 7], [7, 7]], \"height\": 3}, {\"type\": \"stone\", \"coords\": [[2, 2], [9, 2]], \"height\": 2}, {\"type\": \"stone\", \"coords\": [[2, 9], [9, 9]], \"height\": 3}, {\"type\": \"dirt\", \"coords\": [[6, 0], [6, 1]], \"height\": 0}]','[{\"x\": 0, \"z\": 0}, {\"x\": 1, \"z\": 0}, {\"x\": 0, \"z\": 1}, {\"x\": 1, \"z\": 1}]','[{\"x\": 11, \"z\": 11}, {\"x\": 10, \"z\": 11}, {\"x\": 11, \"z\": 10}, {\"x\": 10, \"z\": 10}]','지열이 솟아오르는 구역에서 불꽃 슬라임들이 서식한다. 용암과 불의 향연.'),(139,14,9,'왕실 근위대',0,3,4,45,27,12,12,'stone','[{\"type\": \"stone\", \"coords\": [[6, 6], [7, 6], [6, 7], [7, 7]], \"height\": 3}, {\"type\": \"water\", \"coords\": [[0, 11], [1, 11]], \"height\": 0}, {\"type\": \"stone\", \"coords\": [[2, 2], [9, 2]], \"height\": 2}, {\"type\": \"stone\", \"coords\": [[2, 9], [9, 9]], \"height\": 3}, {\"type\": \"dirt\", \"coords\": [[6, 0], [6, 1]], \"height\": 0}]','[{\"x\": 0, \"z\": 0}, {\"x\": 1, \"z\": 0}, {\"x\": 0, \"z\": 1}, {\"x\": 1, \"z\": 1}]','[{\"x\": 11, \"z\": 11}, {\"x\": 10, \"z\": 11}, {\"x\": 11, \"z\": 10}, {\"x\": 10, \"z\": 10}]','경화된 슬라임으로 만들어진 왕좌가 있는 방. 황금 슬라임 근위대가 왕을 지킨다.'),(140,14,10,'슬라임 킹',1,4,5,100,60,14,14,'stone','[{\"type\": \"stone\", \"coords\": [[7, 7], [8, 7], [7, 8], [8, 8]], \"height\": 4}, {\"type\": \"water\", \"coords\": [[13, 0], [12, 0]], \"height\": 0}, {\"type\": \"stone\", \"coords\": [[2, 2], [11, 2]], \"height\": 2}, {\"type\": \"stone\", \"coords\": [[2, 11], [11, 11]], \"height\": 3}, {\"type\": \"dirt\", \"coords\": [[7, 0], [7, 1]], \"height\": 0}]','[{\"x\": 0, \"z\": 0}, {\"x\": 1, \"z\": 0}, {\"x\": 0, \"z\": 1}, {\"x\": 1, \"z\": 1}]','[{\"x\": 13, \"z\": 13}, {\"x\": 12, \"z\": 13}, {\"x\": 13, \"z\": 12}, {\"x\": 12, \"z\": 12}]','작은 슬라임들을 흡수하며 거대화하는 슬라임 킹과의 최종 결전. 왕관이 떠있는 거대 보스전.'),(141,13,1,'빛나는 입구',0,1,0,5,3,8,8,'grass','[{\"type\": \"stone\", \"coords\": [[4, 4], [5, 4], [4, 5], [5, 5]], \"height\": 1}, {\"type\": \"water\", \"coords\": [[0, 7], [1, 7]], \"height\": 0}, {\"type\": \"water\", \"coords\": [[7, 0], [6, 0]], \"height\": 0}, {\"type\": \"dirt\", \"coords\": [[4, 0], [4, 1]], \"height\": 0}]','[{\"x\": 0, \"z\": 0}, {\"x\": 1, \"z\": 0}, {\"x\": 0, \"z\": 1}, {\"x\": 1, \"z\": 1}]','[{\"x\": 7, \"z\": 7}, {\"x\": 6, \"z\": 7}, {\"x\": 7, \"z\": 6}]','발광 나비가 날아다니는 환상의 숲 입구. 황금빛 낙엽이 공중에 떠다니는 신비로운 광경.'),(142,13,2,'불의 터',0,1,1,10,6,8,8,'grass','[{\"type\": \"stone\", \"coords\": [[4, 4], [5, 4], [4, 5], [5, 5]], \"height\": 1}, {\"type\": \"dirt\", \"coords\": [[4, 0], [4, 1]], \"height\": 0}]','[{\"x\": 0, \"z\": 0}, {\"x\": 1, \"z\": 0}, {\"x\": 0, \"z\": 1}, {\"x\": 1, \"z\": 1}]','[{\"x\": 7, \"z\": 7}, {\"x\": 6, \"z\": 7}, {\"x\": 7, \"z\": 6}]','성스러운 돌 위에서 춤추는 화염. 따뜻한 주황빛 속에서 불의 정령들이 소용돌이친다.'),(143,13,3,'물의 샘',0,2,1,15,9,8,8,'grass','[{\"type\": \"stone\", \"coords\": [[4, 4], [5, 4], [4, 5], [5, 5]], \"height\": 1}, {\"type\": \"water\", \"coords\": [[0, 7], [1, 7]], \"height\": 0}, {\"type\": \"dirt\", \"coords\": [[4, 0], [4, 1]], \"height\": 0}]','[{\"x\": 0, \"z\": 0}, {\"x\": 1, \"z\": 0}, {\"x\": 0, \"z\": 1}, {\"x\": 1, \"z\": 1}]','[{\"x\": 7, \"z\": 7}, {\"x\": 6, \"z\": 7}, {\"x\": 7, \"z\": 6}]','물방울이 거꾸로 떠오르는 수정 샘물 숲. 물의 정령이 깃든 맑고 고요한 성역.'),(144,13,4,'땅의 협곡',0,2,2,20,12,10,10,'grass','[{\"type\": \"stone\", \"coords\": [[5, 5], [6, 5], [5, 6], [6, 6]], \"height\": 2}, {\"type\": \"water\", \"coords\": [[9, 0], [8, 0]], \"height\": 0}, {\"type\": \"dirt\", \"coords\": [[5, 0], [5, 1]], \"height\": 0}]','[{\"x\": 0, \"z\": 0}, {\"x\": 1, \"z\": 0}, {\"x\": 0, \"z\": 1}, {\"x\": 1, \"z\": 1}]','[{\"x\": 9, \"z\": 9}, {\"x\": 8, \"z\": 9}, {\"x\": 9, \"z\": 8}]','고대의 얼굴이 새겨진 거대한 바위 형상들의 협곡. 이끼와 수정이 어우러진 대지의 힘.'),(145,13,5,'바람의 들판',0,2,2,25,15,10,10,'grass','[{\"type\": \"stone\", \"coords\": [[5, 5], [6, 5], [5, 6], [6, 6]], \"height\": 2}, {\"type\": \"water\", \"coords\": [[0, 9], [1, 9]], \"height\": 0}, {\"type\": \"grass\", \"coords\": [[2, 2], [7, 2]], \"height\": 2}, {\"type\": \"dirt\", \"coords\": [[5, 0], [5, 1]], \"height\": 0}]','[{\"x\": 0, \"z\": 0}, {\"x\": 1, \"z\": 0}, {\"x\": 0, \"z\": 1}, {\"x\": 1, \"z\": 1}]','[{\"x\": 9, \"z\": 9}, {\"x\": 8, \"z\": 9}, {\"x\": 9, \"z\": 8}]','나선형으로 풀이 휘날리는 들판. 꽃잎이 공중에 떠다니며, 바람의 정령이 춤을 춘다.'),(146,13,6,'원소 교차점',0,3,3,30,18,10,10,'grass','[{\"type\": \"stone\", \"coords\": [[5, 5], [6, 5], [5, 6], [6, 6]], \"height\": 2}, {\"type\": \"grass\", \"coords\": [[2, 2], [7, 2]], \"height\": 2}, {\"type\": \"dirt\", \"coords\": [[5, 0], [5, 1]], \"height\": 0}]','[{\"x\": 0, \"z\": 0}, {\"x\": 1, \"z\": 0}, {\"x\": 0, \"z\": 1}, {\"x\": 1, \"z\": 1}]','[{\"x\": 9, \"z\": 9}, {\"x\": 8, \"z\": 9}, {\"x\": 9, \"z\": 8}]','네 원소 에너지 줄기가 한 지점에서 만나는 강력한 접점. 엄청난 원소 에너지가 요동친다.'),(147,13,7,'타락 지대',0,3,3,35,21,12,12,'grass','[{\"type\": \"stone\", \"coords\": [[6, 6], [7, 6], [6, 7], [7, 7]], \"height\": 3}, {\"type\": \"water\", \"coords\": [[0, 11], [1, 11]], \"height\": 0}, {\"type\": \"water\", \"coords\": [[11, 0], [10, 0]], \"height\": 0}, {\"type\": \"grass\", \"coords\": [[2, 2], [9, 2]], \"height\": 2}, {\"type\": \"dirt\", \"coords\": [[6, 0], [6, 1]], \"height\": 0}]','[{\"x\": 0, \"z\": 0}, {\"x\": 1, \"z\": 0}, {\"x\": 0, \"z\": 1}, {\"x\": 1, \"z\": 1}]','[{\"x\": 11, \"z\": 11}, {\"x\": 10, \"z\": 11}, {\"x\": 11, \"z\": 10}]','어둠에 오염된 정령들의 구역. 비틀린 원소의 카오스 에너지가 공간을 왜곡한다.'),(148,13,8,'정화 시련',0,3,4,40,24,12,12,'grass','[{\"type\": \"stone\", \"coords\": [[6, 6], [7, 6], [6, 7], [7, 7]], \"height\": 3}, {\"type\": \"grass\", \"coords\": [[2, 2], [9, 2]], \"height\": 2}, {\"type\": \"stone\", \"coords\": [[2, 9], [9, 9]], \"height\": 3}, {\"type\": \"dirt\", \"coords\": [[6, 0], [6, 1]], \"height\": 0}]','[{\"x\": 0, \"z\": 0}, {\"x\": 1, \"z\": 0}, {\"x\": 0, \"z\": 1}, {\"x\": 1, \"z\": 1}]','[{\"x\": 11, \"z\": 11}, {\"x\": 10, \"z\": 11}, {\"x\": 11, \"z\": 10}, {\"x\": 10, \"z\": 10}]','무지개 장벽을 통과해야 하는 정화의 시련장. 정결한 빛이 불순물을 태워버린다.'),(149,13,9,'세계수 뿌리',0,3,4,45,27,12,12,'grass','[{\"type\": \"stone\", \"coords\": [[6, 6], [7, 6], [6, 7], [7, 7]], \"height\": 3}, {\"type\": \"water\", \"coords\": [[0, 11], [1, 11]], \"height\": 0}, {\"type\": \"grass\", \"coords\": [[2, 2], [9, 2]], \"height\": 2}, {\"type\": \"stone\", \"coords\": [[2, 9], [9, 9]], \"height\": 3}, {\"type\": \"dirt\", \"coords\": [[6, 0], [6, 1]], \"height\": 0}]','[{\"x\": 0, \"z\": 0}, {\"x\": 1, \"z\": 0}, {\"x\": 0, \"z\": 1}, {\"x\": 1, \"z\": 1}]','[{\"x\": 11, \"z\": 11}, {\"x\": 10, \"z\": 11}, {\"x\": 11, \"z\": 10}, {\"x\": 10, \"z\": 10}]','거대한 세계수의 뿌리 네트워크가 빛나는 지하 공간. 원소 에너지의 근원이 흐른다.'),(150,13,10,'원소 수호자',1,4,5,100,60,14,14,'grass','[{\"type\": \"stone\", \"coords\": [[7, 7], [8, 7], [7, 8], [8, 8]], \"height\": 4}, {\"type\": \"water\", \"coords\": [[13, 0], [12, 0]], \"height\": 0}, {\"type\": \"grass\", \"coords\": [[2, 2], [11, 2]], \"height\": 2}, {\"type\": \"stone\", \"coords\": [[2, 11], [11, 11]], \"height\": 3}, {\"type\": \"dirt\", \"coords\": [[7, 0], [7, 1]], \"height\": 0}]','[{\"x\": 0, \"z\": 0}, {\"x\": 1, \"z\": 0}, {\"x\": 0, \"z\": 1}, {\"x\": 1, \"z\": 1}]','[{\"x\": 13, \"z\": 13}, {\"x\": 12, \"z\": 13}, {\"x\": 13, \"z\": 12}, {\"x\": 12, \"z\": 12}]','불·물·땅·바람을 합친 거대한 원소 키메라 수호자와의 최종 결전. 사원소의 폭풍.'),(151,7,1,'늪가',0,1,0,5,3,8,8,'grass','[{\"type\": \"stone\", \"coords\": [[4, 4], [5, 4], [4, 5], [5, 5]], \"height\": 1}, {\"type\": \"water\", \"coords\": [[0, 7], [1, 7]], \"height\": 0}, {\"type\": \"water\", \"coords\": [[7, 0], [6, 0]], \"height\": 0}, {\"type\": \"dirt\", \"coords\": [[4, 0], [4, 1]], \"height\": 0}]','[{\"x\": 0, \"z\": 0}, {\"x\": 1, \"z\": 0}, {\"x\": 0, \"z\": 1}, {\"x\": 1, \"z\": 1}]','[{\"x\": 7, \"z\": 7}, {\"x\": 6, \"z\": 7}, {\"x\": 7, \"z\": 6}]','갈대와 부들이 무성한 늪의 가장자리. 안개가 밀려오고 개구리 울음소리가 끊이지 않는다.'),(152,7,2,'독버섯 습지',0,1,1,10,6,8,8,'grass','[{\"type\": \"stone\", \"coords\": [[4, 4], [5, 4], [4, 5], [5, 5]], \"height\": 1}, {\"type\": \"dirt\", \"coords\": [[4, 0], [4, 1]], \"height\": 0}]','[{\"x\": 0, \"z\": 0}, {\"x\": 1, \"z\": 0}, {\"x\": 0, \"z\": 1}, {\"x\": 1, \"z\": 1}]','[{\"x\": 7, \"z\": 7}, {\"x\": 6, \"z\": 7}, {\"x\": 7, \"z\": 6}]','거대한 독버섯이 즐비한 깊은 늪. 독개구리와 함께 유독 가스가 피어오른다.'),(153,7,3,'고사목 숲',0,2,1,15,9,8,8,'grass','[{\"type\": \"stone\", \"coords\": [[4, 4], [5, 4], [4, 5], [5, 5]], \"height\": 1}, {\"type\": \"water\", \"coords\": [[0, 7], [1, 7]], \"height\": 0}, {\"type\": \"dirt\", \"coords\": [[4, 0], [4, 1]], \"height\": 0}]','[{\"x\": 0, \"z\": 0}, {\"x\": 1, \"z\": 0}, {\"x\": 0, \"z\": 1}, {\"x\": 1, \"z\": 1}]','[{\"x\": 7, \"z\": 7}, {\"x\": 6, \"z\": 7}, {\"x\": 7, \"z\": 6}]','죽은 나무들이 늘어선 음울한 구역. 이끼가 늘어지고 도깨비불이 떠다닌다.'),(154,7,4,'유사 지대',0,2,2,20,12,10,10,'grass','[{\"type\": \"stone\", \"coords\": [[5, 5], [6, 5], [5, 6], [6, 6]], \"height\": 2}, {\"type\": \"water\", \"coords\": [[9, 0], [8, 0]], \"height\": 0}, {\"type\": \"dirt\", \"coords\": [[5, 0], [5, 1]], \"height\": 0}]','[{\"x\": 0, \"z\": 0}, {\"x\": 1, \"z\": 0}, {\"x\": 0, \"z\": 1}, {\"x\": 1, \"z\": 1}]','[{\"x\": 9, \"z\": 9}, {\"x\": 8, \"z\": 9}, {\"x\": 9, \"z\": 8}]','한번 빠지면 나올 수 없는 위험한 유사 지대. 희생자들의 유품이 흩어져 있다.'),(155,7,5,'환각 버섯밭',0,2,2,25,15,10,10,'grass','[{\"type\": \"stone\", \"coords\": [[5, 5], [6, 5], [5, 6], [6, 6]], \"height\": 2}, {\"type\": \"water\", \"coords\": [[0, 9], [1, 9]], \"height\": 0}, {\"type\": \"grass\", \"coords\": [[2, 2], [7, 2]], \"height\": 2}, {\"type\": \"dirt\", \"coords\": [[5, 0], [5, 1]], \"height\": 0}]','[{\"x\": 0, \"z\": 0}, {\"x\": 1, \"z\": 0}, {\"x\": 0, \"z\": 1}, {\"x\": 1, \"z\": 1}]','[{\"x\": 9, \"z\": 9}, {\"x\": 8, \"z\": 9}, {\"x\": 9, \"z\": 8}]','거대 형형색색 균류가 환각 포자를 뿜는 위험 구역. 현실과 환상의 경계가 무너진다.'),(156,7,6,'썩은 다리',0,3,3,30,18,10,10,'grass','[{\"type\": \"stone\", \"coords\": [[5, 5], [6, 5], [5, 6], [6, 6]], \"height\": 2}, {\"type\": \"grass\", \"coords\": [[2, 2], [7, 2]], \"height\": 2}, {\"type\": \"dirt\", \"coords\": [[5, 0], [5, 1]], \"height\": 0}]','[{\"x\": 0, \"z\": 0}, {\"x\": 1, \"z\": 0}, {\"x\": 0, \"z\": 1}, {\"x\": 1, \"z\": 1}]','[{\"x\": 9, \"z\": 9}, {\"x\": 8, \"z\": 9}, {\"x\": 9, \"z\": 8}]','깊은 늪 위를 가로지르는 낡은 나무 널빤지 길. 아래에서 정체불명의 존재가 노려본다.'),(157,7,7,'벌레 둥지',0,3,3,35,21,12,12,'grass','[{\"type\": \"stone\", \"coords\": [[6, 6], [7, 6], [6, 7], [7, 7]], \"height\": 3}, {\"type\": \"water\", \"coords\": [[0, 11], [1, 11]], \"height\": 0}, {\"type\": \"water\", \"coords\": [[11, 0], [10, 0]], \"height\": 0}, {\"type\": \"grass\", \"coords\": [[2, 2], [9, 2]], \"height\": 2}, {\"type\": \"dirt\", \"coords\": [[6, 0], [6, 1]], \"height\": 0}]','[{\"x\": 0, \"z\": 0}, {\"x\": 1, \"z\": 0}, {\"x\": 0, \"z\": 1}, {\"x\": 1, \"z\": 1}]','[{\"x\": 11, \"z\": 11}, {\"x\": 10, \"z\": 11}, {\"x\": 11, \"z\": 10}]','죽은 나무 사이에 거대한 벌집이 매달려 있다. 거대 말벌과 독충들이 떼로 몰려온다.'),(158,7,8,'침몰한 유적',0,3,4,40,24,12,12,'grass','[{\"type\": \"stone\", \"coords\": [[6, 6], [7, 6], [6, 7], [7, 7]], \"height\": 3}, {\"type\": \"grass\", \"coords\": [[2, 2], [9, 2]], \"height\": 2}, {\"type\": \"stone\", \"coords\": [[2, 9], [9, 9]], \"height\": 3}, {\"type\": \"dirt\", \"coords\": [[6, 0], [6, 1]], \"height\": 0}]','[{\"x\": 0, \"z\": 0}, {\"x\": 1, \"z\": 0}, {\"x\": 0, \"z\": 1}, {\"x\": 1, \"z\": 1}]','[{\"x\": 11, \"z\": 11}, {\"x\": 10, \"z\": 11}, {\"x\": 11, \"z\": 10}, {\"x\": 10, \"z\": 10}]','늪 물속에 반쯤 잠긴 고대 신전. 덩굴에 휘감긴 기둥들에서 저주의 기운이 흐른다.'),(159,7,9,'부패의 심장',0,3,4,45,27,12,12,'grass','[{\"type\": \"stone\", \"coords\": [[6, 6], [7, 6], [6, 7], [7, 7]], \"height\": 3}, {\"type\": \"water\", \"coords\": [[0, 11], [1, 11]], \"height\": 0}, {\"type\": \"grass\", \"coords\": [[2, 2], [9, 2]], \"height\": 2}, {\"type\": \"stone\", \"coords\": [[2, 9], [9, 9]], \"height\": 3}, {\"type\": \"dirt\", \"coords\": [[6, 0], [6, 1]], \"height\": 0}]','[{\"x\": 0, \"z\": 0}, {\"x\": 1, \"z\": 0}, {\"x\": 0, \"z\": 1}, {\"x\": 1, \"z\": 1}]','[{\"x\": 11, \"z\": 11}, {\"x\": 10, \"z\": 11}, {\"x\": 11, \"z\": 10}, {\"x\": 10, \"z\": 10}]','늪의 가장 깊은 곳, 거대한 죽은 나무가 얼굴 형상을 하고 있다. 독의 폭포가 흐른다.'),(160,7,10,'늪의 여왕',1,4,5,100,60,14,14,'grass','[{\"type\": \"stone\", \"coords\": [[7, 7], [8, 7], [7, 8], [8, 8]], \"height\": 4}, {\"type\": \"water\", \"coords\": [[13, 0], [12, 0]], \"height\": 0}, {\"type\": \"grass\", \"coords\": [[2, 2], [11, 2]], \"height\": 2}, {\"type\": \"stone\", \"coords\": [[2, 11], [11, 11]], \"height\": 3}, {\"type\": \"dirt\", \"coords\": [[7, 0], [7, 1]], \"height\": 0}]','[{\"x\": 0, \"z\": 0}, {\"x\": 1, \"z\": 0}, {\"x\": 0, \"z\": 1}, {\"x\": 1, \"z\": 1}]','[{\"x\": 13, \"z\": 13}, {\"x\": 12, \"z\": 13}, {\"x\": 13, \"z\": 12}, {\"x\": 12, \"z\": 12}]','거대한 식물 몬스터 늪의 여왕과의 결전. 파리지옥 머리들이 사방에서 공격하는 최종 보스전.'),(161,6,1,'사원 외문',0,1,0,5,3,8,8,'dark','[{\"type\": \"stone\", \"coords\": [[3, 0], [4, 0], [3, 1], [4, 1]], \"height\": 1}, {\"type\": \"stone\", \"coords\": [[3, 6], [4, 6], [3, 7], [4, 7]], \"height\": 1}, {\"type\": \"stone\", \"coords\": [[0, 3], [0, 4], [7, 3], [7, 4]], \"height\": 2}]','[{\"x\": 0, \"z\": 0}, {\"x\": 1, \"z\": 0}, {\"x\": 0, \"z\": 1}]','[{\"x\": 7, \"z\": 7}, {\"x\": 6, \"z\": 7}]','무너져가는 사원의 바깥 문. 균열에서 저주의 에너지가 새어 나오고 있다.'),(162,6,2,'회랑',0,1,1,10,6,8,12,'dark','[{\"type\": \"stone\", \"coords\": [[0, 0], [0, 1], [0, 2], [0, 3], [0, 4], [0, 5], [0, 6], [0, 7], [0, 8], [0, 9], [0, 10], [0, 11]], \"height\": 2}, {\"type\": \"stone\", \"coords\": [[7, 0], [7, 1], [7, 2], [7, 3], [7, 4], [7, 5], [7, 6], [7, 7], [7, 8], [7, 9], [7, 10], [7, 11]], \"height\": 2}, {\"type\": \"stone\", \"coords\": [[3, 4], [4, 4], [3, 5], [4, 5]], \"height\": 1}, {\"type\": \"water\", \"coords\": [[3, 8], [4, 8]], \"height\": 0}]','[{\"x\": 2, \"z\": 0}, {\"x\": 3, \"z\": 0}, {\"x\": 2, \"z\": 1}]','[{\"x\": 5, \"z\": 11}, {\"x\": 4, \"z\": 11}]','부서진 석상들이 늘어선 어두운 복도. 보라색 횃불이 깜빡이고, 벽의 그림자가 움직인다.'),(163,6,3,'기도실',0,2,1,15,9,10,10,'dark','[{\"type\": \"stone\", \"coords\": [[4, 4], [5, 4], [4, 5], [5, 5]], \"height\": 3}, {\"type\": \"stone\", \"coords\": [[3, 3], [6, 3], [3, 6], [6, 6]], \"height\": 1}, {\"type\": \"stone\", \"coords\": [[2, 2], [7, 2], [2, 7], [7, 7]], \"height\": 0}, {\"type\": \"water\", \"coords\": [[0, 9], [1, 9], [9, 0], [9, 1]], \"height\": 0}]','[{\"x\": 0, \"z\": 0}, {\"x\": 1, \"z\": 0}, {\"x\": 0, \"z\": 1}]','[{\"x\": 9, \"z\": 9}, {\"x\": 8, \"z\": 9}, {\"x\": 9, \"z\": 8}]','뒤집어진 제단과 검은 의식 원이 그려진 기도실. 검은 촛불이 타오른다.'),(164,6,4,'금서의 서고',0,2,2,20,12,10,10,'dark','[{\"type\": \"grass\", \"coords\": [[2, 2], [3, 2], [4, 2], [5, 2], [6, 2], [7, 2]], \"height\": 0}, {\"type\": \"grass\", \"coords\": [[2, 7], [3, 7], [4, 7], [5, 7], [6, 7], [7, 7]], \"height\": 0}, {\"type\": \"grass\", \"coords\": [[2, 3], [2, 4], [2, 5], [2, 6]], \"height\": 0}, {\"type\": \"grass\", \"coords\": [[7, 3], [7, 4], [7, 5], [7, 6]], \"height\": 0}, {\"type\": \"water\", \"coords\": [[4, 4], [5, 4], [4, 5], [5, 5]], \"height\": 0}, {\"type\": \"stone\", \"coords\": [[0, 0], [9, 0], [0, 9], [9, 9]], \"height\": 1}]','[{\"x\": 0, \"z\": 0}, {\"x\": 1, \"z\": 0}, {\"x\": 0, \"z\": 1}]','[{\"x\": 9, \"z\": 9}, {\"x\": 8, \"z\": 9}, {\"x\": 9, \"z\": 8}]','저주받은 두루마리가 가득한 도서관. 빛나는 글자가 새겨진 책들이 공중에 떠다닌다.'),(165,6,5,'종루',0,2,2,25,15,10,10,'dark','[{\"type\": \"stone\", \"coords\": [[2, 0], [2, 1], [2, 2], [2, 3], [2, 4], [2, 5], [2, 6], [2, 7], [2, 8], [2, 9]], \"height\": 2}, {\"type\": \"stone\", \"coords\": [[7, 0], [7, 1], [7, 2], [7, 3], [7, 4], [7, 5], [7, 6], [7, 7], [7, 8], [7, 9]], \"height\": 2}, {\"type\": \"dark\", \"coords\": [[2, 4], [7, 4]], \"height\": 0}, {\"type\": \"stone\", \"coords\": [[4, 2], [5, 2]], \"height\": 1}, {\"type\": \"stone\", \"coords\": [[4, 7], [5, 7]], \"height\": 1}, {\"type\": \"stone\", \"coords\": [[0, 0], [1, 0], [0, 1]], \"height\": 1}]','[{\"x\": 0, \"z\": 0}, {\"x\": 1, \"z\": 0}, {\"x\": 0, \"z\": 1}, {\"x\": 1, \"z\": 1}]','[{\"x\": 9, \"z\": 9}, {\"x\": 8, \"z\": 9}, {\"x\": 9, \"z\": 8}]','거대한 금 간 종이 매달린 종탑. 어둠의 에너지가 울려 퍼지고 박쥐 떼가 날아다닌다.'),(166,6,6,'지하 납골당',0,3,3,30,18,10,10,'dark','[{\"type\": \"stone\", \"coords\": [[4, 1], [5, 1], [1, 4], [1, 5], [8, 4], [8, 5], [4, 8], [5, 8]], \"height\": 1}, {\"type\": \"stone\", \"coords\": [[3, 3], [6, 3], [3, 6], [6, 6]], \"height\": 2}, {\"type\": \"water\", \"coords\": [[4, 4], [5, 4], [4, 5], [5, 5]], \"height\": 0}, {\"type\": \"stone\", \"coords\": [[0, 0], [9, 0], [0, 9], [9, 9]], \"height\": 1}, {\"type\": \"dirt\", \"coords\": [[2, 2], [7, 2], [2, 7], [7, 7]], \"height\": 1}]','[{\"x\": 0, \"z\": 0}, {\"x\": 1, \"z\": 0}, {\"x\": 0, \"z\": 1}, {\"x\": 1, \"z\": 1}]','[{\"x\": 9, \"z\": 9}, {\"x\": 8, \"z\": 9}, {\"x\": 9, \"z\": 8}, {\"x\": 8, \"z\": 8}]','관 뚜껑이 열리며 언데드 승려들이 일어나는 지하 묘소. 신성이 더럽혀진 불경의 땅.'),(167,6,7,'거울 전',0,3,3,35,21,10,10,'dark','[{\"type\": \"stone\", \"coords\": [[1, 1], [1, 2], [1, 3], [1, 5], [1, 6], [1, 7]], \"height\": 2}, {\"type\": \"stone\", \"coords\": [[4, 1], [4, 2], [4, 3], [4, 5], [4, 6], [4, 7]], \"height\": 2}, {\"type\": \"stone\", \"coords\": [[7, 1], [7, 2], [7, 3], [7, 5], [7, 6], [7, 7]], \"height\": 2}, {\"type\": \"dirt\", \"coords\": [[2, 4], [3, 4], [5, 4], [6, 4], [8, 4]], \"height\": 0}, {\"type\": \"stone\", \"coords\": [[9, 8], [9, 9]], \"height\": 1}]','[{\"x\": 0, \"z\": 0}, {\"x\": 0, \"z\": 1}, {\"x\": 0, \"z\": 2}, {\"x\": 0, \"z\": 3}]','[{\"x\": 9, \"z\": 9}, {\"x\": 8, \"z\": 9}, {\"x\": 9, \"z\": 8}]','다른 시간대를 비추는 거울들이 벽에 걸린 방. 시간 왜곡이 일어나는 기묘한 공간.'),(168,6,8,'내전',0,3,4,40,24,12,8,'dark','[{\"type\": \"stone\", \"coords\": [[0, 0], [0, 1], [0, 2], [1, 0], [1, 1], [1, 2], [2, 0], [2, 1], [2, 2]], \"height\": 2}, {\"type\": \"stone\", \"coords\": [[9, 5], [9, 6], [9, 7], [10, 5], [10, 6], [10, 7], [11, 5], [11, 6], [11, 7]], \"height\": 2}, {\"type\": \"stone\", \"coords\": [[3, 1], [4, 1], [5, 1], [6, 1], [7, 1], [8, 1]], \"height\": 2}, {\"type\": \"stone\", \"coords\": [[3, 6], [4, 6], [5, 6], [6, 6], [7, 6], [8, 6]], \"height\": 2}, {\"type\": \"stone\", \"coords\": [[3, 3], [4, 3], [5, 3], [6, 3], [7, 3], [8, 3]], \"height\": 1}, {\"type\": \"stone\", \"coords\": [[3, 4], [4, 4], [5, 4], [6, 4], [7, 4], [8, 4]], \"height\": 1}, {\"type\": \"stone\", \"coords\": [[3, 2], [8, 2]], \"height\": 1}, {\"type\": \"water\", \"coords\": [[4, 2], [5, 2], [6, 2], [7, 2]], \"height\": 0}, {\"type\": \"stone\", \"coords\": [[3, 5], [8, 5]], \"height\": 1}, {\"type\": \"water\", \"coords\": [[4, 5], [5, 5], [6, 5], [7, 5]], \"height\": 0}]','[{\"x\": 0, \"z\": 0}, {\"x\": 1, \"z\": 0}, {\"x\": 0, \"z\": 1}, {\"x\": 1, \"z\": 1}]','[{\"x\": 11, \"z\": 7}, {\"x\": 10, \"z\": 7}, {\"x\": 11, \"z\": 6}]','핏빛 연못과 공중에 떠도는 마법진이 있는 안쪽 전당. 어둠의 힘이 최고조에 달한다.'),(169,6,9,'암흑 제단',0,3,4,45,27,10,10,'dark','[{\"type\": \"stone\", \"coords\": [[4, 0], [5, 0], [4, 1], [5, 1]], \"height\": 1}, {\"type\": \"stone\", \"coords\": [[8, 4], [9, 4], [8, 5], [9, 5]], \"height\": 1}, {\"type\": \"stone\", \"coords\": [[4, 8], [5, 8], [4, 9], [5, 9]], \"height\": 1}, {\"type\": \"stone\", \"coords\": [[0, 4], [1, 4], [0, 5], [1, 5]], \"height\": 1}, {\"type\": \"stone\", \"coords\": [[4, 4], [5, 4], [4, 5], [5, 5]], \"height\": 3}, {\"type\": \"stone\", \"coords\": [[2, 2], [3, 2], [2, 3]], \"height\": 2}, {\"type\": \"stone\", \"coords\": [[7, 2], [7, 3], [6, 2]], \"height\": 2}, {\"type\": \"stone\", \"coords\": [[2, 7], [2, 6], [3, 7]], \"height\": 2}, {\"type\": \"stone\", \"coords\": [[7, 7], [7, 6], [6, 7]], \"height\": 2}, {\"type\": \"water\", \"coords\": [[3, 4], [3, 5], [6, 4], [6, 5], [4, 3], [5, 3], [4, 6], [5, 6]], \"height\": 0}]','[{\"x\": 0, \"z\": 0}, {\"x\": 1, \"z\": 0}, {\"x\": 0, \"z\": 1}, {\"x\": 1, \"z\": 1}]','[{\"x\": 9, \"z\": 9}, {\"x\": 8, \"z\": 9}, {\"x\": 9, \"z\": 8}]','타락한 제단과 어둠의 수정이 놓인 최종 전초 지점. 대사제의 기운이 느껴진다.'),(170,6,10,'저주받은 대사제',1,4,5,100,60,14,14,'dark','[{\"type\": \"stone\", \"coords\": [[6, 6], [7, 6], [6, 7], [7, 7]], \"height\": 5}, {\"type\": \"stone\", \"coords\": [[5, 5], [8, 5], [5, 8], [8, 8]], \"height\": 3}, {\"type\": \"stone\", \"coords\": [[5, 6], [5, 7], [8, 6], [8, 7], [6, 5], [7, 5], [6, 8], [7, 8]], \"height\": 2}, {\"type\": \"stone\", \"coords\": [[4, 4], [9, 4], [4, 9], [9, 9]], \"height\": 2}, {\"type\": \"stone\", \"coords\": [[3, 3], [10, 3], [3, 10], [10, 10]], \"height\": 1}, {\"type\": \"water\", \"coords\": [[0, 6], [0, 7], [13, 6], [13, 7], [6, 0], [7, 0], [6, 13], [7, 13]], \"height\": 0}, {\"type\": \"dirt\", \"coords\": [[1, 1], [12, 1], [1, 12], [12, 12]], \"height\": 1}, {\"type\": \"stone\", \"coords\": [[2, 6], [2, 7], [11, 6], [11, 7], [6, 2], [7, 2], [6, 11], [7, 11]], \"height\": 1}]','[{\"x\": 0, \"z\": 0}, {\"x\": 1, \"z\": 0}, {\"x\": 0, \"z\": 1}, {\"x\": 1, \"z\": 1}]','[{\"x\": 13, \"z\": 13}, {\"x\": 12, \"z\": 13}, {\"x\": 13, \"z\": 12}, {\"x\": 12, \"z\": 12}]','거대한 언데드 대사제가 암흑 마법을 휘두르는 최종 결전. 사원이 무너져 내리는 보스전.'),(171,15,1,'장승 길목',0,1,0,5,3,10,10,'grass',NULL,'[{\"x\": 1, \"z\": 1}, {\"x\": 2, \"z\": 1}, {\"x\": 1, \"z\": 2}]','[{\"x\": 8, \"z\": 8}, {\"x\": 7, \"z\": 8}, {\"x\": 8, \"z\": 7}]','이끼 낀 장승이 양쪽에 서 있는 숲 입구. 무당이 매단 오색 천이 바람에 펄럭인다.'),(172,15,2,'도깨비 숲',0,1,1,10,6,10,10,'grass',NULL,'[{\"x\": 1, \"z\": 1}, {\"x\": 2, \"z\": 1}, {\"x\": 1, \"z\": 2}]','[{\"x\": 8, \"z\": 8}, {\"x\": 7, \"z\": 8}, {\"x\": 8, \"z\": 7}]','고목 사이로 도깨비불이 하나둘 떠오른다. 발걸음 소리에 깔깔대는 웃음소리가 섞인다.'),(173,15,3,'달빛 제단',0,2,1,15,9,10,10,'grass',NULL,'[{\"x\": 1, \"z\": 1}, {\"x\": 2, \"z\": 1}, {\"x\": 1, \"z\": 2}]','[{\"x\": 8, \"z\": 8}, {\"x\": 7, \"z\": 8}, {\"x\": 8, \"z\": 7}]','보름달 아래 돌로 쌓은 제단이 은빛으로 빛난다. 산짐승의 기운이 제단 주위를 맴돈다.'),(174,15,4,'구미호 영역',0,2,2,20,12,10,10,'grass',NULL,'[{\"x\": 1, \"z\": 1}, {\"x\": 2, \"z\": 1}, {\"x\": 1, \"z\": 2}]','[{\"x\": 8, \"z\": 8}, {\"x\": 7, \"z\": 8}, {\"x\": 8, \"z\": 7}]','아홉 갈래 꼬리의 그림자가 나뭇잎 사이로 스친다. 매혹적인 향기가 판단력을 흐린다.'),(175,15,5,'독안개 늪',0,2,2,25,15,10,10,'grass',NULL,'[{\"x\": 1, \"z\": 1}, {\"x\": 2, \"z\": 1}, {\"x\": 1, \"z\": 2}]','[{\"x\": 8, \"z\": 8}, {\"x\": 7, \"z\": 8}, {\"x\": 8, \"z\": 7}]','수렁에서 피어오르는 독한 안개. 도깨비불에 이끌려 들어가면 빠져나올 수 없다.'),(176,15,6,'신목 동굴',0,3,3,30,18,10,10,'grass',NULL,'[{\"x\": 1, \"z\": 1}, {\"x\": 2, \"z\": 1}, {\"x\": 1, \"z\": 2}]','[{\"x\": 8, \"z\": 8}, {\"x\": 7, \"z\": 8}, {\"x\": 8, \"z\": 7}]','수백 년 은행나무 뿌리가 만든 동굴. 나무 정령의 숨결이 나뭇잎을 통해 속삭인다.'),(177,15,7,'호랑이 고개',0,3,3,35,21,10,10,'grass',NULL,'[{\"x\": 1, \"z\": 1}, {\"x\": 2, \"z\": 1}, {\"x\": 1, \"z\": 2}]','[{\"x\": 8, \"z\": 8}, {\"x\": 7, \"z\": 8}, {\"x\": 8, \"z\": 7}]','바위에 깊은 발톱 자국이 남아 있다. 으르렁거리는 울림이 계곡을 타고 퍼져온다.'),(178,15,8,'무당골',0,3,4,40,24,10,10,'grass',NULL,'[{\"x\": 1, \"z\": 1}, {\"x\": 2, \"z\": 1}, {\"x\": 1, \"z\": 2}]','[{\"x\": 8, \"z\": 8}, {\"x\": 7, \"z\": 8}, {\"x\": 8, \"z\": 7}]','깨진 부적과 놋쇠 방울이 뒹구는 버려진 굿당. 원혼의 기운이 공간을 지배한다.'),(179,15,9,'영혼의 경계',0,3,4,45,27,10,10,'grass',NULL,'[{\"x\": 1, \"z\": 1}, {\"x\": 2, \"z\": 1}, {\"x\": 1, \"z\": 2}]','[{\"x\": 8, \"z\": 8}, {\"x\": 7, \"z\": 8}, {\"x\": 8, \"z\": 7}]','이승과 저승의 경계가 흐려지는 지대. 정처 없이 떠도는 혼백들이 눈에 보이기 시작한다.'),(180,15,10,'산군 호환',1,4,5,100,60,12,12,'grass',NULL,'[{\"x\": 1, \"z\": 1}, {\"x\": 2, \"z\": 1}, {\"x\": 1, \"z\": 2}]','[{\"x\": 10, \"z\": 10}, {\"x\": 9, \"z\": 10}, {\"x\": 10, \"z\": 9}, {\"x\": 9, \"z\": 9}]','산을 다스리는 거대 백호가 포효하며 나타난다. 숲 전체가 진동하는 최종 보스전.'),(181,16,1,'돌계단',0,1,0,5,3,10,10,'stone',NULL,'[{\"x\": 1, \"z\": 1}, {\"x\": 2, \"z\": 1}, {\"x\": 1, \"z\": 2}]','[{\"x\": 8, \"z\": 8}, {\"x\": 7, \"z\": 8}, {\"x\": 8, \"z\": 7}]','이끼 낀 돌계단으로 시작되는 산길. 절 가는 길에 걸린 기도 깃발이 아침 안개 속에 흔들린다.'),(182,16,2,'바위 절벽',0,1,1,10,6,10,10,'stone',NULL,'[{\"x\": 1, \"z\": 1}, {\"x\": 2, \"z\": 1}, {\"x\": 1, \"z\": 2}]','[{\"x\": 8, \"z\": 8}, {\"x\": 7, \"z\": 8}, {\"x\": 8, \"z\": 7}]','깎아지른 절벽을 따라 난 좁은 길. 아래는 구름바다, 독수리가 머리 위를 선회한다.'),(183,16,3,'산사 암자',0,2,1,15,9,10,10,'stone',NULL,'[{\"x\": 1, \"z\": 1}, {\"x\": 2, \"z\": 1}, {\"x\": 1, \"z\": 2}]','[{\"x\": 8, \"z\": 8}, {\"x\": 7, \"z\": 8}, {\"x\": 8, \"z\": 7}]','바위 틈에 지은 작은 암자. 풍경 소리와 고요한 독경이 산바람에 실려 온다.'),(184,16,4,'용소 폭포',0,2,2,20,12,10,10,'stone',NULL,'[{\"x\": 1, \"z\": 1}, {\"x\": 2, \"z\": 1}, {\"x\": 1, \"z\": 2}]','[{\"x\": 8, \"z\": 8}, {\"x\": 7, \"z\": 8}, {\"x\": 8, \"z\": 7}]','무지개가 걸린 폭포 아래 깊은 소. 옛날 이무기가 수행했다는 전설이 전해진다.'),(185,16,5,'철쇄 비탈',0,2,2,25,15,10,10,'stone',NULL,'[{\"x\": 1, \"z\": 1}, {\"x\": 2, \"z\": 1}, {\"x\": 1, \"z\": 2}]','[{\"x\": 8, \"z\": 8}, {\"x\": 7, \"z\": 8}, {\"x\": 8, \"z\": 7}]','쇠사슬에 의지해 올라야 하는 까마득한 바위 비탈. 발 아래 구름이 흘러간다.'),(186,16,6,'마애불 동굴',0,3,3,30,18,10,10,'stone',NULL,'[{\"x\": 1, \"z\": 1}, {\"x\": 2, \"z\": 1}, {\"x\": 1, \"z\": 2}]','[{\"x\": 8, \"z\": 8}, {\"x\": 7, \"z\": 8}, {\"x\": 8, \"z\": 7}]','절벽에 새긴 거대한 마애불 앞 동굴. 촛불에 비친 불상의 눈이 살아있는 듯하다.'),(187,16,7,'구름다리',0,3,3,35,21,10,10,'stone',NULL,'[{\"x\": 1, \"z\": 1}, {\"x\": 2, \"z\": 1}, {\"x\": 1, \"z\": 2}]','[{\"x\": 8, \"z\": 8}, {\"x\": 7, \"z\": 8}, {\"x\": 8, \"z\": 7}]','봉우리 사이를 잇는 흔들다리. 바람이 세차고 구름 사이로 나는 것 같은 아찔한 느낌.'),(188,16,8,'무장 능선',0,3,4,40,24,10,10,'stone',NULL,'[{\"x\": 1, \"z\": 1}, {\"x\": 2, \"z\": 1}, {\"x\": 1, \"z\": 2}]','[{\"x\": 8, \"z\": 8}, {\"x\": 7, \"z\": 8}, {\"x\": 8, \"z\": 7}]','돌로 깎은 사천왕상이 늘어선 능선. 침입자가 다가오면 석상의 눈에서 빛이 난다.'),(189,16,9,'산신당',0,3,4,45,27,10,10,'stone',NULL,'[{\"x\": 1, \"z\": 1}, {\"x\": 2, \"z\": 1}, {\"x\": 1, \"z\": 2}]','[{\"x\": 8, \"z\": 8}, {\"x\": 7, \"z\": 8}, {\"x\": 8, \"z\": 7}]','정상 부근의 산신각. 호랑이 그림과 백발 노인의 초상화가 모셔진 신성한 공간.'),(190,16,10,'산신령 강림',1,4,5,100,60,12,12,'stone',NULL,'[{\"x\": 1, \"z\": 1}, {\"x\": 2, \"z\": 1}, {\"x\": 1, \"z\": 2}]','[{\"x\": 10, \"z\": 10}, {\"x\": 9, \"z\": 10}, {\"x\": 10, \"z\": 9}, {\"x\": 9, \"z\": 9}]','백호를 타고 폭풍 속에서 나타나는 산신령. 천둥과 벼락이 산 전체를 뒤흔드는 최종전.'),(191,18,1,'버려진 논',0,1,0,5,3,10,10,'swamp',NULL,'[{\"x\": 1, \"z\": 1}, {\"x\": 2, \"z\": 1}, {\"x\": 1, \"z\": 2}]','[{\"x\": 8, \"z\": 8}, {\"x\": 7, \"z\": 8}, {\"x\": 8, \"z\": 7}]','수확을 멈춘 지 오래된 황폐한 논. 허수아비에 부적이 붙어 있고 물안개가 자욱하다.'),(192,18,2,'수렁길',0,1,1,10,6,10,10,'swamp',NULL,'[{\"x\": 1, \"z\": 1}, {\"x\": 2, \"z\": 1}, {\"x\": 1, \"z\": 2}]','[{\"x\": 8, \"z\": 8}, {\"x\": 7, \"z\": 8}, {\"x\": 8, \"z\": 7}]','한 발 내디딜 때마다 발이 빠지는 검은 수렁. 거머리와 기이한 벌레들이 득시글한다.'),(193,18,3,'물귀신 늪',0,2,1,15,9,10,10,'swamp',NULL,'[{\"x\": 1, \"z\": 1}, {\"x\": 2, \"z\": 1}, {\"x\": 1, \"z\": 2}]','[{\"x\": 8, \"z\": 8}, {\"x\": 7, \"z\": 8}, {\"x\": 8, \"z\": 7}]','수면 아래에서 차가운 손이 발목을 잡는다. 물귀신의 원한이 서린 저주받은 물웅덩이.'),(194,18,4,'독버섯 군락',0,2,2,20,12,10,10,'swamp',NULL,'[{\"x\": 1, \"z\": 1}, {\"x\": 2, \"z\": 1}, {\"x\": 1, \"z\": 2}]','[{\"x\": 8, \"z\": 8}, {\"x\": 7, \"z\": 8}, {\"x\": 8, \"z\": 7}]','보랏빛 포자를 뿜는 거대 독버섯 지대. 환각을 일으키는 안개가 현실감을 앗아간다.'),(195,18,5,'침몰 마을',0,2,2,25,15,10,10,'swamp',NULL,'[{\"x\": 1, \"z\": 1}, {\"x\": 2, \"z\": 1}, {\"x\": 1, \"z\": 2}]','[{\"x\": 8, \"z\": 8}, {\"x\": 7, \"z\": 8}, {\"x\": 8, \"z\": 7}]','홍수에 잠긴 옛 마을. 지붕만 간신히 보이고 그 아래서 원혼들의 곡소리가 들린다.'),(196,18,6,'저주 제단',0,3,3,30,18,10,10,'swamp',NULL,'[{\"x\": 1, \"z\": 1}, {\"x\": 2, \"z\": 1}, {\"x\": 1, \"z\": 2}]','[{\"x\": 8, \"z\": 8}, {\"x\": 7, \"z\": 8}, {\"x\": 8, \"z\": 7}]','습지 한가운데 외딴 섬에 놓인 돌 제단. 금지된 굿이 행해진 저주받은 땅.'),(197,18,7,'도깨비불 밤',0,3,3,35,21,10,10,'swamp',NULL,'[{\"x\": 1, \"z\": 1}, {\"x\": 2, \"z\": 1}, {\"x\": 1, \"z\": 2}]','[{\"x\": 8, \"z\": 8}, {\"x\": 7, \"z\": 8}, {\"x\": 8, \"z\": 7}]','사방에서 푸른 불이 떠다니는 한밤의 늪. 불을 따라가면 더 깊은 수렁으로 빠진다.'),(198,18,8,'지네 소굴',0,3,4,40,24,10,10,'swamp',NULL,'[{\"x\": 1, \"z\": 1}, {\"x\": 2, \"z\": 1}, {\"x\": 1, \"z\": 2}]','[{\"x\": 8, \"z\": 8}, {\"x\": 7, \"z\": 8}, {\"x\": 8, \"z\": 7}]','거대한 나무 뿌리 사이에 만들어진 왕지네의 둥지. 독충과 독기가 가득하다.'),(199,18,9,'부패의 심장',0,3,4,45,27,10,10,'swamp',NULL,'[{\"x\": 1, \"z\": 1}, {\"x\": 2, \"z\": 1}, {\"x\": 1, \"z\": 2}]','[{\"x\": 8, \"z\": 8}, {\"x\": 7, \"z\": 8}, {\"x\": 8, \"z\": 7}]','늪의 모든 저주가 뿜어져 나오는 거대한 고목. 썩은 기운의 원천이 맥동하고 있다.'),(200,18,10,'이무기 부활',1,4,5,100,60,12,12,'swamp',NULL,'[{\"x\": 1, \"z\": 1}, {\"x\": 2, \"z\": 1}, {\"x\": 1, \"z\": 2}]','[{\"x\": 10, \"z\": 10}, {\"x\": 9, \"z\": 10}, {\"x\": 10, \"z\": 9}, {\"x\": 9, \"z\": 9}]','늪 깊은 곳에서 천 년을 기다린 이무기가 솟아오른다. 물기둥과 홍수의 최종 보스전.'),(201,17,1,'일주문',0,1,0,5,3,10,10,'stone',NULL,'[{\"x\": 1, \"z\": 1}, {\"x\": 2, \"z\": 1}, {\"x\": 1, \"z\": 2}]','[{\"x\": 8, \"z\": 8}, {\"x\": 7, \"z\": 8}, {\"x\": 8, \"z\": 7}]','무너져 가는 일주문. 덩굴에 감긴 기둥 사이로 한때 장엄했던 사찰의 위용이 엿보인다.'),(202,17,2,'탑원',0,1,1,10,6,10,10,'stone',NULL,'[{\"x\": 1, \"z\": 1}, {\"x\": 2, \"z\": 1}, {\"x\": 1, \"z\": 2}]','[{\"x\": 8, \"z\": 8}, {\"x\": 7, \"z\": 8}, {\"x\": 8, \"z\": 7}]','부서진 석등과 쓰러진 돌탑이 흩어진 마당. 승려 유령의 그림자가 어른거린다.'),(203,17,3,'대웅전',0,2,1,15,9,10,10,'stone',NULL,'[{\"x\": 1, \"z\": 1}, {\"x\": 2, \"z\": 1}, {\"x\": 1, \"z\": 2}]','[{\"x\": 8, \"z\": 8}, {\"x\": 7, \"z\": 8}, {\"x\": 8, \"z\": 7}]','금이 간 불상이 서 있는 본전. 꺼지지 않는 촛불과 함께 어둠의 기운이 감돈다.'),(204,17,4,'범종루',0,2,2,20,12,10,10,'stone',NULL,'[{\"x\": 1, \"z\": 1}, {\"x\": 2, \"z\": 1}, {\"x\": 1, \"z\": 2}]','[{\"x\": 8, \"z\": 8}, {\"x\": 7, \"z\": 8}, {\"x\": 8, \"z\": 7}]','금 간 거대 범종이 매달린 종루. 저주받은 종소리가 영혼을 불러모은다.'),(205,17,5,'장경각',0,2,2,25,15,10,10,'stone',NULL,'[{\"x\": 1, \"z\": 1}, {\"x\": 2, \"z\": 1}, {\"x\": 1, \"z\": 2}]','[{\"x\": 8, \"z\": 8}, {\"x\": 7, \"z\": 8}, {\"x\": 8, \"z\": 7}]','흩어진 경전과 저주받은 두루마리가 떠다니는 경판 보관소. 어둠의 지식이 속삭인다.'),(206,17,6,'지하 부도전',0,3,3,30,18,10,10,'stone',NULL,'[{\"x\": 1, \"z\": 1}, {\"x\": 2, \"z\": 1}, {\"x\": 1, \"z\": 2}]','[{\"x\": 8, \"z\": 8}, {\"x\": 7, \"z\": 8}, {\"x\": 8, \"z\": 7}]','사찰 아래 숨겨진 고승들의 부도. 봉인이 약해진 사리함에서 영혼이 새어 나온다.'),(207,17,7,'석탑 묘역',0,3,3,35,21,10,10,'stone',NULL,'[{\"x\": 1, \"z\": 1}, {\"x\": 2, \"z\": 1}, {\"x\": 1, \"z\": 2}]','[{\"x\": 8, \"z\": 8}, {\"x\": 7, \"z\": 8}, {\"x\": 8, \"z\": 7}]','각 석탑마다 봉인된 원혼이 깃들어 있다. 봉인이 풀릴 때마다 빛이 흔들린다.'),(208,17,8,'선방',0,3,4,40,24,10,10,'stone',NULL,'[{\"x\": 1, \"z\": 1}, {\"x\": 2, \"z\": 1}, {\"x\": 1, \"z\": 2}]','[{\"x\": 8, \"z\": 8}, {\"x\": 7, \"z\": 8}, {\"x\": 8, \"z\": 7}]','좌선 자세로 굳어진 승려 유령들이 즐비한 선방. 시간이 멈춘 듯한 소름 끼치는 고요.'),(209,17,9,'비로전',0,3,4,45,27,10,10,'stone',NULL,'[{\"x\": 1, \"z\": 1}, {\"x\": 2, \"z\": 1}, {\"x\": 1, \"z\": 2}]','[{\"x\": 8, \"z\": 8}, {\"x\": 7, \"z\": 8}, {\"x\": 8, \"z\": 7}]','타락이 시작된 비밀 법당. 어둠의 사리가 안치된 제단에서 사악한 에너지가 흘러나온다.'),(210,17,10,'사천왕 각성',1,4,5,100,60,12,12,'stone',NULL,'[{\"x\": 1, \"z\": 1}, {\"x\": 2, \"z\": 1}, {\"x\": 1, \"z\": 2}]','[{\"x\": 10, \"z\": 10}, {\"x\": 9, \"z\": 10}, {\"x\": 10, \"z\": 9}, {\"x\": 9, \"z\": 9}]','타락한 사천왕 석상이 깨어나 불의 심판을 내린다. 사찰이 무너지는 최종 보스전.'),(211,19,1,'황천 입구',0,1,0,5,3,10,10,'grass',NULL,'[{\"x\": 1, \"z\": 1}, {\"x\": 2, \"z\": 1}, {\"x\": 1, \"z\": 2}]','[{\"x\": 8, \"z\": 8}, {\"x\": 7, \"z\": 8}, {\"x\": 8, \"z\": 7}]','이승과 저승의 경계에 선 안개 길. 현실이 옅어지며 주변이 점점 하얗게 변한다.'),(212,19,2,'영혼의 다리',0,1,1,10,6,10,10,'grass',NULL,'[{\"x\": 1, \"z\": 1}, {\"x\": 2, \"z\": 1}, {\"x\": 1, \"z\": 2}]','[{\"x\": 8, \"z\": 8}, {\"x\": 7, \"z\": 8}, {\"x\": 8, \"z\": 7}]','황천강 위 놓인 은빛 다리를 건너는 혼백들. 달빛 아래 슬픈 행렬이 이어진다.'),(213,19,3,'첫째 전각',0,2,1,15,9,10,10,'grass',NULL,'[{\"x\": 1, \"z\": 1}, {\"x\": 2, \"z\": 1}, {\"x\": 1, \"z\": 2}]','[{\"x\": 8, \"z\": 8}, {\"x\": 7, \"z\": 8}, {\"x\": 8, \"z\": 7}]','이승의 행적을 심판하는 첫 번째 대전. 저울 위에 놓인 영혼의 무게가 운명을 가른다.'),(214,19,4,'전생의 숲',0,2,2,20,12,10,10,'grass',NULL,'[{\"x\": 1, \"z\": 1}, {\"x\": 2, \"z\": 1}, {\"x\": 1, \"z\": 2}]','[{\"x\": 8, \"z\": 8}, {\"x\": 7, \"z\": 8}, {\"x\": 8, \"z\": 7}]','나무마다 다른 전생이 비치는 기이한 숲. 기억의 나뭇잎이 바람에 흩날린다.'),(215,19,5,'망각의 강',0,2,2,25,15,10,10,'grass',NULL,'[{\"x\": 1, \"z\": 1}, {\"x\": 2, \"z\": 1}, {\"x\": 1, \"z\": 2}]','[{\"x\": 8, \"z\": 8}, {\"x\": 7, \"z\": 8}, {\"x\": 8, \"z\": 7}]','이 물을 마시면 모든 기억을 잃는다. 강가에 주저앉아 우는 영혼들의 슬픈 풍경.'),(216,19,6,'혼시장',0,3,3,30,18,10,10,'grass',NULL,'[{\"x\": 1, \"z\": 1}, {\"x\": 2, \"z\": 1}, {\"x\": 1, \"z\": 2}]','[{\"x\": 8, \"z\": 8}, {\"x\": 7, \"z\": 8}, {\"x\": 8, \"z\": 7}]','귀신 상인들이 영혼의 기운을 거래하는 저승의 시장. 기묘한 물건들이 즐비하다.'),(217,19,7,'진실의 거울',0,3,3,35,21,10,10,'grass',NULL,'[{\"x\": 1, \"z\": 1}, {\"x\": 2, \"z\": 1}, {\"x\": 1, \"z\": 2}]','[{\"x\": 8, \"z\": 8}, {\"x\": 7, \"z\": 8}, {\"x\": 8, \"z\": 7}]','영혼의 진짜 모습을 비추는 거울들의 방. 환상이 깨지며 숨겨진 본성이 드러난다.'),(218,19,8,'형벌의 뜰',0,3,4,40,24,10,10,'grass',NULL,'[{\"x\": 1, \"z\": 1}, {\"x\": 2, \"z\": 1}, {\"x\": 1, \"z\": 2}]','[{\"x\": 8, \"z\": 8}, {\"x\": 7, \"z\": 8}, {\"x\": 8, \"z\": 7}]','각종 형벌이 집행되는 저승의 마당. 비명 소리가 끊이지 않는 공포의 장소.'),(219,19,9,'윤회의 수레',0,3,4,45,27,10,10,'grass',NULL,'[{\"x\": 1, \"z\": 1}, {\"x\": 2, \"z\": 1}, {\"x\": 1, \"z\": 2}]','[{\"x\": 8, \"z\": 8}, {\"x\": 7, \"z\": 8}, {\"x\": 8, \"z\": 7}]','카르마에 따라 다음 생을 결정하는 거대한 수레바퀴가 돌아가는 운명의 방.'),(220,19,10,'염라대왕',1,4,5,100,60,12,12,'grass',NULL,'[{\"x\": 1, \"z\": 1}, {\"x\": 2, \"z\": 1}, {\"x\": 1, \"z\": 2}]','[{\"x\": 10, \"z\": 10}, {\"x\": 9, \"z\": 10}, {\"x\": 10, \"z\": 9}, {\"x\": 9, \"z\": 9}]','저승을 다스리는 염라대왕의 심판. 사후 세계의 지배자와의 우주적 최종 결전.'),(221,20,1,'이끼 토리이',0,1,0,5,3,10,10,'grass',NULL,'[{\"x\": 1, \"z\": 1}, {\"x\": 2, \"z\": 1}, {\"x\": 1, \"z\": 2}]','[{\"x\": 8, \"z\": 8}, {\"x\": 7, \"z\": 8}, {\"x\": 8, \"z\": 7}]','이끼에 덮인 토리이 문이 삼나무 숲으로 안내한다. 코다마 정령의 울림이 들린다.'),(222,20,2,'대나무 미로',0,1,1,10,6,10,10,'grass',NULL,'[{\"x\": 1, \"z\": 1}, {\"x\": 2, \"z\": 1}, {\"x\": 1, \"z\": 2}]','[{\"x\": 8, \"z\": 8}, {\"x\": 7, \"z\": 8}, {\"x\": 8, \"z\": 7}]','바스락거리는 소리와 함께 너구리 그림자가 스친다. 신비한 등불이 길을 비춘다.'),(223,20,3,'금줄 신목',0,2,1,15,9,10,10,'grass',NULL,'[{\"x\": 1, \"z\": 1}, {\"x\": 2, \"z\": 1}, {\"x\": 1, \"z\": 2}]','[{\"x\": 8, \"z\": 8}, {\"x\": 7, \"z\": 8}, {\"x\": 8, \"z\": 7}]','시메나와가 감긴 거대한 고목. 성스럽지만 타락한 기운이 땅속 깊은 곳에서 올라온다.'),(224,20,4,'여우 사당',0,2,2,20,12,10,10,'grass',NULL,'[{\"x\": 1, \"z\": 1}, {\"x\": 2, \"z\": 1}, {\"x\": 1, \"z\": 2}]','[{\"x\": 8, \"z\": 8}, {\"x\": 7, \"z\": 8}, {\"x\": 8, \"z\": 7}]','버려진 봉납함과 깨진 여우 석상이 있는 숲속 사당. 기묘한 정적이 흐른다.'),(225,20,5,'수해 깊은 숲',0,2,2,25,15,10,10,'grass',NULL,'[{\"x\": 1, \"z\": 1}, {\"x\": 2, \"z\": 1}, {\"x\": 1, \"z\": 2}]','[{\"x\": 8, \"z\": 8}, {\"x\": 7, \"z\": 8}, {\"x\": 8, \"z\": 7}]','주가이가하라를 닮은 숲. 뒤틀린 나무들, 방황하는 영혼들, 나침반이 돌아간다.'),(226,20,6,'코다마 골짜기',0,3,3,30,18,10,10,'grass',NULL,'[{\"x\": 1, \"z\": 1}, {\"x\": 2, \"z\": 1}, {\"x\": 1, \"z\": 2}]','[{\"x\": 8, \"z\": 8}, {\"x\": 7, \"z\": 8}, {\"x\": 8, \"z\": 7}]','수백 개의 나무 정령이 빛을 내며 노래하는 아름답고 초자연적인 공간.'),(227,20,7,'킷수네 시험',0,3,3,35,21,10,10,'grass',NULL,'[{\"x\": 1, \"z\": 1}, {\"x\": 2, \"z\": 1}, {\"x\": 1, \"z\": 2}]','[{\"x\": 8, \"z\": 8}, {\"x\": 7, \"z\": 8}, {\"x\": 8, \"z\": 7}]','여우가 강가에서 기다린다. 환술과 속임의 시험을 통과해야 길이 열린다.'),(228,20,8,'황혼 요괴',0,3,4,40,24,10,10,'grass',NULL,'[{\"x\": 1, \"z\": 1}, {\"x\": 2, \"z\": 1}, {\"x\": 1, \"z\": 2}]','[{\"x\": 8, \"z\": 8}, {\"x\": 7, \"z\": 8}, {\"x\": 8, \"z\": 7}]','해질녘이 되자 요괴들이 하나둘 모습을 드러낸다. 숲이 완전히 다른 세계로 바뀐다.'),(229,20,9,'오염된 신목',0,3,4,45,27,10,10,'grass',NULL,'[{\"x\": 1, \"z\": 1}, {\"x\": 2, \"z\": 1}, {\"x\": 1, \"z\": 2}]','[{\"x\": 8, \"z\": 8}, {\"x\": 7, \"z\": 8}, {\"x\": 8, \"z\": 7}]','고목이 죽어가고 있다. 어둠의 요괴들이 모여들어 숲의 마지막 생명력을 빨아들인다.'),(230,20,10,'조로구모',1,4,5,100,60,12,12,'grass',NULL,'[{\"x\": 1, \"z\": 1}, {\"x\": 2, \"z\": 1}, {\"x\": 1, \"z\": 2}]','[{\"x\": 10, \"z\": 10}, {\"x\": 9, \"z\": 10}, {\"x\": 10, \"z\": 9}, {\"x\": 9, \"z\": 9}]','거미줄에 뒤덮인 숲에서 거대한 거미 마녀 조로구모가 나타난다. 요괴숲 최종 보스전.'),(231,21,1,'돌계단 참배',0,1,0,5,3,10,10,'stone',NULL,'[{\"x\": 1, \"z\": 1}, {\"x\": 2, \"z\": 1}, {\"x\": 1, \"z\": 2}]','[{\"x\": 8, \"z\": 8}, {\"x\": 7, \"z\": 8}, {\"x\": 8, \"z\": 7}]','붉은 토리이가 이어지는 돌계단. 삼나무 사이로 아침 햇살이 비쳐든다.'),(232,21,2,'폭포 수행',0,1,1,10,6,10,10,'stone',NULL,'[{\"x\": 1, \"z\": 1}, {\"x\": 2, \"z\": 1}, {\"x\": 1, \"z\": 2}]','[{\"x\": 8, \"z\": 8}, {\"x\": 7, \"z\": 8}, {\"x\": 8, \"z\": 7}]','야마부시 수행자가 찬 폭포 아래서 정신을 단련하는 영적 수련의 장소.'),(233,21,3,'텐구의 흔적',0,2,1,15,9,10,10,'stone',NULL,'[{\"x\": 1, \"z\": 1}, {\"x\": 2, \"z\": 1}, {\"x\": 1, \"z\": 2}]','[{\"x\": 8, \"z\": 8}, {\"x\": 7, \"z\": 8}, {\"x\": 8, \"z\": 7}]','바위 길에 텐구의 깃털이 떨어져 있다. 경고의 표식들, 바람이 세차게 분다.'),(234,21,4,'비전 동굴',0,2,2,20,12,10,10,'stone',NULL,'[{\"x\": 1, \"z\": 1}, {\"x\": 2, \"z\": 1}, {\"x\": 1, \"z\": 2}]','[{\"x\": 8, \"z\": 8}, {\"x\": 7, \"z\": 8}, {\"x\": 8, \"z\": 7}]','텐구의 수행터였던 동굴. 고대 두루마리와 무술 비기가 바위에 새겨져 있다.'),(235,21,5,'구름 위 다리',0,2,2,25,15,10,10,'stone',NULL,'[{\"x\": 1, \"z\": 1}, {\"x\": 2, \"z\": 1}, {\"x\": 1, \"z\": 2}]','[{\"x\": 8, \"z\": 8}, {\"x\": 7, \"z\": 8}, {\"x\": 8, \"z\": 7}]','구름 아래로 까마귀 텐구들이 선회하는 아찔한 다리. 담력의 시험장.'),(236,21,6,'온천 휴식처',0,3,3,30,18,10,10,'stone',NULL,'[{\"x\": 1, \"z\": 1}, {\"x\": 2, \"z\": 1}, {\"x\": 1, \"z\": 2}]','[{\"x\": 8, \"z\": 8}, {\"x\": 7, \"z\": 8}, {\"x\": 8, \"z\": 7}]','요괴들도 평화롭게 목욕하는 산속 온천. 일시적 휴전 지대.'),(237,21,7,'뇌격 봉',0,3,3,35,21,10,10,'stone',NULL,'[{\"x\": 1, \"z\": 1}, {\"x\": 2, \"z\": 1}, {\"x\": 1, \"z\": 2}]','[{\"x\": 8, \"z\": 8}, {\"x\": 7, \"z\": 8}, {\"x\": 8, \"z\": 7}]','벼락에 맞은 봉우리. 뇌신의 에너지가 치직거리며 위험한 접근로를 만든다.'),(238,21,8,'승병 사찰',0,3,4,40,24,10,10,'stone',NULL,'[{\"x\": 1, \"z\": 1}, {\"x\": 2, \"z\": 1}, {\"x\": 1, \"z\": 2}]','[{\"x\": 8, \"z\": 8}, {\"x\": 7, \"z\": 8}, {\"x\": 8, \"z\": 7}]','무술을 익힌 승려들이 수행하는 산중 사찰. 무(武)와 선(禪)이 하나가 되는 곳.'),(239,21,9,'정상 관문',0,3,4,45,27,10,10,'stone',NULL,'[{\"x\": 1, \"z\": 1}, {\"x\": 2, \"z\": 1}, {\"x\": 1, \"z\": 2}]','[{\"x\": 8, \"z\": 8}, {\"x\": 7, \"z\": 8}, {\"x\": 8, \"z\": 7}]','신풍이 몰아치고 텐구 수호자들이 마지막 길을 막아서는 최후의 관문.'),(240,21,10,'대텐구',1,4,5,100,60,12,12,'stone',NULL,'[{\"x\": 1, \"z\": 1}, {\"x\": 2, \"z\": 1}, {\"x\": 1, \"z\": 2}]','[{\"x\": 10, \"z\": 10}, {\"x\": 9, \"z\": 10}, {\"x\": 10, \"z\": 9}, {\"x\": 9, \"z\": 9}]','부채 하나로 신풍을 일으키는 대텐구와의 결전. 산의 힘이 폭발하는 최종 보스전.'),(241,22,1,'인왕문',0,1,0,5,3,10,10,'stone',NULL,'[{\"x\": 1, \"z\": 1}, {\"x\": 2, \"z\": 1}, {\"x\": 1, \"z\": 2}]','[{\"x\": 8, \"z\": 8}, {\"x\": 7, \"z\": 8}, {\"x\": 8, \"z\": 7}]','금강역사상이 지키는 웅장한 사찰 정문. 돌등이 줄지어 서고 단풍잎이 흩날린다.'),(242,22,2,'모래 정원',0,1,1,10,6,10,10,'stone',NULL,'[{\"x\": 1, \"z\": 1}, {\"x\": 2, \"z\": 1}, {\"x\": 1, \"z\": 2}]','[{\"x\": 8, \"z\": 8}, {\"x\": 7, \"z\": 8}, {\"x\": 8, \"z\": 7}]','정성스레 정돈된 모래 무늬가 어지럽혀져 있다. 정체불명의 발자국이 남아 있다.'),(243,22,3,'본존 법당',0,2,1,15,9,10,10,'stone',NULL,'[{\"x\": 1, \"z\": 1}, {\"x\": 2, \"z\": 1}, {\"x\": 1, \"z\": 2}]','[{\"x\": 8, \"z\": 8}, {\"x\": 7, \"z\": 8}, {\"x\": 8, \"z\": 7}]','피눈물을 흘리는 불상과 저주받은 경전이 떠다니는 본전. 신성이 오염되어 있다.'),(244,22,4,'오층탑',0,2,2,20,12,10,10,'stone',NULL,'[{\"x\": 1, \"z\": 1}, {\"x\": 2, \"z\": 1}, {\"x\": 1, \"z\": 2}]','[{\"x\": 8, \"z\": 8}, {\"x\": 7, \"z\": 8}, {\"x\": 8, \"z\": 7}]','각 층마다 더 깊은 어둠에 빠진 오층 탑. 올라갈수록 요괴가 기다린다.'),(245,22,5,'묘지',0,2,2,25,15,10,10,'stone',NULL,'[{\"x\": 1, \"z\": 1}, {\"x\": 2, \"z\": 1}, {\"x\": 1, \"z\": 2}]','[{\"x\": 8, \"z\": 8}, {\"x\": 7, \"z\": 8}, {\"x\": 8, \"z\": 7}]','비석이 기울어지고 흙 사이로 손이 뻗어 나오는 사찰 뒤편 묘지. 언데드의 영역.'),(246,22,6,'범종각',0,3,3,30,18,10,10,'stone',NULL,'[{\"x\": 1, \"z\": 1}, {\"x\": 2, \"z\": 1}, {\"x\": 1, \"z\": 2}]','[{\"x\": 8, \"z\": 8}, {\"x\": 7, \"z\": 8}, {\"x\": 8, \"z\": 7}]','금 간 범종이 저주의 음파를 만든다. 소리가 방향감각을 혼란스럽게 한다.'),(247,22,7,'비밀 지하도',0,3,3,35,21,10,10,'stone',NULL,'[{\"x\": 1, \"z\": 1}, {\"x\": 2, \"z\": 1}, {\"x\": 1, \"z\": 2}]','[{\"x\": 8, \"z\": 8}, {\"x\": 7, \"z\": 8}, {\"x\": 8, \"z\": 7}]','벽에 오니 가면이 걸린 숨겨진 지하 통로. 함정 장치가 곳곳에 설치되어 있다.'),(248,22,8,'보물 창고',0,3,4,40,24,10,10,'stone',NULL,'[{\"x\": 1, \"z\": 1}, {\"x\": 2, \"z\": 1}, {\"x\": 1, \"z\": 2}]','[{\"x\": 8, \"z\": 8}, {\"x\": 7, \"z\": 8}, {\"x\": 8, \"z\": 7}]','저주받은 유물들이 활성화되어 스스로 움직이며 공격해 오는 위험한 수장고.'),(249,22,9,'만다라 내전',0,3,4,45,27,10,10,'stone',NULL,'[{\"x\": 1, \"z\": 1}, {\"x\": 2, \"z\": 1}, {\"x\": 1, \"z\": 2}]','[{\"x\": 8, \"z\": 8}, {\"x\": 7, \"z\": 8}, {\"x\": 8, \"z\": 7}]','거대한 만다라가 어둠의 에너지로 빛나며 차원의 균열이 벌어지는 최심부.'),(250,22,10,'천수관음',1,4,5,100,60,12,12,'stone',NULL,'[{\"x\": 1, \"z\": 1}, {\"x\": 2, \"z\": 1}, {\"x\": 1, \"z\": 2}]','[{\"x\": 10, \"z\": 10}, {\"x\": 9, \"z\": 10}, {\"x\": 10, \"z\": 9}, {\"x\": 9, \"z\": 9}]','빙의된 천수관음 거대 석상이 천 개의 팔로 공격한다. 신성과 마성의 최종 보스전.'),(251,23,1,'해식 동굴',0,1,0,5,3,10,10,'water',NULL,'[{\"x\": 1, \"z\": 1}, {\"x\": 2, \"z\": 1}, {\"x\": 1, \"z\": 2}]','[{\"x\": 8, \"z\": 8}, {\"x\": 7, \"z\": 8}, {\"x\": 8, \"z\": 7}]','파도가 부서지는 해안가 동굴. 반쯤 잠긴 토리이 너머로 제물 조개가 놓여 있다.'),(252,23,2,'산호 참배',0,1,1,10,6,10,10,'water',NULL,'[{\"x\": 1, \"z\": 1}, {\"x\": 2, \"z\": 1}, {\"x\": 1, \"z\": 2}]','[{\"x\": 8, \"z\": 8}, {\"x\": 7, \"z\": 8}, {\"x\": 8, \"z\": 7}]','산호로 뒤덮인 수중 토리이 문. 바다거북이 안내하고 생물 발광이 길을 비춘다.'),(253,23,3,'유령 어촌',0,2,1,15,9,10,10,'water',NULL,'[{\"x\": 1, \"z\": 1}, {\"x\": 2, \"z\": 1}, {\"x\": 1, \"z\": 2}]','[{\"x\": 8, \"z\": 8}, {\"x\": 7, \"z\": 8}, {\"x\": 8, \"z\": 7}]','침몰한 어촌에서 유령 어부들이 여전히 일하고 있다. 그물이 떠다니는 슬픈 풍경.'),(254,23,4,'산호 정원',0,2,2,20,12,10,10,'water',NULL,'[{\"x\": 1, \"z\": 1}, {\"x\": 2, \"z\": 1}, {\"x\": 1, \"z\": 2}]','[{\"x\": 8, \"z\": 8}, {\"x\": 7, \"z\": 8}, {\"x\": 8, \"z\": 7}]','해룡의 산호 정원. 거대한 산호 조형물 사이로 해마 기사단이 순찰 중이다.'),(255,23,5,'갓파 영역',0,2,2,25,15,10,10,'water',NULL,'[{\"x\": 1, \"z\": 1}, {\"x\": 2, \"z\": 1}, {\"x\": 1, \"z\": 2}]','[{\"x\": 8, \"z\": 8}, {\"x\": 7, \"z\": 8}, {\"x\": 8, \"z\": 7}]','수중 하천의 물살이 거센 갓파의 영토. 오이 제물이 떠다니고 있다.'),(256,23,6,'닌교 만',0,3,3,30,18,10,10,'water',NULL,'[{\"x\": 1, \"z\": 1}, {\"x\": 2, \"z\": 1}, {\"x\": 1, \"z\": 2}]','[{\"x\": 8, \"z\": 8}, {\"x\": 7, \"z\": 8}, {\"x\": 8, \"z\": 7}]','인어의 슬픈 노랫소리가 울리는 해만. 아름답지만 깊이 빠져들면 돌아오지 못한다.'),(257,23,7,'유령선 묘지',0,3,3,35,21,10,10,'water',NULL,'[{\"x\": 1, \"z\": 1}, {\"x\": 2, \"z\": 1}, {\"x\": 1, \"z\": 2}]','[{\"x\": 8, \"z\": 8}, {\"x\": 7, \"z\": 8}, {\"x\": 8, \"z\": 7}]','후나유레이의 유령선들이 잠들어 있는 해저 묘지. 등불이 어둠 속에서 흔들린다.'),(258,23,8,'진주 궁전',0,3,4,40,24,10,10,'water',NULL,'[{\"x\": 1, \"z\": 1}, {\"x\": 2, \"z\": 1}, {\"x\": 1, \"z\": 2}]','[{\"x\": 8, \"z\": 8}, {\"x\": 7, \"z\": 8}, {\"x\": 8, \"z\": 7}]','거대한 진주가 빛나는 궁전. 보물과 함정이 공존하는 탐욕의 시험장.'),(259,23,9,'심연 접근',0,3,4,45,27,10,10,'water',NULL,'[{\"x\": 1, \"z\": 1}, {\"x\": 2, \"z\": 1}, {\"x\": 1, \"z\": 2}]','[{\"x\": 8, \"z\": 8}, {\"x\": 7, \"z\": 8}, {\"x\": 8, \"z\": 7}]','우미보즈의 그림자가 아래서 어른거린다. 수압이 높아지고 어둠이 짙어지는 심해.'),(260,23,10,'류진',1,4,5,100,60,12,12,'water',NULL,'[{\"x\": 1, \"z\": 1}, {\"x\": 2, \"z\": 1}, {\"x\": 1, \"z\": 2}]','[{\"x\": 10, \"z\": 10}, {\"x\": 9, \"z\": 10}, {\"x\": 10, \"z\": 9}, {\"x\": 9, \"z\": 9}]','용궁의 왕좌에서 일어선 해룡왕 류진. 쓰나미와 소용돌이의 최종 보스전.'),(261,24,1,'경계의 문',0,1,0,5,3,10,10,'stone',NULL,'[{\"x\": 1, \"z\": 1}, {\"x\": 2, \"z\": 1}, {\"x\": 1, \"z\": 2}]','[{\"x\": 8, \"z\": 8}, {\"x\": 7, \"z\": 8}, {\"x\": 8, \"z\": 7}]','무너져가는 토리이를 지나면 영혼들이 흘러가는 황혼의 길이 펼쳐진다.'),(262,24,2,'사자의 행렬',0,1,1,10,6,10,10,'stone',NULL,'[{\"x\": 1, \"z\": 1}, {\"x\": 2, \"z\": 1}, {\"x\": 1, \"z\": 2}]','[{\"x\": 8, \"z\": 8}, {\"x\": 7, \"z\": 8}, {\"x\": 8, \"z\": 7}]','한 방향으로만 걸어가는 창백한 영혼들. 종이 등불이 길을 밝히는 슬픈 행렬.'),(263,24,3,'삼도천',0,2,1,15,9,10,10,'stone',NULL,'[{\"x\": 1, \"z\": 1}, {\"x\": 2, \"z\": 1}, {\"x\": 1, \"z\": 2}]','[{\"x\": 8, \"z\": 8}, {\"x\": 7, \"z\": 8}, {\"x\": 8, \"z\": 7}]','얕은 여울, 다리, 깊은 물살의 세 갈래 길. 생전의 업에 따라 건너는 곳이 달라진다.'),(264,24,4,'아귀 벌판',0,2,2,20,12,10,10,'stone',NULL,'[{\"x\": 1, \"z\": 1}, {\"x\": 2, \"z\": 1}, {\"x\": 1, \"z\": 2}]','[{\"x\": 8, \"z\": 8}, {\"x\": 7, \"z\": 8}, {\"x\": 8, \"z\": 7}]','영원한 굶주림에 시달리는 아귀(가키)들이 구걸하는 처참한 들판.'),(265,24,5,'엔마 법정',0,2,2,25,15,10,10,'stone',NULL,'[{\"x\": 1, \"z\": 1}, {\"x\": 2, \"z\": 1}, {\"x\": 1, \"z\": 2}]','[{\"x\": 8, \"z\": 8}, {\"x\": 7, \"z\": 8}, {\"x\": 8, \"z\": 7}]','엔마 대왕이 죄를 저울질하는 법정. 진실을 비추는 거대한 거울이 서 있다.'),(266,24,6,'빙한 지옥',0,3,3,30,18,10,10,'stone',NULL,'[{\"x\": 1, \"z\": 1}, {\"x\": 2, \"z\": 1}, {\"x\": 1, \"z\": 2}]','[{\"x\": 8, \"z\": 8}, {\"x\": 7, \"z\": 8}, {\"x\": 8, \"z\": 7}]','얼어붙은 죄인들이 있는 얼음 지옥. 수정 얼음 속에 갇힌 영혼들이 보인다.'),(267,24,7,'화염 지옥',0,3,3,35,21,10,10,'stone',NULL,'[{\"x\": 1, \"z\": 1}, {\"x\": 2, \"z\": 1}, {\"x\": 1, \"z\": 2}]','[{\"x\": 8, \"z\": 8}, {\"x\": 7, \"z\": 8}, {\"x\": 8, \"z\": 7}]','불타는 대지 위에 비명이 가득한 화염 지옥. 견딜 수 없는 열기가 몰려온다.'),(268,24,8,'검산 지옥',0,3,4,40,24,10,10,'stone',NULL,'[{\"x\": 1, \"z\": 1}, {\"x\": 2, \"z\": 1}, {\"x\": 1, \"z\": 2}]','[{\"x\": 8, \"z\": 8}, {\"x\": 7, \"z\": 8}, {\"x\": 8, \"z\": 7}]','영혼들이 칼날 위를 걸어야 하는 검의 산. 끝없는 고통의 형벌이 이어진다.'),(269,24,9,'시니가미 궁',0,3,4,45,27,10,10,'stone',NULL,'[{\"x\": 1, \"z\": 1}, {\"x\": 2, \"z\": 1}, {\"x\": 1, \"z\": 2}]','[{\"x\": 8, \"z\": 8}, {\"x\": 7, \"z\": 8}, {\"x\": 8, \"z\": 7}]','죽음의 신들이 모여 있는 사신의 궁전. 불길한 장엄함이 감도는 어둠의 전당.'),(270,24,10,'시니가미',1,4,5,100,60,12,12,'stone',NULL,'[{\"x\": 1, \"z\": 1}, {\"x\": 2, \"z\": 1}, {\"x\": 1, \"z\": 2}]','[{\"x\": 10, \"z\": 10}, {\"x\": 9, \"z\": 10}, {\"x\": 10, \"z\": 9}, {\"x\": 9, \"z\": 9}]','대낫을 든 시니가미와의 결전. 영혼을 거두는 사신의 심판, 최종 보스전.'),(271,25,1,'석사자 입구',0,1,0,5,3,10,10,'grass',NULL,'[{\"x\": 1, \"z\": 1}, {\"x\": 2, \"z\": 1}, {\"x\": 1, \"z\": 2}]','[{\"x\": 8, \"z\": 8}, {\"x\": 7, \"z\": 8}, {\"x\": 8, \"z\": 7}]','고대 돌사자 한 쌍이 지키는 비취색 안개의 숲 입구. 산해경의 세계가 시작된다.'),(272,25,2,'판다 영림',0,1,1,10,6,10,10,'grass',NULL,'[{\"x\": 1, \"z\": 1}, {\"x\": 2, \"z\": 1}, {\"x\": 1, \"z\": 2}]','[{\"x\": 8, \"z\": 8}, {\"x\": 7, \"z\": 8}, {\"x\": 8, \"z\": 7}]','영적 판다들이 서식하는 대나무 숲. 고대 무사의 유령이 수련을 계속하고 있다.'),(273,25,3,'산해경 영역',0,2,1,15,9,10,10,'grass',NULL,'[{\"x\": 1, \"z\": 1}, {\"x\": 2, \"z\": 1}, {\"x\": 1, \"z\": 2}]','[{\"x\": 8, \"z\": 8}, {\"x\": 7, \"z\": 8}, {\"x\": 8, \"z\": 7}]','신화의 기이한 짐승들이 나타나는 구역. 책에서만 보던 존재들이 눈앞에 있다.'),(274,25,4,'반도 신목',0,2,2,20,12,10,10,'grass',NULL,'[{\"x\": 1, \"z\": 1}, {\"x\": 2, \"z\": 1}, {\"x\": 1, \"z\": 2}]','[{\"x\": 8, \"z\": 8}, {\"x\": 7, \"z\": 8}, {\"x\": 8, \"z\": 7}]','불로장생의 복숭아가 열리는 거대한 나무. 금빛 과일이 유혹적으로 빛난다.'),(275,25,5,'호리정 굴',0,2,2,25,15,10,10,'grass',NULL,'[{\"x\": 1, \"z\": 1}, {\"x\": 2, \"z\": 1}, {\"x\": 1, \"z\": 2}]','[{\"x\": 8, \"z\": 8}, {\"x\": 7, \"z\": 8}, {\"x\": 8, \"z\": 7}]','여우 요정(호리정)의 소굴. 아름다움과 위험이 공존하는 환술의 미궁.'),(276,25,6,'약초원',0,3,3,30,18,10,10,'grass',NULL,'[{\"x\": 1, \"z\": 1}, {\"x\": 2, \"z\": 1}, {\"x\": 1, \"z\": 2}]','[{\"x\": 8, \"z\": 8}, {\"x\": 7, \"z\": 8}, {\"x\": 8, \"z\": 7}]','신화 속 약초가 자라는 비밀 정원. 만병통치와 치명적 독초가 나란히 자란다.'),(277,25,7,'오동 괴목',0,3,3,35,21,10,10,'grass',NULL,'[{\"x\": 1, \"z\": 1}, {\"x\": 2, \"z\": 1}, {\"x\": 1, \"z\": 2}]','[{\"x\": 8, \"z\": 8}, {\"x\": 7, \"z\": 8}, {\"x\": 8, \"z\": 7}]','사악한 정령이 둥지를 튼 썩어가는 오동나무. 어둠의 에너지가 숲에 퍼진다.'),(278,25,8,'토지묘',0,3,4,40,24,10,10,'grass',NULL,'[{\"x\": 1, \"z\": 1}, {\"x\": 2, \"z\": 1}, {\"x\": 1, \"z\": 2}]','[{\"x\": 8, \"z\": 8}, {\"x\": 7, \"z\": 8}, {\"x\": 8, \"z\": 7}]','숲을 관장하는 토지신의 작은 사당. 제물이 놓여 있지만 신은 떠난 듯하다.'),(279,25,9,'천년 수목',0,3,4,45,27,10,10,'grass',NULL,'[{\"x\": 1, \"z\": 1}, {\"x\": 2, \"z\": 1}, {\"x\": 1, \"z\": 2}]','[{\"x\": 8, \"z\": 8}, {\"x\": 7, \"z\": 8}, {\"x\": 8, \"z\": 7}]','천 년을 살아 정신이 깨어난 거대 나무 정령. 고대의 지혜와 대면하는 곳.'),(280,25,10,'산해경 마수',1,4,5,100,60,12,12,'grass',NULL,'[{\"x\": 1, \"z\": 1}, {\"x\": 2, \"z\": 1}, {\"x\": 1, \"z\": 2}]','[{\"x\": 10, \"z\": 10}, {\"x\": 9, \"z\": 10}, {\"x\": 10, \"z\": 9}, {\"x\": 9, \"z\": 9}]','산해경에서 빠져나온 태고의 마수와의 결전. 원시 자연의 분노가 폭발하는 최종전.'),(281,26,1,'석문 입산',0,1,0,5,3,10,10,'stone',NULL,'[{\"x\": 1, \"z\": 1}, {\"x\": 2, \"z\": 1}, {\"x\": 1, \"z\": 2}]','[{\"x\": 8, \"z\": 8}, {\"x\": 7, \"z\": 8}, {\"x\": 8, \"z\": 7}]','도교 부적이 새겨진 돌 아치문. 순례자들이 오르는 신선의 산이 시작된다.'),(282,26,2,'다정',0,1,1,10,6,10,10,'stone',NULL,'[{\"x\": 1, \"z\": 1}, {\"x\": 2, \"z\": 1}, {\"x\": 1, \"z\": 2}]','[{\"x\": 8, \"z\": 8}, {\"x\": 7, \"z\": 8}, {\"x\": 8, \"z\": 7}]','현자가 신비의 차를 우려내는 구름 위의 정자. 아래로 운해가 끝없이 펼쳐진다.'),(283,26,3,'연단 동굴',0,2,1,15,9,10,10,'stone',NULL,'[{\"x\": 1, \"z\": 1}, {\"x\": 2, \"z\": 1}, {\"x\": 1, \"z\": 2}]','[{\"x\": 8, \"z\": 8}, {\"x\": 7, \"z\": 8}, {\"x\": 8, \"z\": 7}]','불로장생의 단약을 달이는 도교 연금술 동굴. 신비로운 재료들이 부글거린다.'),(284,26,4,'수렴 폭포',0,2,2,20,12,10,10,'stone',NULL,'[{\"x\": 1, \"z\": 1}, {\"x\": 2, \"z\": 1}, {\"x\": 1, \"z\": 2}]','[{\"x\": 8, \"z\": 8}, {\"x\": 7, \"z\": 8}, {\"x\": 8, \"z\": 7}]','용이 새겨진 폭포. 물줄기 뒤에 숨겨진 동굴이 있다는 전설이 전해진다.'),(285,26,5,'운중 보도',0,2,2,25,15,10,10,'stone',NULL,'[{\"x\": 1, \"z\": 1}, {\"x\": 2, \"z\": 1}, {\"x\": 1, \"z\": 2}]','[{\"x\": 8, \"z\": 8}, {\"x\": 7, \"z\": 8}, {\"x\": 8, \"z\": 7}]','구름 위를 밟고 걷는 길. 천상계에 가까워지며 현기증이 밀려온다.'),(286,26,6,'무림 사찰',0,3,3,30,18,10,10,'stone',NULL,'[{\"x\": 1, \"z\": 1}, {\"x\": 2, \"z\": 1}, {\"x\": 1, \"z\": 2}]','[{\"x\": 8, \"z\": 8}, {\"x\": 7, \"z\": 8}, {\"x\": 8, \"z\": 7}]','운무 속 무술 승려들이 수행하는 사찰. 구름 속에서 쿵후를 익히는 장관.'),(287,26,7,'옥석 광맥',0,3,3,35,21,10,10,'stone',NULL,'[{\"x\": 1, \"z\": 1}, {\"x\": 2, \"z\": 1}, {\"x\": 1, \"z\": 2}]','[{\"x\": 8, \"z\": 8}, {\"x\": 7, \"z\": 8}, {\"x\": 8, \"z\": 7}]','영적 옥이 빛나는 광맥. 초록빛 광물의 부가 가득하지만 수호자가 지킨다.'),(288,26,8,'신선 바둑판',0,3,4,40,24,10,10,'stone',NULL,'[{\"x\": 1, \"z\": 1}, {\"x\": 2, \"z\": 1}, {\"x\": 1, \"z\": 2}]','[{\"x\": 8, \"z\": 8}, {\"x\": 7, \"z\": 8}, {\"x\": 8, \"z\": 7}]','두 신선이 바둑을 두고 있다. 시간이 다르게 흐르는 기묘한 정자.'),(289,26,9,'곤륜 도관',0,3,4,45,27,10,10,'stone',NULL,'[{\"x\": 1, \"z\": 1}, {\"x\": 2, \"z\": 1}, {\"x\": 1, \"z\": 2}]','[{\"x\": 8, \"z\": 8}, {\"x\": 7, \"z\": 8}, {\"x\": 8, \"z\": 7}]','천상 에너지가 수렴하는 산 정상의 도교 사원. 신의 영역에 다가선다.'),(290,26,10,'타락 신선',1,4,5,100,60,12,12,'stone',NULL,'[{\"x\": 1, \"z\": 1}, {\"x\": 2, \"z\": 1}, {\"x\": 1, \"z\": 2}]','[{\"x\": 10, \"z\": 10}, {\"x\": 9, \"z\": 10}, {\"x\": 10, \"z\": 9}, {\"x\": 9, \"z\": 9}]','어둠에 물든 신선과의 결전. 타락한 곤륜의 힘이 폭발하는 최종 보스전.'),(291,27,1,'산문',0,1,0,5,3,10,10,'stone',NULL,'[{\"x\": 1, \"z\": 1}, {\"x\": 2, \"z\": 1}, {\"x\": 1, \"z\": 2}]','[{\"x\": 8, \"z\": 8}, {\"x\": 7, \"z\": 8}, {\"x\": 8, \"z\": 7}]','돌사자 한 쌍이 지키는 거대 산문. 붉은 등롱이 즐비하고 향 연기가 자욱하다.'),(292,27,2,'향전',0,1,1,10,6,10,10,'stone',NULL,'[{\"x\": 1, \"z\": 1}, {\"x\": 2, \"z\": 1}, {\"x\": 1, \"z\": 2}]','[{\"x\": 8, \"z\": 8}, {\"x\": 7, \"z\": 8}, {\"x\": 8, \"z\": 7}]','수천 개의 향이 타오르는 전당. 연기가 얼굴 형상을 만들어내 압도적이다.'),(293,27,3,'천왕전',0,2,1,15,9,10,10,'stone',NULL,'[{\"x\": 1, \"z\": 1}, {\"x\": 2, \"z\": 1}, {\"x\": 1, \"z\": 2}]','[{\"x\": 8, \"z\": 8}, {\"x\": 7, \"z\": 8}, {\"x\": 8, \"z\": 7}]','네 천왕의 거대 석상이 무기를 들고 서 있다. 그 위압감에 발걸음이 멈춘다.'),(294,27,4,'보리수 마당',0,2,2,20,12,10,10,'stone',NULL,'[{\"x\": 1, \"z\": 1}, {\"x\": 2, \"z\": 1}, {\"x\": 1, \"z\": 2}]','[{\"x\": 8, \"z\": 8}, {\"x\": 7, \"z\": 8}, {\"x\": 8, \"z\": 7}]','타락한 보리수에서 어둠의 뿌리가 뻗어 나간다. 승려들이 달아난 흔적이 있다.'),(295,27,5,'지하 진신사리',0,2,2,25,15,10,10,'stone',NULL,'[{\"x\": 1, \"z\": 1}, {\"x\": 2, \"z\": 1}, {\"x\": 1, \"z\": 2}]','[{\"x\": 8, \"z\": 8}, {\"x\": 7, \"z\": 8}, {\"x\": 8, \"z\": 7}]','사찰 창건주의 사리가 안치된 지하 묘. 토용 수호병이 경비를 서고 있다.'),(296,27,6,'대장경각',0,3,3,30,18,10,10,'stone',NULL,'[{\"x\": 1, \"z\": 1}, {\"x\": 2, \"z\": 1}, {\"x\": 1, \"z\": 2}]','[{\"x\": 8, \"z\": 8}, {\"x\": 7, \"z\": 8}, {\"x\": 8, \"z\": 7}]','금강경이 공중에 떠서 방어 결계를 형성하고 있다. 신성한 지식의 보고.'),(297,27,7,'진마탑',0,3,3,35,21,10,10,'stone',NULL,'[{\"x\": 1, \"z\": 1}, {\"x\": 2, \"z\": 1}, {\"x\": 1, \"z\": 2}]','[{\"x\": 8, \"z\": 8}, {\"x\": 7, \"z\": 8}, {\"x\": 8, \"z\": 7}]','악을 가두는 봉인탑. 봉인이 약해지며 균열 사이로 사악한 에너지가 새어 나온다.'),(298,27,8,'오백나한전',0,3,4,40,24,10,10,'stone',NULL,'[{\"x\": 1, \"z\": 1}, {\"x\": 2, \"z\": 1}, {\"x\": 1, \"z\": 2}]','[{\"x\": 8, \"z\": 8}, {\"x\": 7, \"z\": 8}, {\"x\": 8, \"z\": 7}]','500 나한 석상의 눈이 빛나며 경비를 선다. 침입자를 감시하는 무서운 수호자들.'),(299,27,9,'관음전',0,3,4,45,27,10,10,'stone',NULL,'[{\"x\": 1, \"z\": 1}, {\"x\": 2, \"z\": 1}, {\"x\": 1, \"z\": 2}]','[{\"x\": 8, \"z\": 8}, {\"x\": 7, \"z\": 8}, {\"x\": 8, \"z\": 7}]','거대한 관음 석상이 자비에서 심판으로 변한 내전. 어둠의 자비가 가득하다.'),(300,27,10,'사천왕 분노',1,4,5,100,60,12,12,'stone',NULL,'[{\"x\": 1, \"z\": 1}, {\"x\": 2, \"z\": 1}, {\"x\": 1, \"z\": 2}]','[{\"x\": 10, \"z\": 10}, {\"x\": 9, \"z\": 10}, {\"x\": 10, \"z\": 9}, {\"x\": 9, \"z\": 9}]','깨어난 사대천왕이 합체하여 분노를 폭발시킨다. 사찰이 흔들리는 최종 보스전.'),(301,28,1,'저주받은 논',0,1,0,5,3,10,10,'swamp',NULL,'[{\"x\": 1, \"z\": 1}, {\"x\": 2, \"z\": 1}, {\"x\": 1, \"z\": 2}]','[{\"x\": 8, \"z\": 8}, {\"x\": 7, \"z\": 8}, {\"x\": 8, \"z\": 7}]','허수아비에 부적 얼굴이 달린 버려진 논. 안개가 자욱하고 어딘가에서 뛰는 소리가.'),(302,28,2,'독충 영역',0,1,1,10,6,10,10,'swamp',NULL,'[{\"x\": 1, \"z\": 1}, {\"x\": 2, \"z\": 1}, {\"x\": 1, \"z\": 2}]','[{\"x\": 8, \"z\": 8}, {\"x\": 7, \"z\": 8}, {\"x\": 8, \"z\": 7}]','기묘한 벌레와 거머리가 득시글한 독늪. 고독(蠱毒) 지역의 시작.'),(303,28,3,'강시 마을',0,2,1,15,9,10,10,'swamp',NULL,'[{\"x\": 1, \"z\": 1}, {\"x\": 2, \"z\": 1}, {\"x\": 1, \"z\": 2}]','[{\"x\": 8, \"z\": 8}, {\"x\": 7, \"z\": 8}, {\"x\": 8, \"z\": 7}]','가라앉은 마을에서 강시들이 미동 없이 서 있다. 해가 지면 뛰기 시작한다.'),(304,28,4,'독련 연못',0,2,2,20,12,10,10,'swamp',NULL,'[{\"x\": 1, \"z\": 1}, {\"x\": 2, \"z\": 1}, {\"x\": 1, \"z\": 2}]','[{\"x\": 8, \"z\": 8}, {\"x\": 7, \"z\": 8}, {\"x\": 8, \"z\": 7}]','아름답지만 치명적인 연꽃이 핀 연못. 두꺼비 요괴의 소리가 울려 퍼진다.'),(305,28,5,'무녀 오두막',0,2,2,25,15,10,10,'swamp',NULL,'[{\"x\": 1, \"z\": 1}, {\"x\": 2, \"z\": 1}, {\"x\": 1, \"z\": 2}]','[{\"x\": 8, \"z\": 8}, {\"x\": 7, \"z\": 8}, {\"x\": 8, \"z\": 7}]','묘족 무녀의 버려진 집. 고독 항아리와 벌레 사육 통이 즐비한 사술의 장소.'),(306,28,6,'지전 묘지',0,3,3,30,18,10,10,'swamp',NULL,'[{\"x\": 1, \"z\": 1}, {\"x\": 2, \"z\": 1}, {\"x\": 1, \"z\": 2}]','[{\"x\": 8, \"z\": 8}, {\"x\": 7, \"z\": 8}, {\"x\": 8, \"z\": 7}]','지전(紙錢)이 썩어가는 늪지 묘지. 배고픈 귀신들이 모여드는 음침한 곳.'),(307,28,7,'귀곡 논',0,3,3,35,21,10,10,'swamp',NULL,'[{\"x\": 1, \"z\": 1}, {\"x\": 2, \"z\": 1}, {\"x\": 1, \"z\": 2}]','[{\"x\": 8, \"z\": 8}, {\"x\": 7, \"z\": 8}, {\"x\": 8, \"z\": 7}]','유령 농부들이 끝없는 추수를 반복하는 저주받은 논. 죽음의 수확이 이어진다.'),(308,28,8,'거미정 영역',0,3,4,40,24,10,10,'swamp',NULL,'[{\"x\": 1, \"z\": 1}, {\"x\": 2, \"z\": 1}, {\"x\": 1, \"z\": 2}]','[{\"x\": 8, \"z\": 8}, {\"x\": 7, \"z\": 8}, {\"x\": 8, \"z\": 7}]','비단 덫이 사방에 깔린 거미정(蜘蛛精)의 영역. 실크 함정이 가득하다.'),(309,28,9,'저주의 우물',0,3,4,45,27,10,10,'swamp',NULL,'[{\"x\": 1, \"z\": 1}, {\"x\": 2, \"z\": 1}, {\"x\": 1, \"z\": 2}]','[{\"x\": 8, \"z\": 8}, {\"x\": 7, \"z\": 8}, {\"x\": 8, \"z\": 7}]','어둠이 부글거리며 솟아오르는 우물. 늪의 모든 저주가 이곳에서 시작되었다.'),(310,28,10,'강시왕',1,4,5,100,60,12,12,'swamp',NULL,'[{\"x\": 1, \"z\": 1}, {\"x\": 2, \"z\": 1}, {\"x\": 1, \"z\": 2}]','[{\"x\": 10, \"z\": 10}, {\"x\": 9, \"z\": 10}, {\"x\": 10, \"z\": 9}, {\"x\": 9, \"z\": 9}]','청나라 관복의 강시왕이 군대를 이끌고 일어난다. 부적 대결의 최종 보스전.'),(311,29,1,'귀문관',0,1,0,5,3,10,10,'stone',NULL,'[{\"x\": 1, \"z\": 1}, {\"x\": 2, \"z\": 1}, {\"x\": 1, \"z\": 2}]','[{\"x\": 8, \"z\": 8}, {\"x\": 7, \"z\": 8}, {\"x\": 8, \"z\": 7}]','거대한 철문에 귀신 병사가 경비를 서는 지부(地府)의 관문. 중국 저승의 시작.'),(312,29,2,'나하교',0,1,1,10,6,10,10,'stone',NULL,'[{\"x\": 1, \"z\": 1}, {\"x\": 2, \"z\": 1}, {\"x\": 1, \"z\": 2}]','[{\"x\": 8, \"z\": 8}, {\"x\": 7, \"z\": 8}, {\"x\": 8, \"z\": 7}]','망각의 강 위 세 갈래 다리. 생전의 업에 따라 건너는 길이 달라지는 운명의 다리.'),(313,29,3,'진광 법정',0,2,1,15,9,10,10,'stone',NULL,'[{\"x\": 1, \"z\": 1}, {\"x\": 2, \"z\": 1}, {\"x\": 1, \"z\": 2}]','[{\"x\": 8, \"z\": 8}, {\"x\": 7, \"z\": 8}, {\"x\": 8, \"z\": 7}]','첫 번째 명왕 진광왕이 생전의 행적을 심판한다. 전생을 비추는 거울이 서 있다.'),(314,29,4,'업경대',0,2,2,20,12,10,10,'stone',NULL,'[{\"x\": 1, \"z\": 1}, {\"x\": 2, \"z\": 1}, {\"x\": 1, \"z\": 2}]','[{\"x\": 8, \"z\": 8}, {\"x\": 7, \"z\": 8}, {\"x\": 8, \"z\": 7}]','모든 죄를 낱낱이 보여주는 거울. 숨길 곳이 없는 냉혹한 진실의 장소.'),(315,29,5,'도산',0,2,2,25,15,10,10,'stone',NULL,'[{\"x\": 1, \"z\": 1}, {\"x\": 2, \"z\": 1}, {\"x\": 1, \"z\": 2}]','[{\"x\": 8, \"z\": 8}, {\"x\": 7, \"z\": 8}, {\"x\": 8, \"z\": 7}]','칼날 위를 걸어야 하는 영혼들의 산. 비명 소리 가득한 형벌의 공포.'),(316,29,6,'유정',0,3,3,30,18,10,10,'stone',NULL,'[{\"x\": 1, \"z\": 1}, {\"x\": 2, \"z\": 1}, {\"x\": 1, \"z\": 2}]','[{\"x\": 8, \"z\": 8}, {\"x\": 7, \"z\": 8}, {\"x\": 8, \"z\": 7}]','끓는 기름에 빠진 죄인들이 벌 받는 유정. 치솟는 열기와 고통의 형벌.'),(317,29,7,'윤회 전각',0,3,3,35,21,10,10,'stone',NULL,'[{\"x\": 1, \"z\": 1}, {\"x\": 2, \"z\": 1}, {\"x\": 1, \"z\": 2}]','[{\"x\": 8, \"z\": 8}, {\"x\": 7, \"z\": 8}, {\"x\": 8, \"z\": 7}]','육도(六道)의 수레바퀴가 도는 전각. 카르마가 다음 생을 결정하는 운명의 방.'),(318,29,8,'맹파정',0,3,4,40,24,10,10,'stone',NULL,'[{\"x\": 1, \"z\": 1}, {\"x\": 2, \"z\": 1}, {\"x\": 1, \"z\": 2}]','[{\"x\": 8, \"z\": 8}, {\"x\": 7, \"z\": 8}, {\"x\": 8, \"z\": 7}]','할머니 맹파가 망각의 차를 끓이는 정자. 영혼들이 줄지어 마시며 기억을 잊는다.'),(319,29,9,'우두마면 초소',0,3,4,45,27,10,10,'stone',NULL,'[{\"x\": 1, \"z\": 1}, {\"x\": 2, \"z\": 1}, {\"x\": 1, \"z\": 2}]','[{\"x\": 8, \"z\": 8}, {\"x\": 7, \"z\": 8}, {\"x\": 8, \"z\": 7}]','소 머리와 말 얼굴의 저승 문지기가 순찰하는 초소. 마지막 관문이 다가온다.'),(320,29,10,'염라왕',1,4,5,100,60,12,12,'stone',NULL,'[{\"x\": 1, \"z\": 1}, {\"x\": 2, \"z\": 1}, {\"x\": 1, \"z\": 2}]','[{\"x\": 10, \"z\": 10}, {\"x\": 9, \"z\": 10}, {\"x\": 10, \"z\": 9}, {\"x\": 9, \"z\": 9}]','지부를 다스리는 염라왕의 심판대. 우주적 정의를 건 최종 보스전.');
/*!40000 ALTER TABLE `dungeon_stages` ENABLE KEYS */;
UNLOCK TABLES;

--
-- Table structure for table `dungeon_tickets`
--

DROP TABLE IF EXISTS `dungeon_tickets`;
/*!40101 SET @saved_cs_client     = @@character_set_client */;
/*!50503 SET character_set_client = utf8mb4 */;
CREATE TABLE `dungeon_tickets` (
  `id` int NOT NULL AUTO_INCREMENT,
  `dungeon_key` varchar(50) NOT NULL,
  `name` varchar(100) NOT NULL,
  `icon` varchar(10) DEFAULT 0xF09F8EAB,
  `grade` enum('일반','고급','희귀','영웅','전설') DEFAULT '일반',
  `description` varchar(200) DEFAULT NULL,
  PRIMARY KEY (`id`),
  UNIQUE KEY `unique_dungeon_ticket` (`dungeon_key`)
) ENGINE=InnoDB AUTO_INCREMENT=2993 DEFAULT CHARSET=utf8mb4 COLLATE=utf8mb4_0900_ai_ci;
/*!40101 SET character_set_client = @saved_cs_client */;

--
-- Dumping data for table `dungeon_tickets`
--

LOCK TABLES `dungeon_tickets` WRITE;
/*!40000 ALTER TABLE `dungeon_tickets` DISABLE KEYS */;
INSERT INTO `dungeon_tickets` VALUES (1,'forest','어둠의 숲 입장권','🌲','일반','어둠의 숲에 입장할 수 있는 티켓.'),(2,'slime_cave','슬라임 동굴 입장권','🟢','일반','슬라임 동굴에 입장할 수 있는 티켓.'),(3,'cave','지하 동굴 입장권','🕳️','고급','지하 동굴에 입장할 수 있는 티켓.'),(4,'swamp','독안개 늪 입장권','🌿','고급','독안개 늪에 입장할 수 있는 티켓.'),(5,'goblin','도깨비 마을 입장권','👺','고급','도깨비 마을에 입장할 수 있는 티켓.'),(6,'mountain','영혼의 산 입장권','🏔️','희귀','영혼의 산에 입장할 수 있는 티켓.'),(7,'ocean','해저 유적 입장권','🌊','희귀','해저 유적에 입장할 수 있는 티켓.'),(8,'spirit_forest','정령의 숲 입장권','🧚','희귀','정령의 숲에 입장할 수 있는 티켓.'),(9,'temple','폐허 사원 입장권','🏛️','영웅','폐허 사원에 입장할 수 있는 티켓.'),(10,'demon','마계 균열 입장권','😈','영웅','마계 균열에 입장할 수 있는 티켓.'),(11,'dragon','용의 둥지 입장권','🐉','전설','용의 둥지에 입장할 수 있는 티켓.');
/*!40000 ALTER TABLE `dungeon_tickets` ENABLE KEYS */;
UNLOCK TABLES;

--
-- Table structure for table `dungeons`
--

DROP TABLE IF EXISTS `dungeons`;
/*!40101 SET @saved_cs_client     = @@character_set_client */;
/*!50503 SET character_set_client = utf8mb4 */;
CREATE TABLE `dungeons` (
  `id` int NOT NULL AUTO_INCREMENT,
  `key_name` varchar(50) NOT NULL,
  `name` varchar(100) NOT NULL,
  `description` varchar(300) DEFAULT NULL,
  `icon` varchar(10) DEFAULT 0xF09F97BAEFB88F,
  `required_level` int DEFAULT '1',
  `map_width` int DEFAULT '10',
  `map_height` int DEFAULT '10',
  `base_tile_type` varchar(20) DEFAULT 'grass',
  `tile_overrides` json DEFAULT NULL,
  `player_spawns` json DEFAULT NULL,
  `monster_spawns` json DEFAULT NULL,
  `display_order` int DEFAULT '0',
  PRIMARY KEY (`id`),
  UNIQUE KEY `key_name` (`key_name`)
) ENGINE=InnoDB AUTO_INCREMENT=131 DEFAULT CHARSET=utf8mb4 COLLATE=utf8mb4_0900_ai_ci;
/*!40101 SET character_set_client = @saved_cs_client */;

--
-- Dumping data for table `dungeons`
--

LOCK TABLES `dungeons` WRITE;
/*!40000 ALTER TABLE `dungeons` DISABLE KEYS */;
INSERT INTO `dungeons` VALUES (4,'forest','어둠의 숲','고대의 저주가 스며든 어둠의 숲. 뒤틀린 나무들 사이로 불길한 안개가 피어오르고, 달빛조차 닿지 않는 깊은 곳에서는 정체불명의 울음소리가 메아리친다. 약한 몬스터들이 서식하지만, 숲 깊숙이 들어갈수록 강력한 존재가 숨어 있다. 초보 모험가들의 첫 시련장.','🌲',1,10,10,'grass','[{\"type\": \"grass\", \"coords\": [[2, 2], [2, 3], [3, 2], [3, 3]], \"height\": 1}, {\"type\": \"grass\", \"coords\": [[3, 3]], \"height\": 2}, {\"type\": \"dirt\", \"coords\": [[0, 5], [1, 5], [2, 5], [3, 5], [4, 5], [5, 5], [6, 5], [7, 5], [8, 5], [9, 5]], \"height\": 0}, {\"type\": \"water\", \"coords\": [[7, 2], [7, 3], [8, 2]], \"height\": 0}, {\"type\": \"stone\", \"coords\": [[6, 7], [6, 8], [7, 7]], \"height\": 1}]','[{\"x\": 0, \"z\": 0}, {\"x\": 1, \"z\": 0}, {\"x\": 0, \"z\": 1}, {\"x\": 1, \"z\": 1}]','[{\"x\": 8, \"z\": 8}, {\"x\": 9, \"z\": 8}, {\"x\": 8, \"z\": 9}, {\"x\": 9, \"z\": 9}]',1),(5,'cave','지하 동굴','대지의 심장부로 이어지는 깊은 지하 동굴. 거대한 종유석과 석순이 숲을 이루고, 지하 강이 푸른 빛으로 흐른다. 고대 문명의 흔적이 벽면에 새겨져 있으며, 어둠 속에서 바위처럼 숨어 있다가 갑자기 습격하는 강력한 몬스터들이 도사린다.','🕳️',2,10,10,'stone','[{\"type\": \"stone\", \"coords\": [[0, 4], [0, 5], [1, 4], [1, 5]], \"height\": 3}, {\"type\": \"stone\", \"coords\": [[4, 0], [4, 1], [5, 0], [5, 1]], \"height\": 1}, {\"type\": \"stone\", \"coords\": [[4, 2], [5, 2]], \"height\": 2}, {\"type\": \"water\", \"coords\": [[3, 6], [3, 7], [4, 6], [4, 7]], \"height\": 0}, {\"type\": \"dirt\", \"coords\": [[7, 4], [7, 5], [7, 6], [8, 4], [8, 5], [8, 6]], \"height\": 1}]','[{\"x\": 0, \"z\": 0}, {\"x\": 1, \"z\": 0}, {\"x\": 0, \"z\": 1}, {\"x\": 1, \"z\": 1}]','[{\"x\": 8, \"z\": 8}, {\"x\": 9, \"z\": 9}, {\"x\": 9, \"z\": 8}, {\"x\": 8, \"z\": 9}]',3),(6,'temple','폐허 사원','고대의 사악한 의식이 벌어졌던 저주받은 사원. 부서진 석상들 사이로 보라색 저주의 기운이 소용돌이치고, 지하에는 봉인된 어둠이 서서히 깨어나고 있다. 언데드 승려와 원혼들이 배회하며, 최심부의 대사제는 죽음 이후에도 광기에 사로잡혀 있다.','🏚️',4,10,10,'dark','[{\"type\": \"stone\", \"coords\": [[4, 4], [4, 5], [5, 4], [5, 5]], \"height\": 2}, {\"type\": \"stone\", \"coords\": [[4, 3], [5, 3], [4, 6], [5, 6], [3, 4], [3, 5], [6, 4], [6, 5]], \"height\": 1}, {\"type\": \"stone\", \"coords\": [[2, 2], [7, 2], [2, 7], [7, 7]], \"height\": 3}, {\"type\": \"water\", \"coords\": [[0, 9], [1, 9], [9, 0], [9, 1]], \"height\": 0}]','[{\"x\": 0, \"z\": 0}, {\"x\": 1, \"z\": 0}, {\"x\": 0, \"z\": 1}, {\"x\": 1, \"z\": 1}]','[{\"x\": 8, \"z\": 8}, {\"x\": 9, \"z\": 9}, {\"x\": 9, \"z\": 8}, {\"x\": 7, \"z\": 9}]',9),(7,'swamp','독안개 늪','독기와 장기가 자욱한 저주받은 늪지대. 보라색 안개가 시야를 가리고, 부패한 나무들 사이로 거대 곤충과 독성 식물이 위협한다. 늪 아래에서는 알 수 없는 존재가 끊임없이 거품을 일으키며, 한번 빠지면 빠져나오기 힘든 위험지대다.','🌿',2,10,10,'grass','[{\"type\": \"water\", \"coords\": [[2, 2], [3, 2], [4, 2], [2, 3], [3, 3], [4, 3], [2, 4], [3, 4]], \"height\": 0}, {\"type\": \"water\", \"coords\": [[6, 6], [7, 6], [6, 7], [7, 7], [8, 7]], \"height\": 0}, {\"type\": \"dirt\", \"coords\": [[5, 0], [5, 1], [5, 2]], \"height\": 1}, {\"type\": \"stone\", \"coords\": [[0, 8], [1, 8], [0, 9]], \"height\": 1}]','[{\"x\": 0, \"z\": 0}, {\"x\": 1, \"z\": 0}, {\"x\": 0, \"z\": 1}, {\"x\": 1, \"z\": 1}]','[{\"x\": 8, \"z\": 8}, {\"x\": 9, \"z\": 8}, {\"x\": 8, \"z\": 9}, {\"x\": 9, \"z\": 9}]',4),(8,'mountain','영혼의 산','원혼과 요괴가 떠도는 유령의 산. 바람 소리에 실린 귀곡성이 등산객을 미혹하고, 고대 산신당의 등불이 길을 잃게 만든다. 산 정상에는 강력한 산신령이 깃들어 있으며, 높이 오를수록 현실과 영계의 경계가 희미해져 더욱 위험해진다.','⛰️',3,10,10,'stone','[{\"type\": \"stone\", \"coords\": [[4, 4], [5, 4], [4, 5], [5, 5]], \"height\": 4}, {\"type\": \"stone\", \"coords\": [[3, 3], [6, 3], [3, 6], [6, 6]], \"height\": 3}, {\"type\": \"stone\", \"coords\": [[2, 2], [7, 2], [2, 7], [7, 7]], \"height\": 2}, {\"type\": \"dirt\", \"coords\": [[1, 1], [8, 1], [1, 8], [8, 8]], \"height\": 1}, {\"type\": \"water\", \"coords\": [[0, 5], [9, 5]], \"height\": 0}]','[{\"x\": 0, \"z\": 0}, {\"x\": 1, \"z\": 0}, {\"x\": 0, \"z\": 1}, {\"x\": 1, \"z\": 1}]','[{\"x\": 8, \"z\": 8}, {\"x\": 9, \"z\": 8}, {\"x\": 8, \"z\": 9}, {\"x\": 9, \"z\": 9}]',6),(9,'demon','마계 균열','인간 세계와 마계를 잇는 차원의 균열. 현실이 왜곡되어 하늘이 핏빛으로 물들고, 지옥의 불꽃과 유황 냄새가 진동한다. 균열을 통해 쏟아져 나오는 악마와 마족은 점점 강해지고 있으며, 균열 너머에는 마왕이 침공의 기회를 엿보고 있다.','🌋',5,10,10,'dark','[{\"type\": \"water\", \"coords\": [[4, 4], [5, 4], [4, 5], [5, 5]], \"height\": 0}, {\"type\": \"stone\", \"coords\": [[3, 3], [6, 3], [3, 6], [6, 6]], \"height\": 2}, {\"type\": \"dark\", \"coords\": [[1, 1], [8, 1], [1, 8], [8, 8]], \"height\": 3}, {\"type\": \"stone\", \"coords\": [[0, 4], [0, 5], [9, 4], [9, 5]], \"height\": 1}]','[{\"x\": 0, \"z\": 0}, {\"x\": 1, \"z\": 0}, {\"x\": 0, \"z\": 1}, {\"x\": 1, \"z\": 1}]','[{\"x\": 8, \"z\": 8}, {\"x\": 9, \"z\": 8}, {\"x\": 8, \"z\": 9}, {\"x\": 9, \"z\": 9}]',10),(10,'dragon','용의 둥지','태고의 용이 잠든 화산 심장부. 용암의 강이 흐르고, 거대한 용의 뼈가 동굴 벽면에 박혀 있다. 수천 년간 축적된 보물 더미가 빛나지만, 고대의 용은 여전히 살아 숨 쉬며 자신의 영역을 침범한 자를 용서하지 않는다. 최강의 도전.','🐉',7,12,12,'stone','[{\"type\": \"stone\", \"coords\": [[5, 5], [6, 5], [5, 6], [6, 6]], \"height\": 3}, {\"type\": \"stone\", \"coords\": [[4, 4], [7, 4], [4, 7], [7, 7]], \"height\": 2}, {\"type\": \"dirt\", \"coords\": [[3, 5], [3, 6], [8, 5], [8, 6], [5, 3], [6, 3], [5, 8], [6, 8]], \"height\": 1}, {\"type\": \"water\", \"coords\": [[0, 0], [11, 0], [0, 11], [11, 11]], \"height\": 0}, {\"type\": \"stone\", \"coords\": [[1, 5], [1, 6], [10, 5], [10, 6]], \"height\": 1}]','[{\"x\": 0, \"z\": 0}, {\"x\": 1, \"z\": 0}, {\"x\": 0, \"z\": 1}, {\"x\": 1, \"z\": 1}]','[{\"x\": 10, \"z\": 10}, {\"x\": 11, \"z\": 10}, {\"x\": 10, \"z\": 11}, {\"x\": 11, \"z\": 11}]',11),(11,'ocean','해저 유적','바다 밑에 가라앉은 태고의 유적. 산호로 뒤덮인 기둥들과 해초에 휘감긴 신전이 심해의 어둠 속에서 신비로운 빛을 발한다. 수생 몬스터들의 절대적 영역이며, 유적 깊은 곳에는 전설의 바다뱀이 잠들어 있다는 전설이 전해진다.','🌊',4,10,10,'stone','[{\"type\": \"water\", \"coords\": [[0, 0], [1, 0], [0, 1], [9, 0], [9, 1], [8, 0], [0, 9], [1, 9], [0, 8], [9, 9], [8, 9], [9, 8]], \"height\": 0}, {\"type\": \"stone\", \"coords\": [[3, 3], [4, 3], [5, 3], [6, 3], [3, 4], [6, 4], [3, 5], [6, 5], [3, 6], [4, 6], [5, 6], [6, 6]], \"height\": 1}, {\"type\": \"stone\", \"coords\": [[4, 4], [5, 4], [4, 5], [5, 5]], \"height\": 2}]','[{\"x\": 0, \"z\": 0}, {\"x\": 1, \"z\": 0}, {\"x\": 0, \"z\": 1}, {\"x\": 1, \"z\": 1}]','[{\"x\": 8, \"z\": 8}, {\"x\": 9, \"z\": 8}, {\"x\": 8, \"z\": 9}, {\"x\": 9, \"z\": 9}]',7),(12,'goblin','도깨비 마을','장난기 넘치는 도깨비들이 모여 사는 무법 마을. 훔친 보물들로 가득한 오두막, 기상천외한 함정들, 그리고 끝없는 축제가 벌어지는 곳. 만만해 보이지만 도깨비 방망이의 힘은 무시할 수 없으며, 마을 깊숙이 자리한 도깨비 왕은 엄청난 전투력을 자랑한다.','👺',3,10,10,'grass','[{\"type\": \"stone\", \"coords\": [[2, 2], [3, 2], [2, 3]], \"height\": 2}, {\"type\": \"stone\", \"coords\": [[6, 6], [7, 6], [7, 7]], \"height\": 2}, {\"type\": \"dirt\", \"coords\": [[4, 0], [5, 0], [4, 1], [5, 1]], \"height\": 1}, {\"type\": \"water\", \"coords\": [[0, 8], [1, 8], [2, 8], [0, 9], [1, 9], [2, 9]], \"height\": 0}, {\"type\": \"grass\", \"coords\": [[8, 2], [9, 2], [8, 3]], \"height\": 1}]','[{\"x\": 0, \"z\": 0}, {\"x\": 1, \"z\": 0}, {\"x\": 0, \"z\": 1}, {\"x\": 1, \"z\": 1}]','[{\"x\": 8, \"z\": 8}, {\"x\": 9, \"z\": 8}, {\"x\": 8, \"z\": 9}, {\"x\": 9, \"z\": 9}]',5),(13,'spirit_forest','정령의 숲','네 원소의 정령들이 깃든 신비의 숲. 불·물·땅·바람의 에너지가 하나로 수렴하는 세계수가 중심에 서 있고, 계절이 동시에 존재하는 환상적인 경관이 펼쳐진다. 정령의 시련을 통과한 자만이 원소의 축복을 받을 수 있다.','✨',4,10,10,'grass','[{\"type\": \"water\", \"coords\": [[2, 4], [2, 5], [3, 4], [3, 5]], \"height\": 0}, {\"type\": \"water\", \"coords\": [[6, 2], [7, 2], [6, 3], [7, 3]], \"height\": 0}, {\"type\": \"grass\", \"coords\": [[4, 4], [5, 4], [4, 5], [5, 5]], \"height\": 2}, {\"type\": \"grass\", \"coords\": [[1, 1], [8, 1], [1, 8], [8, 8]], \"height\": 1}, {\"type\": \"stone\", \"coords\": [[0, 0], [9, 9]], \"height\": 3}]','[{\"x\": 0, \"z\": 0}, {\"x\": 1, \"z\": 0}, {\"x\": 0, \"z\": 1}, {\"x\": 1, \"z\": 1}]','[{\"x\": 8, \"z\": 8}, {\"x\": 9, \"z\": 8}, {\"x\": 8, \"z\": 9}, {\"x\": 9, \"z\": 9}]',8),(14,'slime_cave','슬라임 동굴','형형색색의 슬라임들이 가득한 수정 동굴. 벽면의 발광 수정이 몽환적인 빛을 내뿜고, 바닥에는 끈적끈적한 점액이 흐른다. 귀여워 보이지만, 강산성 체액을 가진 슬라임부터 불꽃·얼음·독 슬라임까지 다양한 위험이 도사리고 있다.','🫧',1,10,10,'stone','[{\"type\": \"water\", \"coords\": [[3, 3], [4, 3], [5, 3], [3, 4], [5, 4], [3, 5], [4, 5], [5, 5]], \"height\": 0}, {\"type\": \"stone\", \"coords\": [[4, 4]], \"height\": 1}, {\"type\": \"stone\", \"coords\": [[7, 1], [8, 1], [7, 2]], \"height\": 2}, {\"type\": \"dirt\", \"coords\": [[1, 7], [2, 7], [1, 8]], \"height\": 1}]','[{\"x\": 0, \"z\": 0}, {\"x\": 1, \"z\": 0}, {\"x\": 0, \"z\": 1}, {\"x\": 1, \"z\": 1}]','[{\"x\": 8, \"z\": 8}, {\"x\": 9, \"z\": 8}, {\"x\": 8, \"z\": 9}, {\"x\": 9, \"z\": 9}]',2),(15,'kr_forest','한국: 고조선 숲','한국의 신비로운 숲. 장승과 도깨비, 구미호가 서식하는 수묵화 같은 어둠의 원시림.','🌲',1,10,10,'grass','[{\"type\": \"stone\", \"coords\": [[4, 4], [5, 4], [4, 5], [5, 5]], \"height\": 2}, {\"type\": \"grass\", \"coords\": [[2, 2], [7, 7]], \"height\": 1}, {\"type\": \"water\", \"coords\": [[7, 2], [2, 7]], \"height\": 0}]','[{\"x\": 0, \"z\": 0}, {\"x\": 1, \"z\": 0}, {\"x\": 0, \"z\": 1}, {\"x\": 1, \"z\": 1}]','[{\"x\": 8, \"z\": 8}, {\"x\": 9, \"z\": 8}, {\"x\": 8, \"z\": 9}, {\"x\": 9, \"z\": 9}]',12),(16,'kr_mountain','한국: 백두산','산신령이 다스리는 한국의 영산. 사천왕과 석인, 폭풍의 산신이 수행자를 시험한다.','⛰️',3,10,10,'stone','[{\"type\": \"stone\", \"coords\": [[4, 4], [5, 4], [4, 5], [5, 5]], \"height\": 2}, {\"type\": \"grass\", \"coords\": [[2, 2], [7, 7]], \"height\": 1}, {\"type\": \"water\", \"coords\": [[7, 2], [2, 7]], \"height\": 0}]','[{\"x\": 0, \"z\": 0}, {\"x\": 1, \"z\": 0}, {\"x\": 0, \"z\": 1}, {\"x\": 1, \"z\": 1}]','[{\"x\": 8, \"z\": 8}, {\"x\": 9, \"z\": 8}, {\"x\": 8, \"z\": 9}, {\"x\": 9, \"z\": 9}]',13),(17,'kr_temple','한국: 고찰 폐허','타락한 사천왕이 지키는 폐사찰. 깨진 범종 소리가 원혼을 불러모으는 금지의 성역.','🏚️',5,10,10,'dark','[{\"type\": \"stone\", \"coords\": [[4, 4], [5, 4], [4, 5], [5, 5]], \"height\": 2}, {\"type\": \"grass\", \"coords\": [[2, 2], [7, 7]], \"height\": 1}, {\"type\": \"water\", \"coords\": [[7, 2], [2, 7]], \"height\": 0}]','[{\"x\": 0, \"z\": 0}, {\"x\": 1, \"z\": 0}, {\"x\": 0, \"z\": 1}, {\"x\": 1, \"z\": 1}]','[{\"x\": 8, \"z\": 8}, {\"x\": 9, \"z\": 8}, {\"x\": 8, \"z\": 9}, {\"x\": 9, \"z\": 9}]',15),(18,'kr_swamp','한국: 장자못','물귀신과 독충이 도사리는 저주받은 습지. 이무기가 천 년의 잠에서 깨어나려 한다.','🌿',4,10,10,'grass','[{\"type\": \"stone\", \"coords\": [[4, 4], [5, 4], [4, 5], [5, 5]], \"height\": 2}, {\"type\": \"grass\", \"coords\": [[2, 2], [7, 7]], \"height\": 1}, {\"type\": \"water\", \"coords\": [[7, 2], [2, 7]], \"height\": 0}]','[{\"x\": 0, \"z\": 0}, {\"x\": 1, \"z\": 0}, {\"x\": 0, \"z\": 1}, {\"x\": 1, \"z\": 1}]','[{\"x\": 8, \"z\": 8}, {\"x\": 9, \"z\": 8}, {\"x\": 8, \"z\": 9}, {\"x\": 9, \"z\": 9}]',14),(19,'kr_spirit','한국: 신령의 숲','이승과 저승의 경계. 염라대왕의 심판을 받으러 가는 영혼의 길, 황천으로의 여정.','✨',6,10,10,'grass','[{\"type\": \"stone\", \"coords\": [[4, 4], [5, 4], [4, 5], [5, 5]], \"height\": 2}, {\"type\": \"grass\", \"coords\": [[2, 2], [7, 7]], \"height\": 1}, {\"type\": \"water\", \"coords\": [[7, 2], [2, 7]], \"height\": 0}]','[{\"x\": 0, \"z\": 0}, {\"x\": 1, \"z\": 0}, {\"x\": 0, \"z\": 1}, {\"x\": 1, \"z\": 1}]','[{\"x\": 8, \"z\": 8}, {\"x\": 9, \"z\": 8}, {\"x\": 8, \"z\": 9}, {\"x\": 9, \"z\": 9}]',16),(20,'jp_forest','일본: 아오키가하라','요괴가 서식하는 일본의 어둠의 숲. 코다마와 킷수네, 조로구모가 기다리는 마의 원림.','🌲',1,10,10,'grass','[{\"type\": \"stone\", \"coords\": [[4, 4], [5, 4], [4, 5], [5, 5]], \"height\": 2}, {\"type\": \"grass\", \"coords\": [[2, 2], [7, 7]], \"height\": 1}, {\"type\": \"water\", \"coords\": [[7, 2], [2, 7]], \"height\": 0}]','[{\"x\": 0, \"z\": 0}, {\"x\": 1, \"z\": 0}, {\"x\": 0, \"z\": 1}, {\"x\": 1, \"z\": 1}]','[{\"x\": 8, \"z\": 8}, {\"x\": 9, \"z\": 8}, {\"x\": 8, \"z\": 9}, {\"x\": 9, \"z\": 9}]',17),(21,'jp_mountain','일본: 오에산','텐구가 지배하는 일본의 영산. 야마부시의 수행과 뇌신의 힘이 깃든 구름 위의 수련장.','⛩️',3,10,10,'stone','[{\"type\": \"stone\", \"coords\": [[4, 4], [5, 4], [4, 5], [5, 5]], \"height\": 2}, {\"type\": \"grass\", \"coords\": [[2, 2], [7, 7]], \"height\": 1}, {\"type\": \"water\", \"coords\": [[7, 2], [2, 7]], \"height\": 0}]','[{\"x\": 0, \"z\": 0}, {\"x\": 1, \"z\": 0}, {\"x\": 0, \"z\": 1}, {\"x\": 1, \"z\": 1}]','[{\"x\": 8, \"z\": 8}, {\"x\": 9, \"z\": 8}, {\"x\": 8, \"z\": 9}, {\"x\": 9, \"z\": 9}]',18),(22,'jp_temple','일본: 폐신사','오니 가면의 저주가 서린 일본 사찰. 천수관음 석상이 빙의되어 깨어나는 공포의 법당.','⛩️',5,10,10,'dark','[{\"type\": \"stone\", \"coords\": [[4, 4], [5, 4], [4, 5], [5, 5]], \"height\": 2}, {\"type\": \"grass\", \"coords\": [[2, 2], [7, 7]], \"height\": 1}, {\"type\": \"water\", \"coords\": [[7, 2], [2, 7]], \"height\": 0}]','[{\"x\": 0, \"z\": 0}, {\"x\": 1, \"z\": 0}, {\"x\": 0, \"z\": 1}, {\"x\": 1, \"z\": 1}]','[{\"x\": 8, \"z\": 8}, {\"x\": 9, \"z\": 8}, {\"x\": 8, \"z\": 9}, {\"x\": 9, \"z\": 9}]',19),(23,'jp_ocean','일본: 용궁','류진의 용궁으로 가는 깊은 바다. 갓파와 닌교, 후나유레이가 출몰하는 해저 세계.','🌊',4,10,10,'stone','[{\"type\": \"stone\", \"coords\": [[4, 4], [5, 4], [4, 5], [5, 5]], \"height\": 2}, {\"type\": \"grass\", \"coords\": [[2, 2], [7, 7]], \"height\": 1}, {\"type\": \"water\", \"coords\": [[7, 2], [2, 7]], \"height\": 0}]','[{\"x\": 0, \"z\": 0}, {\"x\": 1, \"z\": 0}, {\"x\": 0, \"z\": 1}, {\"x\": 1, \"z\": 1}]','[{\"x\": 8, \"z\": 8}, {\"x\": 9, \"z\": 8}, {\"x\": 8, \"z\": 9}, {\"x\": 9, \"z\": 9}]',20),(24,'jp_spirit','일본: 요괴의 길','시니가미가 지배하는 일본의 저승. 삼도천을 건너 엔마 대왕의 심판을 받는 명부의 길.','👺',6,10,10,'grass','[{\"type\": \"stone\", \"coords\": [[4, 4], [5, 4], [4, 5], [5, 5]], \"height\": 2}, {\"type\": \"grass\", \"coords\": [[2, 2], [7, 7]], \"height\": 1}, {\"type\": \"water\", \"coords\": [[7, 2], [2, 7]], \"height\": 0}]','[{\"x\": 0, \"z\": 0}, {\"x\": 1, \"z\": 0}, {\"x\": 0, \"z\": 1}, {\"x\": 1, \"z\": 1}]','[{\"x\": 8, \"z\": 8}, {\"x\": 9, \"z\": 8}, {\"x\": 8, \"z\": 9}, {\"x\": 9, \"z\": 9}]',21),(25,'cn_forest','중국: 산해경 숲','산해경의 마수가 서식하는 중국 신화의 숲. 호리정과 토지신, 태고의 괴물이 숨 쉬는 곳.','🌲',1,10,10,'grass','[{\"type\": \"stone\", \"coords\": [[4, 4], [5, 4], [4, 5], [5, 5]], \"height\": 2}, {\"type\": \"grass\", \"coords\": [[2, 2], [7, 7]], \"height\": 1}, {\"type\": \"water\", \"coords\": [[7, 2], [2, 7]], \"height\": 0}]','[{\"x\": 0, \"z\": 0}, {\"x\": 1, \"z\": 0}, {\"x\": 0, \"z\": 1}, {\"x\": 1, \"z\": 1}]','[{\"x\": 8, \"z\": 8}, {\"x\": 9, \"z\": 8}, {\"x\": 8, \"z\": 9}, {\"x\": 9, \"z\": 9}]',22),(26,'cn_mountain','중국: 곤륜산','곤륜산을 닮은 신선의 산. 도교 연단술과 무림 사찰, 하늘에 닿는 수행의 길.','🏔️',3,10,10,'stone','[{\"type\": \"stone\", \"coords\": [[4, 4], [5, 4], [4, 5], [5, 5]], \"height\": 2}, {\"type\": \"grass\", \"coords\": [[2, 2], [7, 7]], \"height\": 1}, {\"type\": \"water\", \"coords\": [[7, 2], [2, 7]], \"height\": 0}]','[{\"x\": 0, \"z\": 0}, {\"x\": 1, \"z\": 0}, {\"x\": 0, \"z\": 1}, {\"x\": 1, \"z\": 1}]','[{\"x\": 8, \"z\": 8}, {\"x\": 9, \"z\": 8}, {\"x\": 8, \"z\": 9}, {\"x\": 9, \"z\": 9}]',23),(27,'cn_temple','중국: 봉신대','사대천왕이 분노하는 중국 대사찰. 오백나한의 눈이 빛나고 진마탑이 흔들리는 성역.','🏯',5,10,10,'dark','[{\"type\": \"stone\", \"coords\": [[4, 4], [5, 4], [4, 5], [5, 5]], \"height\": 2}, {\"type\": \"grass\", \"coords\": [[2, 2], [7, 7]], \"height\": 1}, {\"type\": \"water\", \"coords\": [[7, 2], [2, 7]], \"height\": 0}]','[{\"x\": 0, \"z\": 0}, {\"x\": 1, \"z\": 0}, {\"x\": 0, \"z\": 1}, {\"x\": 1, \"z\": 1}]','[{\"x\": 8, \"z\": 8}, {\"x\": 9, \"z\": 8}, {\"x\": 8, \"z\": 9}, {\"x\": 9, \"z\": 9}]',24),(28,'cn_swamp','중국: 황천','강시와 고독(蠱毒)이 도사리는 저주의 늪. 부적과 주술이 난무하는 중국 공포의 습지.','💀',4,10,10,'stone','[{\"type\": \"stone\", \"coords\": [[4, 4], [5, 4], [4, 5], [5, 5]], \"height\": 2}, {\"type\": \"grass\", \"coords\": [[2, 2], [7, 7]], \"height\": 1}, {\"type\": \"water\", \"coords\": [[7, 2], [2, 7]], \"height\": 0}]','[{\"x\": 0, \"z\": 0}, {\"x\": 1, \"z\": 0}, {\"x\": 0, \"z\": 1}, {\"x\": 1, \"z\": 1}]','[{\"x\": 8, \"z\": 8}, {\"x\": 9, \"z\": 8}, {\"x\": 8, \"z\": 9}, {\"x\": 9, \"z\": 9}]',25),(29,'cn_spirit','중국: 요계','염라왕이 다스리는 중국의 지부(地府). 열 명의 명왕이 심판하는 사후 세계의 여정.','🐉',6,10,10,'grass','[{\"type\": \"stone\", \"coords\": [[4, 4], [5, 4], [4, 5], [5, 5]], \"height\": 2}, {\"type\": \"grass\", \"coords\": [[2, 2], [7, 7]], \"height\": 1}, {\"type\": \"water\", \"coords\": [[7, 2], [2, 7]], \"height\": 0}]','[{\"x\": 0, \"z\": 0}, {\"x\": 1, \"z\": 0}, {\"x\": 0, \"z\": 1}, {\"x\": 1, \"z\": 1}]','[{\"x\": 8, \"z\": 8}, {\"x\": 9, \"z\": 8}, {\"x\": 8, \"z\": 9}, {\"x\": 9, \"z\": 9}]',26);
/*!40000 ALTER TABLE `dungeons` ENABLE KEYS */;
UNLOCK TABLES;

--
-- Table structure for table `element_relations`
--

DROP TABLE IF EXISTS `element_relations`;
/*!40101 SET @saved_cs_client     = @@character_set_client */;
/*!50503 SET character_set_client = utf8mb4 */;
CREATE TABLE `element_relations` (
  `id` int NOT NULL AUTO_INCREMENT,
  `attacker` enum('fire','water','earth','wind','neutral') NOT NULL,
  `defender` enum('fire','water','earth','wind','neutral') NOT NULL,
  `multiplier` float NOT NULL DEFAULT '1',
  PRIMARY KEY (`id`),
  UNIQUE KEY `unique_relation` (`attacker`,`defender`)
) ENGINE=InnoDB AUTO_INCREMENT=26 DEFAULT CHARSET=utf8mb4 COLLATE=utf8mb4_0900_ai_ci;
/*!40101 SET character_set_client = @saved_cs_client */;

--
-- Dumping data for table `element_relations`
--

LOCK TABLES `element_relations` WRITE;
/*!40000 ALTER TABLE `element_relations` DISABLE KEYS */;
INSERT INTO `element_relations` VALUES (1,'fire','fire',1),(2,'fire','water',0.5),(3,'fire','earth',1.5),(4,'fire','wind',1.5),(5,'fire','neutral',1),(6,'water','fire',2),(7,'water','water',1),(8,'water','earth',1.5),(9,'water','wind',0.5),(10,'water','neutral',1),(11,'earth','fire',0.5),(12,'earth','water',0.5),(13,'earth','earth',1),(14,'earth','wind',2),(15,'earth','neutral',1),(16,'wind','fire',1.5),(17,'wind','water',2),(18,'wind','earth',0.5),(19,'wind','wind',1),(20,'wind','neutral',1),(21,'neutral','fire',1),(22,'neutral','water',1),(23,'neutral','earth',1),(24,'neutral','wind',1),(25,'neutral','neutral',1);
/*!40000 ALTER TABLE `element_relations` ENABLE KEYS */;
UNLOCK TABLES;

--
-- Table structure for table `elemental_trials`
--

DROP TABLE IF EXISTS `elemental_trials`;
/*!40101 SET @saved_cs_client     = @@character_set_client */;
/*!50503 SET character_set_client = utf8mb4 */;
CREATE TABLE `elemental_trials` (
  `id` int NOT NULL AUTO_INCREMENT,
  `tier` int NOT NULL,
  `name` varchar(50) NOT NULL,
  `required_level` int DEFAULT '1',
  `monster_count` int DEFAULT '3',
  `hp_multiplier` float DEFAULT '1',
  `atk_multiplier` float DEFAULT '1',
  `exp_reward` int DEFAULT '80',
  `gold_reward` int DEFAULT '50',
  `material_grade` varchar(10) DEFAULT '희귀',
  `material_count` int DEFAULT '1',
  PRIMARY KEY (`id`),
  UNIQUE KEY `tier` (`tier`)
) ENGINE=InnoDB AUTO_INCREMENT=6 DEFAULT CHARSET=utf8mb4 COLLATE=utf8mb4_0900_ai_ci;
/*!40101 SET character_set_client = @saved_cs_client */;

--
-- Dumping data for table `elemental_trials`
--

LOCK TABLES `elemental_trials` WRITE;
/*!40000 ALTER TABLE `elemental_trials` DISABLE KEYS */;
INSERT INTO `elemental_trials` VALUES (1,1,'초급 시련',15,4,1.3,1.2,120,80,'희귀',1),(2,2,'중급 시련',20,4,1.7,1.5,220,150,'희귀',2),(3,3,'상급 시련',28,5,2.2,1.8,380,260,'영웅',1),(4,4,'영웅 시련',38,6,2.8,2.2,600,420,'영웅',2),(5,5,'전설 시련',50,7,3.5,2.7,900,650,'영웅',3);
/*!40000 ALTER TABLE `elemental_trials` ENABLE KEYS */;
UNLOCK TABLES;

--
-- Table structure for table `enhance_rates`
--

DROP TABLE IF EXISTS `enhance_rates`;
/*!40101 SET @saved_cs_client     = @@character_set_client */;
/*!50503 SET character_set_client = utf8mb4 */;
CREATE TABLE `enhance_rates` (
  `id` int NOT NULL AUTO_INCREMENT,
  `enhance_level` int NOT NULL,
  `success_rate` float NOT NULL DEFAULT '1',
  `gold_cost` int NOT NULL DEFAULT '100',
  `material_count` int NOT NULL DEFAULT '1',
  `stat_bonus_percent` float NOT NULL DEFAULT '0.05',
  PRIMARY KEY (`id`),
  UNIQUE KEY `unique_level` (`enhance_level`)
) ENGINE=InnoDB AUTO_INCREMENT=16 DEFAULT CHARSET=utf8mb4 COLLATE=utf8mb4_0900_ai_ci;
/*!40101 SET character_set_client = @saved_cs_client */;

--
-- Dumping data for table `enhance_rates`
--

LOCK TABLES `enhance_rates` WRITE;
/*!40000 ALTER TABLE `enhance_rates` DISABLE KEYS */;
INSERT INTO `enhance_rates` VALUES (1,1,1,1000,1,0.05),(2,2,0.95,2000,1,0.05),(3,3,0.9,4000,2,0.05),(4,4,0.85,6000,2,0.06),(5,5,0.75,10000,3,0.06),(6,6,0.65,15000,3,0.07),(7,7,0.55,20000,4,0.07),(8,8,0.45,30000,5,0.08),(9,9,0.35,40000,6,0.08),(10,10,0.25,50000,7,0.09),(11,11,0.18,70000,8,0.09),(12,12,0.12,90000,10,0.1),(13,13,0.08,120000,12,0.1),(14,14,0.05,150000,15,0.11),(15,15,0.03,200000,20,0.12);
/*!40000 ALTER TABLE `enhance_rates` ENABLE KEYS */;
UNLOCK TABLES;

--
-- Table structure for table `equipment`
--

DROP TABLE IF EXISTS `equipment`;
/*!40101 SET @saved_cs_client     = @@character_set_client */;
/*!50503 SET character_set_client = utf8mb4 */;
CREATE TABLE `equipment` (
  `id` int NOT NULL AUTO_INCREMENT,
  `character_id` int NOT NULL,
  `slot` varchar(20) NOT NULL,
  `item_id` int NOT NULL,
  PRIMARY KEY (`id`),
  UNIQUE KEY `unique_char_slot` (`character_id`,`slot`),
  KEY `item_id` (`item_id`),
  CONSTRAINT `equipment_ibfk_1` FOREIGN KEY (`character_id`) REFERENCES `characters` (`id`) ON DELETE CASCADE,
  CONSTRAINT `equipment_ibfk_2` FOREIGN KEY (`item_id`) REFERENCES `items` (`id`)
) ENGINE=InnoDB AUTO_INCREMENT=91 DEFAULT CHARSET=utf8mb4 COLLATE=utf8mb4_0900_ai_ci;
/*!40101 SET character_set_client = @saved_cs_client */;

--
-- Dumping data for table `equipment`
--

LOCK TABLES `equipment` WRITE;
/*!40000 ALTER TABLE `equipment` DISABLE KEYS */;
INSERT INTO `equipment` VALUES (88,19,'weapon',215),(89,19,'chest',11),(90,19,'necklace',28);
/*!40000 ALTER TABLE `equipment` ENABLE KEYS */;
UNLOCK TABLES;

--
-- Table structure for table `equipped_cosmetics`
--

DROP TABLE IF EXISTS `equipped_cosmetics`;
/*!40101 SET @saved_cs_client     = @@character_set_client */;
/*!50503 SET character_set_client = utf8mb4 */;
CREATE TABLE `equipped_cosmetics` (
  `id` int NOT NULL AUTO_INCREMENT,
  `character_id` int NOT NULL,
  `entity_type` enum('character','mercenary') NOT NULL,
  `entity_id` int NOT NULL,
  `item_id` int NOT NULL,
  PRIMARY KEY (`id`),
  UNIQUE KEY `unique_entity` (`character_id`,`entity_type`,`entity_id`),
  KEY `item_id` (`item_id`),
  CONSTRAINT `equipped_cosmetics_ibfk_1` FOREIGN KEY (`character_id`) REFERENCES `characters` (`id`) ON DELETE CASCADE,
  CONSTRAINT `equipped_cosmetics_ibfk_2` FOREIGN KEY (`item_id`) REFERENCES `items` (`id`)
) ENGINE=InnoDB AUTO_INCREMENT=12 DEFAULT CHARSET=utf8mb4 COLLATE=utf8mb4_0900_ai_ci;
/*!40101 SET character_set_client = @saved_cs_client */;

--
-- Dumping data for table `equipped_cosmetics`
--

LOCK TABLES `equipped_cosmetics` WRITE;
/*!40000 ALTER TABLE `equipped_cosmetics` DISABLE KEYS */;
/*!40000 ALTER TABLE `equipped_cosmetics` ENABLE KEYS */;
UNLOCK TABLES;

--
-- Table structure for table `inventory`
--

DROP TABLE IF EXISTS `inventory`;
/*!40101 SET @saved_cs_client     = @@character_set_client */;
/*!50503 SET character_set_client = utf8mb4 */;
CREATE TABLE `inventory` (
  `id` int NOT NULL AUTO_INCREMENT,
  `character_id` int NOT NULL,
  `item_id` int NOT NULL,
  `quantity` int DEFAULT '1',
  `equipped` tinyint(1) DEFAULT '0',
  `enhance_level` int DEFAULT '0',
  PRIMARY KEY (`id`),
  KEY `idx_char_item` (`character_id`,`item_id`),
  KEY `inventory_ibfk_2` (`item_id`),
  CONSTRAINT `inventory_ibfk_2` FOREIGN KEY (`item_id`) REFERENCES `items` (`id`)
) ENGINE=InnoDB AUTO_INCREMENT=76 DEFAULT CHARSET=utf8mb4 COLLATE=utf8mb4_0900_ai_ci;
/*!40101 SET character_set_client = @saved_cs_client */;

--
-- Dumping data for table `inventory`
--

LOCK TABLES `inventory` WRITE;
/*!40000 ALTER TABLE `inventory` DISABLE KEYS */;
INSERT INTO `inventory` VALUES (73,19,11,1,0,0),(74,19,28,1,0,0),(75,19,215,1,0,0);
/*!40000 ALTER TABLE `inventory` ENABLE KEYS */;
UNLOCK TABLES;

--
-- Table structure for table `items`
--

DROP TABLE IF EXISTS `items`;
/*!40101 SET @saved_cs_client     = @@character_set_client */;
/*!50503 SET character_set_client = utf8mb4 */;
CREATE TABLE `items` (
  `id` int NOT NULL AUTO_INCREMENT,
  `name` varchar(50) NOT NULL,
  `type` enum('weapon','armor','potion','helmet','chest','boots','ring','necklace','shield','cosmetic') NOT NULL,
  `description` varchar(200) DEFAULT NULL,
  `price` int NOT NULL,
  `sell_price` int NOT NULL,
  `effect_hp` int DEFAULT '0',
  `effect_mp` int DEFAULT '0',
  `effect_attack` int DEFAULT '0',
  `effect_defense` int DEFAULT '0',
  `required_level` int DEFAULT '1',
  `class_restriction` varchar(50) DEFAULT NULL,
  `slot` varchar(20) DEFAULT NULL,
  `weapon_hand` enum('1h','2h') DEFAULT NULL,
  `effect_phys_attack` int DEFAULT '0',
  `effect_phys_defense` int DEFAULT '0',
  `effect_mag_attack` int DEFAULT '0',
  `effect_mag_defense` int DEFAULT '0',
  `effect_crit_rate` int DEFAULT '0',
  `effect_evasion` int DEFAULT '0',
  `grade` enum('일반','고급','희귀','영웅','전설','신화','초월') DEFAULT '일반',
  `max_enhance` int DEFAULT '0',
  `craftable` tinyint(1) DEFAULT '0',
  `cosmetic_effect` varchar(30) DEFAULT NULL,
  PRIMARY KEY (`id`),
  UNIQUE KEY `name` (`name`)
) ENGINE=InnoDB AUTO_INCREMENT=31936 DEFAULT CHARSET=utf8mb4 COLLATE=utf8mb4_0900_ai_ci;
/*!40101 SET character_set_client = @saved_cs_client */;

--
-- Dumping data for table `items`
--

LOCK TABLES `items` WRITE;
/*!40000 ALTER TABLE `items` DISABLE KEYS */;
INSERT INTO `items` VALUES (1,'소환의 부적','weapon','풍수사 전용. 약한 기운이 깃든 부적.',50,25,0,10,5,0,1,'풍수사','weapon','1h',1,0,4,0,0,0,'일반',5,1,NULL),(2,'강화 부적','weapon','풍수사 전용. 강한 영기가 깃든 부적.',200,100,0,25,12,0,3,'풍수사','weapon','1h',3,0,9,0,0,0,'고급',7,1,NULL),(3,'용의 부적','weapon','풍수사 전용. 용의 기운이 봉인된 부적.',800,400,0,50,25,0,6,'풍수사','weapon','2h',7,0,20,0,0,0,'영웅',12,1,NULL),(4,'무당 방울','weapon','무당 전용. 영혼을 부르는 방울.',50,25,0,5,4,2,1,'무당','weapon','1h',2,0,2,0,0,0,'일반',5,1,NULL),(5,'신령 방울','weapon','무당 전용. 신령의 힘이 깃든 방울.',200,100,0,15,10,4,3,'무당','weapon','1h',5,0,6,0,0,0,'고급',7,1,NULL),(6,'천신 방울','weapon','무당 전용. 천신의 축복을 받은 방울.',800,400,0,30,20,8,6,'무당','weapon','2h',10,0,12,0,0,0,'영웅',12,1,NULL),(7,'수련 목탁','weapon','승려 전용. 기본 수련용 목탁.',50,25,10,0,3,4,1,'승려','weapon','1h',2,0,0,0,0,0,'일반',5,1,NULL),(8,'금강 목탁','weapon','승려 전용. 금강석으로 만든 목탁.',200,100,25,0,7,10,3,'승려','weapon','1h',5,0,1,0,0,0,'고급',7,1,NULL),(9,'파천 목탁','weapon','승려 전용. 하늘을 가르는 목탁.',800,400,50,0,15,20,6,'승려','weapon','2h',12,0,3,0,0,0,'영웅',12,1,NULL),(10,'가죽 갑옷','chest','기본적인 가죽 갑옷.',80,40,10,0,0,3,1,NULL,'chest',NULL,0,2,0,1,0,0,'일반',5,1,NULL),(11,'사슬 갑옷','chest','촘촘한 사슬로 엮은 갑옷.',300,150,25,0,0,8,3,NULL,'chest',NULL,0,5,0,3,0,0,'고급',7,1,NULL),(12,'용린 갑옷','chest','용의 비늘로 만든 갑옷.',1000,500,50,10,0,18,6,NULL,'chest',NULL,0,12,0,7,0,0,'영웅',12,1,NULL),(13,'체력 물약(소)','potion','HP를 30 회복합니다.',15,7,30,0,0,0,1,NULL,NULL,NULL,0,0,0,0,0,0,'일반',0,0,NULL),(14,'체력 물약(중)','potion','HP를 80 회복합니다.',40,20,80,0,0,0,1,NULL,NULL,NULL,0,0,0,0,0,0,'일반',0,0,NULL),(15,'체력 물약(대)','potion','HP를 200 회복합니다.',100,50,200,0,0,0,1,NULL,NULL,NULL,0,0,0,0,0,0,'일반',0,0,NULL),(16,'마력 물약(소)','potion','MP를 20 회복합니다.',20,10,0,20,0,0,1,NULL,NULL,NULL,0,0,0,0,0,0,'일반',0,0,NULL),(17,'마력 물약(중)','potion','MP를 60 회복합니다.',50,25,0,60,0,0,1,NULL,NULL,NULL,0,0,0,0,0,0,'일반',0,0,NULL),(18,'마력 물약(대)','potion','MP를 150 회복합니다.',120,60,0,150,0,0,1,NULL,NULL,NULL,0,0,0,0,0,0,'일반',0,0,NULL),(19,'가죽 투구','helmet','기본적인 가죽 투구.',40,20,5,0,0,2,1,NULL,'helmet',NULL,0,1,0,0,0,0,'일반',5,1,NULL),(20,'철제 투구','helmet','단단한 철로 만든 투구.',150,75,15,0,0,5,3,NULL,'helmet',NULL,0,3,0,2,0,0,'고급',7,1,NULL),(21,'용린 투구','helmet','용의 비늘로 만든 투구.',600,300,30,5,0,10,6,NULL,'helmet',NULL,0,7,0,4,0,0,'영웅',12,1,NULL),(22,'가죽 장화','boots','기본적인 가죽 장화.',35,17,3,0,1,1,1,NULL,'boots',NULL,0,0,0,0,0,1,'일반',5,1,NULL),(23,'철제 장화','boots','단단한 철제 장화.',120,60,8,0,2,3,3,NULL,'boots',NULL,0,2,0,1,0,1,'고급',7,1,NULL),(24,'용린 장화','boots','용의 비늘로 만든 장화.',500,250,20,0,3,7,6,NULL,'boots',NULL,0,4,0,2,0,1,'영웅',12,1,NULL),(25,'구리 반지','ring','약간의 마력이 깃든 반지.',60,30,0,5,2,0,1,NULL,'ring',NULL,0,0,0,1,0,0,'일반',5,1,NULL),(26,'은 반지','ring','은으로 만든 마법 반지.',250,125,0,15,4,0,3,NULL,'ring',NULL,0,0,0,1,1,0,'고급',7,1,NULL),(27,'황금 반지','ring','강력한 마력이 깃든 황금 반지.',700,350,0,25,8,0,6,NULL,'ring',NULL,0,0,0,1,2,0,'영웅',12,1,NULL),(28,'뼈 목걸이','necklace','몬스터 뼈로 만든 목걸이.',50,25,5,5,1,1,1,NULL,'necklace',NULL,0,0,0,0,0,0,'일반',5,1,NULL),(29,'비취 목걸이','necklace','비취로 장식된 목걸이.',200,100,10,10,3,3,3,NULL,'necklace',NULL,0,2,0,1,0,1,'고급',7,1,NULL),(30,'용의 눈 목걸이','necklace','용의 눈이 박힌 전설의 목걸이.',800,400,20,20,6,6,6,NULL,'necklace',NULL,0,4,0,2,0,3,'영웅',12,1,NULL),(31,'나무 방패','shield','가벼운 나무 방패.',45,22,5,0,0,4,1,NULL,'shield',NULL,0,2,0,1,0,0,'일반',5,1,NULL),(32,'철제 방패','shield','단단한 철제 방패.',180,90,15,0,0,10,3,NULL,'shield',NULL,0,7,0,4,0,0,'고급',7,1,NULL),(33,'용린 방패','shield','용의 비늘로 강화된 방패.',650,325,30,0,0,16,6,NULL,'shield',NULL,0,11,0,6,0,0,'영웅',12,1,NULL),(214,'사냥 활','weapon','직선 원거리 공격. 범위4 직선.',120,60,0,0,7,0,1,NULL,'weapon','2h',5,0,1,0,0,0,'일반',5,1,NULL),(215,'강철 활','weapon','강화된 활. 범위4 직선.',400,200,0,0,14,0,3,NULL,'weapon','2h',11,0,2,0,0,0,'고급',7,1,NULL),(216,'용골 활','weapon','용의 뼈로 만든 활. 범위4 직선.',1200,600,0,0,22,0,6,NULL,'weapon','2h',17,0,4,0,0,0,'영웅',12,1,NULL),(217,'풍수 지팡이','weapon','풍수사 전용. 십자 범위2 광역.',150,75,0,20,8,0,2,'풍수사','weapon','2h',2,0,6,0,0,0,'고급',7,0,NULL),(218,'현자의 지팡이','weapon','풍수사 전용. 십자 범위2 광역.',600,300,0,40,16,0,4,'풍수사','weapon','2h',4,0,12,0,0,0,'희귀',10,0,NULL),(219,'금강장','weapon','승려 전용. 범위3 직선 창.',300,150,15,0,10,5,2,'승려','weapon','2h',8,0,2,0,0,0,'고급',7,0,NULL),(220,'용린 금강장','weapon','승려 전용. 범위3 직선 창.',900,450,30,0,18,10,5,'승려','weapon','2h',14,0,3,0,0,0,'희귀',10,0,NULL),(221,'청동 검','weapon','기본적인 검. 범위1 마름모.',100,50,0,0,8,0,1,NULL,'weapon','1h',6,0,1,0,0,0,'일반',5,1,NULL),(222,'강철 검','weapon','단단한 강철 검. 범위1 마름모.',350,175,0,0,15,0,3,NULL,'weapon','1h',12,0,3,0,0,0,'고급',7,1,NULL),(223,'용살 검','weapon','용을 베는 전설의 검. 범위1 마름모.',1100,550,0,0,24,0,6,NULL,'weapon','1h',19,0,4,0,0,0,'영웅',12,1,NULL),(1699,'천마검','weapon','천마의 기운이 깃든 마검. 범위1 마름모.',5000,2500,0,0,45,0,8,NULL,'weapon','1h',35,0,8,0,3,0,'전설',15,1,NULL),(1700,'파천궁','weapon','하늘을 꿰뚫는 활. 범위4 직선.',5500,2750,0,0,42,0,8,NULL,'weapon','2h',33,0,7,0,4,0,'전설',15,1,NULL),(1701,'태극 부적','weapon','풍수사 전용. 태극의 힘이 깃든 부적.',5000,2500,0,80,40,0,8,'풍수사','weapon','2h',10,0,32,0,2,0,'전설',15,1,NULL),(1702,'만신 방울','weapon','무당 전용. 만신의 축복을 받은 방울.',5000,2500,0,50,35,15,8,'무당','weapon','2h',18,0,20,0,2,2,'전설',15,1,NULL),(1703,'금강경 목탁','weapon','승려 전용. 금강경의 힘이 깃든 목탁.',5000,2500,80,0,28,35,8,'승려','weapon','2h',22,8,5,5,0,0,'전설',15,1,NULL),(1704,'천룡 갑옷','chest','천룡의 비늘로 만든 전설의 갑옷.',4000,2000,80,20,0,30,8,NULL,'chest',NULL,0,20,0,12,0,2,'전설',15,1,NULL),(1705,'천룡 투구','helmet','천룡의 뿔로 만든 전설의 투구.',2500,1250,50,10,0,18,8,NULL,'helmet',NULL,0,12,0,8,0,1,'전설',15,1,NULL),(1706,'천룡 장화','boots','천룡의 가죽으로 만든 전설의 장화.',2200,1100,35,0,5,12,8,NULL,'boots',NULL,0,7,0,4,0,3,'전설',15,1,NULL),(1707,'천룡 방패','shield','천룡의 비늘로 만든 전설의 방패.',3000,1500,50,0,0,28,8,NULL,'shield',NULL,0,18,0,10,0,0,'전설',15,1,NULL),(1708,'용왕의 반지','ring','용왕이 하사한 전설의 반지.',3500,1750,0,40,14,0,8,NULL,'ring',NULL,0,0,0,3,4,0,'전설',15,1,NULL),(1709,'선녀의 목걸이','necklace','선녀가 남긴 전설의 목걸이.',3800,1900,35,35,10,10,8,NULL,'necklace',NULL,0,6,0,4,0,4,'전설',15,1,NULL),(1710,'천제의 신검','weapon','하늘의 제왕이 사용하던 신검. 범위1 마름모.',15000,7500,0,0,80,0,13,NULL,'weapon','1h',65,0,15,0,6,0,'신화',20,1,NULL),(1711,'신궁 해모수','weapon','태양신의 활. 범위4 직선.',16000,8000,0,0,75,0,13,NULL,'weapon','2h',60,0,12,0,8,0,'신화',20,1,NULL),(1712,'천부인 부적','weapon','풍수사 전용. 천부인의 힘이 깃든 신물.',15000,7500,0,150,70,0,13,'풍수사','weapon','2h',18,0,58,0,4,0,'신화',20,1,NULL),(1713,'무녀신의 방울','weapon','무당 전용. 무녀신이 사용하던 방울.',15000,7500,0,90,60,30,13,'무당','weapon','2h',32,0,35,0,3,4,'신화',20,1,NULL),(1714,'석가의 목탁','weapon','승려 전용. 깨달음의 목탁.',15000,7500,150,0,50,60,13,'승려','weapon','2h',40,15,10,10,0,0,'신화',20,1,NULL),(1715,'신룡황 갑옷','chest','신룡황의 비늘로 주조한 신화의 갑옷.',12000,6000,150,40,0,55,13,NULL,'chest',NULL,0,38,0,22,0,3,'신화',20,1,NULL),(1716,'신룡황 투구','helmet','신룡황의 뿔로 만든 신화의 투구.',8000,4000,90,20,0,35,13,NULL,'helmet',NULL,0,22,0,15,0,2,'신화',20,1,NULL),(1717,'신룡황 장화','boots','신룡황의 가죽으로 만든 신화의 장화.',7000,3500,60,0,10,22,13,NULL,'boots',NULL,0,14,0,8,0,5,'신화',20,1,NULL),(1718,'신룡황 방패','shield','신룡황의 비늘로 만든 신화의 방패.',10000,5000,90,0,0,50,13,NULL,'shield',NULL,0,32,0,20,0,0,'신화',20,1,NULL),(1719,'환인의 반지','ring','환인이 하사한 신화의 반지.',10000,5000,0,80,25,0,13,NULL,'ring',NULL,0,0,0,5,7,0,'신화',20,1,NULL),(1720,'삼신의 목걸이','necklace','삼신할미의 목걸이. 생명력이 넘친다.',11000,5500,70,70,18,18,13,NULL,'necklace',NULL,0,10,0,8,0,6,'신화',20,1,NULL),(1821,'비전 활','weapon','비전의 힘이 깃든 활. 범위4 직선.',900,450,0,0,18,0,4,NULL,'weapon','2h',14,0,3,0,1,0,'희귀',10,1,NULL),(1822,'뇌신 검','weapon','번개의 힘이 깃든 검. 범위1 마름모.',1000,500,0,0,20,0,5,NULL,'weapon','1h',16,0,3,0,2,0,'희귀',10,1,NULL),(1823,'영혼 부적','weapon','풍수사 전용. 영혼의 힘이 깃든 부적.',900,450,0,35,14,0,5,'풍수사','weapon','2h',3,0,10,0,1,0,'희귀',10,1,NULL),(1824,'무녀 방울','weapon','무당 전용. 무녀의 축복을 받은 방울.',800,400,0,20,12,5,4,'무당','weapon','1h',6,0,7,0,0,1,'희귀',10,1,NULL),(1825,'금강 법륜','weapon','승려 전용. 금강 법륜.',900,450,35,0,13,12,5,'승려','weapon','2h',10,4,2,0,0,0,'희귀',10,1,NULL),(1826,'암흑 갑옷','chest','어둠의 기운이 깃든 갑옷.',800,400,35,5,0,12,5,NULL,'chest',NULL,0,8,0,5,0,1,'희귀',10,1,NULL),(1827,'암흑 투구','helmet','어둠의 기운이 깃든 투구.',500,250,22,3,0,7,5,NULL,'helmet',NULL,0,5,0,3,0,0,'희귀',10,1,NULL),(1828,'암흑 장화','boots','어둠의 기운이 깃든 장화.',400,200,12,0,2,5,4,NULL,'boots',NULL,0,3,0,2,0,2,'희귀',10,1,NULL),(1829,'암흑 방패','shield','어둠의 기운이 깃든 방패.',600,300,20,0,0,14,5,NULL,'shield',NULL,0,10,0,6,0,0,'희귀',10,1,NULL),(1830,'마법석 반지','ring','마법석이 박힌 반지.',650,325,0,20,6,0,4,NULL,'ring',NULL,0,0,0,2,2,0,'희귀',10,1,NULL),(1831,'신목 목걸이','necklace','신성한 나무로 만든 목걸이.',550,275,15,15,4,4,5,NULL,'necklace',NULL,0,3,0,2,0,2,'희귀',10,1,NULL),(5282,'황금 기운의 초상','cosmetic','금빛 맥동 효과가 초상화를 감싸는 코스메틱.',500,250,0,0,0,0,1,NULL,NULL,NULL,0,0,0,0,0,0,'일반',5,0,'aura_gold'),(5283,'불꽃 오라의 초상','cosmetic','붉은 불꽃이 타오르는 코스메틱.',600,300,0,0,0,0,1,NULL,NULL,NULL,0,0,0,0,0,0,'일반',5,0,'flame'),(5284,'빙결 오라의 초상','cosmetic','얼음 결정이 반짝이는 코스메틱.',600,300,0,0,0,0,1,NULL,NULL,NULL,0,0,0,0,0,0,'일반',5,0,'ice'),(5285,'번개 오라의 초상','cosmetic','번개가 번쩍이는 코스메틱.',700,350,0,0,0,0,1,NULL,NULL,NULL,0,0,0,0,0,0,'일반',5,0,'lightning'),(5286,'암흑 오라의 초상','cosmetic','어둠이 소용돌이치는 코스메틱.',800,400,0,0,0,0,1,NULL,NULL,NULL,0,0,0,0,0,0,'일반',5,0,'shadow'),(5287,'신성 오라의 초상','cosmetic','신성한 빛줄기가 내리쬐는 코스메틱.',800,400,0,0,0,0,1,NULL,NULL,NULL,0,0,0,0,0,0,'일반',5,0,'holy'),(5288,'독기 오라의 초상','cosmetic','녹색 독기가 피어오르는 코스메틱.',500,250,0,0,0,0,1,NULL,NULL,NULL,0,0,0,0,0,0,'일반',5,0,'poison'),(5289,'바람 오라의 초상','cosmetic','청량한 바람이 감도는 코스메틱.',500,250,0,0,0,0,1,NULL,NULL,NULL,0,0,0,0,0,0,'일반',5,0,'wind'),(5290,'혈기 오라의 초상','cosmetic','붉은 혈기가 맥동하는 코스메틱.',700,350,0,0,0,0,1,NULL,NULL,NULL,0,0,0,0,0,0,'일반',5,0,'blood'),(5291,'영혼 오라의 초상','cosmetic','영혼의 빛이 감싸는 코스메틱.',900,450,0,0,0,0,1,NULL,NULL,NULL,0,0,0,0,0,0,'일반',5,0,'spirit'),(5502,'용의 숨결 초상','cosmetic','황금빛과 붉은 불꽃이 이중으로 맥동하는 화려한 코스메틱.',2500,1250,0,0,0,0,1,NULL,NULL,NULL,0,0,0,0,0,0,'일반',5,0,'dragon_breath'),(5503,'천상의 빛 초상','cosmetic','무지개빛 프리즘이 회전하며 빛나는 코스메틱.',3000,1500,0,0,0,0,1,NULL,NULL,NULL,0,0,0,0,0,0,'일반',5,0,'celestial'),(5504,'심연의 화염 초상','cosmetic','검보라빛 심연의 불꽃이 타오르는 코스메틱.',2500,1250,0,0,0,0,1,NULL,NULL,NULL,0,0,0,0,0,0,'일반',5,0,'abyssal_flame'),(5505,'별빛 오라 초상','cosmetic','반짝이는 별 입자가 감싸는 환상적인 코스메틱.',2000,1000,0,0,0,0,1,NULL,NULL,NULL,0,0,0,0,0,0,'일반',5,0,'starlight'),(5506,'봉황의 기운 초상','cosmetic','금빛 봉황의 불꽃 날개가 감싸는 코스메틱.',3500,1750,0,0,0,0,1,NULL,NULL,NULL,0,0,0,0,0,0,'일반',5,0,'phoenix'),(5507,'혼돈의 소용돌이 초상','cosmetic','다채로운 빛이 소용돌이치는 카오스 코스메틱.',4000,2000,0,0,0,0,1,NULL,NULL,NULL,0,0,0,0,0,0,'일반',5,0,'chaos_vortex'),(10305,'체력 물약(특대)','potion','HP를 500 회복합니다.',300,150,500,0,0,0,15,NULL,NULL,NULL,0,0,0,0,0,0,'일반',0,0,NULL),(10306,'체력 영약','potion','HP를 1000 회복합니다.',800,400,1000,0,0,0,30,NULL,NULL,NULL,0,0,0,0,0,0,'일반',0,0,NULL),(10307,'선단','potion','HP를 완전히 회복합니다.',2000,1000,9999,0,0,0,50,NULL,NULL,NULL,0,0,0,0,0,0,'일반',0,0,NULL),(10308,'마력 물약(특대)','potion','MP를 300 회복합니다.',350,175,0,300,0,0,15,NULL,NULL,NULL,0,0,0,0,0,0,'일반',0,0,NULL),(10309,'영력약','potion','MP를 완전히 회복합니다.',1500,750,0,9999,0,0,40,NULL,NULL,NULL,0,0,0,0,0,0,'일반',0,0,NULL),(10310,'만병통치약','potion','HP와 MP를 500씩 회복합니다.',600,300,500,500,0,0,25,NULL,NULL,NULL,0,0,0,0,0,0,'일반',0,0,NULL),(10311,'해독제','potion','독과 저주 상태를 해제합니다.',50,25,0,0,0,0,5,NULL,NULL,NULL,0,0,0,0,0,0,'일반',0,0,NULL),(10312,'환생석','potion','전투 중 1회 부활 (HP 50%).',500,250,0,0,0,0,20,NULL,NULL,NULL,0,0,0,0,0,0,'일반',0,0,NULL),(10313,'공격 부적','potion','전투 시 공격력 20% 증가 (3턴).',200,100,0,0,5,0,10,NULL,NULL,NULL,0,0,0,0,0,0,'일반',0,0,NULL),(10314,'방어 부적','potion','전투 시 방어력 20% 증가 (3턴).',200,100,0,0,0,5,10,NULL,NULL,NULL,0,0,0,0,0,0,'일반',0,0,NULL),(10315,'도주 연막','potion','전투에서 즉시 도주합니다.',30,15,0,0,0,0,1,NULL,NULL,NULL,0,0,0,0,0,0,'일반',0,0,NULL),(10316,'명월도','weapon','달빛이 깃든 검. 범위1 마름모.',2000,1000,0,0,30,0,20,NULL,'weapon','1h',0,0,0,0,0,0,'고급',10,0,NULL),(10317,'폭풍궁','weapon','바람을 가르는 활. 범위4 직선.',2200,1100,0,0,28,0,20,NULL,'weapon','2h',0,0,0,0,0,0,'고급',10,0,NULL),(10318,'영기 부적','weapon','풍수사 전용. 영혼의 기운이 깃든 부적.',2000,1000,0,60,30,0,20,'풍수사','weapon','2h',0,0,0,0,0,0,'고급',10,0,NULL),(10319,'신명 방울','weapon','무당 전용. 신명의 축복이 깃든 방울.',2000,1000,0,40,28,10,20,'무당','weapon','2h',0,0,0,0,0,0,'고급',10,0,NULL),(10320,'파사 목탁','weapon','승려 전용. 사악한 기운을 깨는 목탁.',2000,1000,60,0,22,25,20,'승려','weapon','2h',0,0,0,0,0,0,'고급',10,0,NULL),(10321,'비룡 갑옷','chest','비룡의 가죽으로 만든 갑옷.',1800,900,70,15,0,22,20,NULL,'chest',NULL,0,0,0,0,0,0,'고급',10,0,NULL),(10322,'비룡 투구','helmet','비룡의 뿔로 만든 투구.',1200,600,40,8,0,13,20,NULL,'helmet',NULL,0,0,0,0,0,0,'고급',10,0,NULL),(10323,'비룡 장화','boots','비룡의 가죽으로 만든 장화.',1000,500,28,0,4,9,20,NULL,'boots',NULL,0,0,0,0,0,0,'고급',10,0,NULL),(10324,'비룡 방패','shield','비룡의 비늘로 만든 방패.',1400,700,40,0,0,20,20,NULL,'shield',NULL,0,0,0,0,0,0,'고급',10,0,NULL),(10325,'비취 반지','ring','맑은 비취로 만든 마법 반지.',1300,650,0,30,10,0,20,NULL,'ring',NULL,0,0,0,0,0,0,'고급',10,0,NULL),(10326,'호박석 목걸이','necklace','호박석에 영력이 깃든 목걸이.',1500,750,25,25,8,8,20,NULL,'necklace',NULL,0,0,0,0,0,0,'고급',10,0,NULL),(10327,'뇌광검','weapon','번개가 깃든 검. 범위1 마름모.',3500,1750,0,0,38,0,28,NULL,'weapon','1h',0,0,0,0,0,0,'고급',10,0,NULL),(10328,'현무궁','weapon','현무의 기운이 깃든 활. 범위4 직선.',3800,1900,0,0,35,0,28,NULL,'weapon','2h',0,0,0,0,0,0,'고급',10,0,NULL),(10329,'혼백 부적','weapon','풍수사 전용. 혼백의 힘이 깃든 부적.',3500,1750,0,70,36,0,28,'풍수사','weapon','2h',0,0,0,0,0,0,'고급',10,0,NULL),(10330,'태을 방울','weapon','무당 전용. 태을성의 축복을 받은 방울.',3500,1750,0,50,33,13,28,'무당','weapon','2h',0,0,0,0,0,0,'고급',10,0,NULL),(10331,'열반 목탁','weapon','승려 전용. 열반의 경지에 이른 목탁.',3500,1750,70,0,28,30,28,'승려','weapon','2h',0,0,0,0,0,0,'고급',10,0,NULL),(10332,'백호 갑옷','chest','백호의 가죽으로 만든 갑옷.',3000,1500,85,20,0,28,28,NULL,'chest',NULL,0,0,0,0,0,0,'고급',10,0,NULL),(10333,'백호 투구','helmet','백호의 뿔로 만든 투구.',2000,1000,50,10,0,16,28,NULL,'helmet',NULL,0,0,0,0,0,0,'고급',10,0,NULL),(10334,'백호 장화','boots','백호의 발톱이 달린 장화.',1700,850,35,0,5,12,28,NULL,'boots',NULL,0,0,0,0,0,0,'고급',10,0,NULL),(10335,'백호 방패','shield','백호의 가죽으로 만든 방패.',2300,1150,50,0,0,24,28,NULL,'shield',NULL,0,0,0,0,0,0,'고급',10,0,NULL),(10336,'사파이어 반지','ring','깊은 푸른빛의 사파이어 반지.',2100,1050,0,35,12,0,28,NULL,'ring',NULL,0,0,0,0,0,0,'고급',10,0,NULL),(10337,'월광석 목걸이','necklace','달빛이 응축된 목걸이.',2500,1250,30,30,10,10,28,NULL,'necklace',NULL,0,0,0,0,0,0,'고급',10,0,NULL),(10338,'주작도','weapon','주작의 불꽃이 깃든 도. 범위1 마름모.',6000,3000,0,0,50,0,38,NULL,'weapon','1h',0,0,0,0,0,0,'희귀',10,0,NULL),(10339,'청룡궁','weapon','청룡의 바람이 깃든 활. 범위4 직선.',6500,3250,0,0,47,0,38,NULL,'weapon','2h',0,0,0,0,0,0,'희귀',10,0,NULL),(10340,'천기 부적','weapon','풍수사 전용. 천기의 비밀이 담긴 부적.',6000,3000,0,90,48,0,38,'풍수사','weapon','2h',0,0,0,0,0,0,'희귀',10,0,NULL),(10341,'강신 방울','weapon','무당 전용. 강력한 신령이 깃든 방울.',6000,3000,0,65,43,18,38,'무당','weapon','2h',0,0,0,0,0,0,'희귀',10,0,NULL),(10342,'금강 법구','weapon','승려 전용. 금강의 힘이 깃든 법구.',6000,3000,90,0,35,40,38,'승려','weapon','2h',0,0,0,0,0,0,'희귀',10,0,NULL),(10343,'현무 갑옷','chest','현무의 등껍질로 만든 갑옷.',5000,2500,110,25,0,35,38,NULL,'chest',NULL,0,0,0,0,0,0,'희귀',10,0,NULL),(10344,'현무 투구','helmet','현무의 뿔로 만든 투구.',3300,1650,65,12,0,20,38,NULL,'helmet',NULL,0,0,0,0,0,0,'희귀',10,0,NULL),(10345,'현무 장화','boots','현무의 가죽으로 만든 장화.',2800,1400,45,0,7,15,38,NULL,'boots',NULL,0,0,0,0,0,0,'희귀',10,0,NULL),(10346,'현무 방패','shield','현무의 등껍질 방패.',3800,1900,65,0,0,30,38,NULL,'shield',NULL,0,0,0,0,0,0,'희귀',10,0,NULL),(10347,'루비 반지','ring','붉은 불꽃이 타오르는 루비 반지.',3500,1750,0,45,16,0,38,NULL,'ring',NULL,0,0,0,0,0,0,'희귀',10,0,NULL),(10348,'천계석 목걸이','necklace','천계의 돌이 박힌 목걸이.',4000,2000,40,40,13,13,38,NULL,'necklace',NULL,0,0,0,0,0,0,'희귀',10,0,NULL),(10349,'사신검','weapon','사신의 기운이 감도는 검. 범위1 마름모.',10000,5000,0,0,65,0,50,NULL,'weapon','1h',0,0,0,0,0,0,'영웅',12,0,NULL),(10350,'신수궁','weapon','신수의 가호가 깃든 활. 범위4 직선.',11000,5500,0,0,60,0,50,NULL,'weapon','2h',0,0,0,0,0,0,'영웅',12,0,NULL),(10351,'태허 부적','weapon','풍수사 전용. 우주의 기운이 담긴 부적.',10000,5000,0,120,62,0,50,'풍수사','weapon','2h',0,0,0,0,0,0,'영웅',12,0,NULL),(10352,'천무 방울','weapon','무당 전용. 천상의 춤이 깃든 방울.',10000,5000,0,80,55,24,50,'무당','weapon','2h',0,0,0,0,0,0,'영웅',12,0,NULL),(10353,'대각 목탁','weapon','승려 전용. 대각의 경지에 이른 목탁.',10000,5000,120,0,45,52,50,'승려','weapon','2h',0,0,0,0,0,0,'영웅',12,0,NULL),(10354,'봉황 갑옷','chest','봉황의 깃털로 만든 갑옷.',8000,4000,140,30,0,42,50,NULL,'chest',NULL,0,0,0,0,0,0,'영웅',12,0,NULL),(10355,'봉황 투구','helmet','봉황의 깃으로 만든 투구.',5500,2750,82,15,0,25,50,NULL,'helmet',NULL,0,0,0,0,0,0,'영웅',12,0,NULL),(10356,'봉황 장화','boots','봉황의 발톱이 달린 장화.',4500,2250,55,0,8,18,50,NULL,'boots',NULL,0,0,0,0,0,0,'영웅',12,0,NULL),(10357,'봉황 방패','shield','봉황의 깃털로 강화된 방패.',6000,3000,80,0,0,36,50,NULL,'shield',NULL,0,0,0,0,0,0,'영웅',12,0,NULL),(10358,'에메랄드 반지','ring','생명력이 넘치는 에메랄드 반지.',5500,2750,0,55,20,0,50,NULL,'ring',NULL,0,0,0,0,0,0,'영웅',12,0,NULL),(10359,'용의 인장 목걸이','necklace','용의 인장이 새겨진 목걸이.',6500,3250,50,50,16,16,50,NULL,'necklace',NULL,0,0,0,0,0,0,'영웅',12,0,NULL),(10360,'하늘의 의지','weapon','하늘의 의지가 담긴 신검. 범위1 마름모.',18000,9000,0,0,88,0,65,NULL,'weapon','1h',0,0,0,0,0,0,'전설',15,0,NULL),(10361,'태양의 활','weapon','태양의 빛이 깃든 신궁. 범위4 직선.',19000,9500,0,0,82,0,65,NULL,'weapon','2h',0,0,0,0,0,0,'전설',15,0,NULL),(10362,'구천 부적','weapon','풍수사 전용. 구천의 신령이 깃든 부적.',18000,9000,0,160,85,0,65,'풍수사','weapon','2h',0,0,0,0,0,0,'전설',15,0,NULL),(10363,'무극 방울','weapon','무당 전용. 무극의 경지에 이른 방울.',18000,9000,0,110,75,32,65,'무당','weapon','2h',0,0,0,0,0,0,'전설',15,0,NULL),(10364,'보리 법구','weapon','승려 전용. 깨달음의 법구.',18000,9000,160,0,60,68,65,'승려','weapon','2h',0,0,0,0,0,0,'전설',15,0,NULL),(10365,'기린 갑옷','chest','기린의 가죽으로 만든 전설의 갑옷.',15000,7500,180,40,0,52,65,NULL,'chest',NULL,0,0,0,0,0,0,'전설',15,0,NULL),(10366,'기린 투구','helmet','기린의 뿔로 만든 투구.',10000,5000,105,20,0,32,65,NULL,'helmet',NULL,0,0,0,0,0,0,'전설',15,0,NULL),(10367,'기린 장화','boots','기린의 발굽으로 만든 장화.',8500,4250,70,0,12,23,65,NULL,'boots',NULL,0,0,0,0,0,0,'전설',15,0,NULL),(10368,'기린 방패','shield','기린의 비늘로 만든 방패.',12000,6000,100,0,0,45,65,NULL,'shield',NULL,0,0,0,0,0,0,'전설',15,0,NULL),(10369,'다이아몬드 반지','ring','찬란한 다이아몬드 반지.',10000,5000,0,70,26,0,65,NULL,'ring',NULL,0,0,0,0,0,0,'전설',15,0,NULL),(10370,'삼족오 목걸이','necklace','삼족오의 깃이 달린 목걸이.',12000,6000,65,65,20,20,65,NULL,'necklace',NULL,0,0,0,0,0,0,'전설',15,0,NULL),(10371,'천상의 검','weapon','천상에서 내린 불멸의 검. 범위1 마름모.',30000,15000,0,0,115,0,80,NULL,'weapon','1h',0,0,0,0,0,0,'신화',20,0,NULL),(10372,'별의 활','weapon','별빛을 발사하는 신궁. 범위4 직선.',32000,16000,0,0,108,0,80,NULL,'weapon','2h',0,0,0,0,0,0,'신화',20,0,NULL),(10373,'천지 부적','weapon','풍수사 전용. 천지의 이치가 담긴 부적.',30000,15000,0,200,110,0,80,'풍수사','weapon','2h',0,0,0,0,0,0,'신화',20,0,NULL),(10374,'만신전 방울','weapon','무당 전용. 만 신령의 축복을 받은 방울.',30000,15000,0,140,95,42,80,'무당','weapon','2h',0,0,0,0,0,0,'신화',20,0,NULL),(10375,'해탈 법구','weapon','승려 전용. 해탈의 경지에 이른 법구.',30000,15000,200,0,78,85,80,'승려','weapon','2h',0,0,0,0,0,0,'신화',20,0,NULL),(10376,'이무기 갑옷','chest','이무기의 비늘로 만든 신화의 갑옷.',25000,12500,220,50,0,65,80,NULL,'chest',NULL,0,0,0,0,0,0,'신화',20,0,NULL),(10377,'이무기 투구','helmet','이무기의 뿔로 만든 투구.',17000,8500,130,25,0,40,80,NULL,'helmet',NULL,0,0,0,0,0,0,'신화',20,0,NULL),(10378,'이무기 장화','boots','이무기의 발톱이 달린 장화.',14000,7000,85,0,15,28,80,NULL,'boots',NULL,0,0,0,0,0,0,'신화',20,0,NULL),(10379,'이무기 방패','shield','이무기의 비늘 방패.',20000,10000,130,0,0,55,80,NULL,'shield',NULL,0,0,0,0,0,0,'신화',20,0,NULL),(10380,'천의 반지','ring','천 가지 빛이 도는 반지.',17000,8500,0,90,32,0,80,NULL,'ring',NULL,0,0,0,0,0,0,'신화',20,0,NULL),(10381,'태극 목걸이','necklace','태극의 기운이 담긴 목걸이.',20000,10000,80,80,25,25,80,NULL,'necklace',NULL,0,0,0,0,0,0,'신화',20,0,NULL),(10382,'개벽의 검','weapon','세상을 개벽하는 신검. 범위1 마름모.',50000,25000,0,0,150,0,95,NULL,'weapon','1h',0,0,0,0,0,0,'초월',25,0,NULL),(10383,'천궁','weapon','천상의 활. 별을 쏜다. 범위4 직선.',55000,27500,0,0,140,0,95,NULL,'weapon','2h',0,0,0,0,0,0,'초월',25,0,NULL),(10384,'만물 부적','weapon','풍수사 전용. 만물의 이치가 담긴 부적.',50000,25000,0,250,145,0,95,'풍수사','weapon','2h',0,0,0,0,0,0,'초월',25,0,NULL),(10385,'창세 방울','weapon','무당 전용. 창세의 진동이 깃든 방울.',50000,25000,0,180,125,55,95,'무당','weapon','2h',0,0,0,0,0,0,'초월',25,0,NULL),(10386,'열반 법륜','weapon','승려 전용. 완전한 깨달음의 법륜.',50000,25000,250,0,100,110,95,'승려','weapon','2h',0,0,0,0,0,0,'초월',25,0,NULL),(10387,'천제 갑옷','chest','하늘의 제왕이 착용한 갑옷.',40000,20000,280,60,0,80,95,NULL,'chest',NULL,0,0,0,0,0,0,'초월',25,0,NULL),(10388,'천제 투구','helmet','하늘의 제왕이 쓴 투구.',28000,14000,160,30,0,50,95,NULL,'helmet',NULL,0,0,0,0,0,0,'초월',25,0,NULL),(10389,'천제 장화','boots','구름 위를 걷는 장화.',23000,11500,110,0,20,35,95,NULL,'boots',NULL,0,0,0,0,0,0,'초월',25,0,NULL),(10390,'천제 방패','shield','천제의 방패.',32000,16000,160,0,0,70,95,NULL,'shield',NULL,0,0,0,0,0,0,'초월',25,0,NULL),(10391,'무한의 반지','ring','무한한 마력이 깃든 반지.',28000,14000,0,120,42,0,95,NULL,'ring',NULL,0,0,0,0,0,0,'초월',25,0,NULL),(10392,'단군의 목걸이','necklace','단군왕검의 목걸이.',32000,16000,100,100,32,32,95,NULL,'necklace',NULL,0,0,0,0,0,0,'초월',25,0,NULL);
/*!40000 ALTER TABLE `items` ENABLE KEYS */;
UNLOCK TABLES;

--
-- Table structure for table `material_inventory`
--

DROP TABLE IF EXISTS `material_inventory`;
/*!40101 SET @saved_cs_client     = @@character_set_client */;
/*!50503 SET character_set_client = utf8mb4 */;
CREATE TABLE `material_inventory` (
  `id` int NOT NULL AUTO_INCREMENT,
  `character_id` int NOT NULL,
  `material_id` int NOT NULL,
  `quantity` int DEFAULT '0',
  PRIMARY KEY (`id`),
  UNIQUE KEY `unique_char_material` (`character_id`,`material_id`),
  KEY `material_id` (`material_id`),
  CONSTRAINT `material_inventory_ibfk_1` FOREIGN KEY (`character_id`) REFERENCES `characters` (`id`) ON DELETE CASCADE,
  CONSTRAINT `material_inventory_ibfk_2` FOREIGN KEY (`material_id`) REFERENCES `materials` (`id`)
) ENGINE=InnoDB AUTO_INCREMENT=528 DEFAULT CHARSET=utf8mb4 COLLATE=utf8mb4_0900_ai_ci;
/*!40101 SET character_set_client = @saved_cs_client */;

--
-- Dumping data for table `material_inventory`
--

LOCK TABLES `material_inventory` WRITE;
/*!40000 ALTER TABLE `material_inventory` DISABLE KEYS */;
INSERT INTO `material_inventory` VALUES (470,19,4,1),(471,19,14,9),(472,19,2,20),(474,19,1,17),(479,19,8,3),(487,19,3,10),(490,19,9,2),(492,19,15,1),(500,19,5,1),(518,19,20,4);
/*!40000 ALTER TABLE `material_inventory` ENABLE KEYS */;
UNLOCK TABLES;

--
-- Table structure for table `materials`
--

DROP TABLE IF EXISTS `materials`;
/*!40101 SET @saved_cs_client     = @@character_set_client */;
/*!50503 SET character_set_client = utf8mb4 */;
CREATE TABLE `materials` (
  `id` int NOT NULL AUTO_INCREMENT,
  `name` varchar(50) NOT NULL,
  `icon` varchar(10) DEFAULT 0xF09FAAA8,
  `grade` enum('일반','고급','희귀','영웅','전설','신화','초월') DEFAULT '일반',
  `description` varchar(200) DEFAULT NULL,
  `sell_price` int DEFAULT '5',
  PRIMARY KEY (`id`),
  UNIQUE KEY `name` (`name`)
) ENGINE=InnoDB AUTO_INCREMENT=5253 DEFAULT CHARSET=utf8mb4 COLLATE=utf8mb4_0900_ai_ci;
/*!40101 SET character_set_client = @saved_cs_client */;

--
-- Dumping data for table `materials`
--

LOCK TABLES `materials` WRITE;
/*!40000 ALTER TABLE `materials` DISABLE KEYS */;
INSERT INTO `materials` VALUES (1,'철 조각','🔩','일반','흔한 철 파편. 기본 장비 제작에 사용.',5),(2,'가죽 조각','🟤','일반','동물에서 얻은 가죽 조각.',5),(3,'뼈 파편','🦴','일반','몬스터의 뼈 파편.',5),(4,'독 주머니','💚','일반','독 몬스터에서 채취한 독낭.',8),(5,'마력 결정','💎','고급','마력이 응축된 결정체.',15),(6,'정령석','✨','고급','정령의 힘이 깃든 돌.',20),(7,'용의 비늘','🐉','희귀','용에서 떨어진 비늘 파편.',50),(8,'귀혼석','👻','고급','귀신의 영혼이 깃든 돌.',18),(9,'도깨비 방망이 조각','👺','고급','도깨비 방망이의 파편.',15),(10,'해양 진주','🫧','고급','수생 몬스터에서 얻은 진주.',20),(11,'악마의 핵','😈','희귀','악마의 힘이 응축된 핵.',40),(12,'불꽃 정수','🔥','희귀','불의 원소가 응축된 정수.',35),(13,'얼음 정수','❄️','희귀','얼음의 원소가 응축된 정수.',35),(14,'강화석','⬆️','일반','장비 강화에 사용되는 마법 돌.',10),(15,'고급 강화석','🔷','고급','고급 장비 강화에 사용되는 돌.',25),(16,'희귀 강화석','💠','희귀','희귀 이상 장비 강화에 사용되는 돌.',60),(17,'영웅 강화석','🏆','영웅','영웅 등급 장비 강화에 사용되는 돌.',120),(18,'전설 강화석','⭐','전설','전설 등급 장비 강화에 사용되는 돌.',250),(19,'슬라임 젤리','🫧','일반','슬라임에서 추출한 끈적한 젤리.',5),(20,'식물 섬유','🌿','일반','살아있는 식물에서 얻은 섬유.',5),(21,'암흑의 정수','🖤','영웅','어둠의 힘이 응축된 정수.',80),(22,'용의 심장','❤️‍🔥','전설','고대 용의 심장 파편.',200),(23,'신화 강화석','🌟','신화','신화 등급 장비 강화에 사용되는 신비로운 돌.',500),(24,'천상의 정수','🌈','신화','하늘에서 내린 신비로운 정수.',400),(25,'불사조의 깃털','🪶','전설','전설의 불사조에서 떨어진 깃털.',300),(26,'태초의 결정','💫','신화','세상이 만들어질 때 생겨난 결정체.',600),(27,'별의 파편','⭐','전설','하늘에서 떨어진 별의 파편.',250),(28,'마신의 눈물','💧','영웅','마신이 흘린 눈물이 결정화된 보석.',150),(569,'불의 정수','🔥','희귀','정령의 시련에서 얻은 불의 정수',50),(570,'불의 결정','❤️‍🔥','영웅','정령의 시련에서 얻은 불의 결정',120),(571,'물의 정수','💧','희귀','정령의 시련에서 얻은 물의 정수',50),(572,'물의 결정','🌊','영웅','정령의 시련에서 얻은 물의 결정',120),(573,'땅의 정수','🪨','희귀','정령의 시련에서 얻은 땅의 정수',50),(574,'땅의 결정','💎','영웅','정령의 시련에서 얻은 땅의 결정',120),(575,'바람의 정수','🌀','희귀','정령의 시련에서 얻은 바람의 정수',50),(576,'바람의 결정','🌪️','영웅','정령의 시련에서 얻은 바람의 결정',120);
/*!40000 ALTER TABLE `materials` ENABLE KEYS */;
UNLOCK TABLES;

--
-- Table structure for table `mercenary_equipment`
--

DROP TABLE IF EXISTS `mercenary_equipment`;
/*!40101 SET @saved_cs_client     = @@character_set_client */;
/*!50503 SET character_set_client = utf8mb4 */;
CREATE TABLE `mercenary_equipment` (
  `id` int NOT NULL AUTO_INCREMENT,
  `mercenary_id` int NOT NULL,
  `slot` varchar(20) NOT NULL,
  `item_id` int NOT NULL,
  PRIMARY KEY (`id`),
  UNIQUE KEY `unique_merc_slot` (`mercenary_id`,`slot`),
  KEY `item_id` (`item_id`),
  CONSTRAINT `mercenary_equipment_ibfk_1` FOREIGN KEY (`mercenary_id`) REFERENCES `character_mercenaries` (`id`) ON DELETE CASCADE,
  CONSTRAINT `mercenary_equipment_ibfk_2` FOREIGN KEY (`item_id`) REFERENCES `items` (`id`)
) ENGINE=InnoDB AUTO_INCREMENT=17 DEFAULT CHARSET=utf8mb4 COLLATE=utf8mb4_0900_ai_ci;
/*!40101 SET character_set_client = @saved_cs_client */;

--
-- Dumping data for table `mercenary_equipment`
--

LOCK TABLES `mercenary_equipment` WRITE;
/*!40000 ALTER TABLE `mercenary_equipment` DISABLE KEYS */;
/*!40000 ALTER TABLE `mercenary_equipment` ENABLE KEYS */;
UNLOCK TABLES;

--
-- Table structure for table `mercenary_learned_skills`
--

DROP TABLE IF EXISTS `mercenary_learned_skills`;
/*!40101 SET @saved_cs_client     = @@character_set_client */;
/*!50503 SET character_set_client = utf8mb4 */;
CREATE TABLE `mercenary_learned_skills` (
  `id` int NOT NULL AUTO_INCREMENT,
  `mercenary_id` int NOT NULL,
  `skill_id` int NOT NULL,
  PRIMARY KEY (`id`),
  UNIQUE KEY `unique_merc_skill` (`mercenary_id`,`skill_id`),
  KEY `skill_id` (`skill_id`),
  CONSTRAINT `mercenary_learned_skills_ibfk_1` FOREIGN KEY (`mercenary_id`) REFERENCES `character_mercenaries` (`id`) ON DELETE CASCADE,
  CONSTRAINT `mercenary_learned_skills_ibfk_2` FOREIGN KEY (`skill_id`) REFERENCES `mercenary_skills` (`id`)
) ENGINE=InnoDB AUTO_INCREMENT=46 DEFAULT CHARSET=utf8mb4 COLLATE=utf8mb4_0900_ai_ci;
/*!40101 SET character_set_client = @saved_cs_client */;

--
-- Dumping data for table `mercenary_learned_skills`
--

LOCK TABLES `mercenary_learned_skills` WRITE;
/*!40000 ALTER TABLE `mercenary_learned_skills` DISABLE KEYS */;
/*!40000 ALTER TABLE `mercenary_learned_skills` ENABLE KEYS */;
UNLOCK TABLES;

--
-- Table structure for table `mercenary_skills`
--

DROP TABLE IF EXISTS `mercenary_skills`;
/*!40101 SET @saved_cs_client     = @@character_set_client */;
/*!50503 SET character_set_client = utf8mb4 */;
CREATE TABLE `mercenary_skills` (
  `id` int NOT NULL AUTO_INCREMENT,
  `name` varchar(50) NOT NULL,
  `class_type` varchar(20) DEFAULT NULL,
  `template_id` int DEFAULT NULL,
  `description` varchar(200) NOT NULL,
  `type` enum('attack','heal','buff') NOT NULL,
  `mp_cost` int NOT NULL DEFAULT '0',
  `damage_multiplier` float DEFAULT '1',
  `heal_amount` int DEFAULT '0',
  `buff_stat` varchar(20) DEFAULT NULL,
  `buff_value` int DEFAULT '0',
  `buff_duration` int DEFAULT '0',
  `required_level` int DEFAULT '1',
  `cooldown` int DEFAULT '0',
  `is_common` tinyint(1) DEFAULT '0',
  PRIMARY KEY (`id`)
) ENGINE=InnoDB AUTO_INCREMENT=29 DEFAULT CHARSET=utf8mb4 COLLATE=utf8mb4_0900_ai_ci;
/*!40101 SET character_set_client = @saved_cs_client */;

--
-- Dumping data for table `mercenary_skills`
--

LOCK TABLES `mercenary_skills` WRITE;
/*!40000 ALTER TABLE `mercenary_skills` DISABLE KEYS */;
INSERT INTO `mercenary_skills` VALUES (1,'강타',NULL,NULL,'힘을 모아 강하게 내려친다.','attack',5,1.5,0,NULL,0,0,1,0,1),(2,'방어 태세',NULL,NULL,'방어 태세를 취하여 방어력을 올린다.','buff',8,0,0,'defense',6,3,1,2,1),(3,'기합',NULL,NULL,'기합을 넣어 공격력을 높인다.','buff',10,0,0,'attack',5,3,20,2,1),(4,'생명력 회복',NULL,NULL,'내공으로 체력을 소량 회복한다.','heal',12,0,25,NULL,0,0,30,2,1),(5,'검풍','검사',NULL,'검기를 날려 적을 벤다.','attack',8,2,0,NULL,0,0,1,0,0),(6,'쾌속 연참','검사',NULL,'빠른 연속 베기로 적을 공격한다.','attack',15,2.8,0,NULL,0,0,30,1,0),(7,'일섬','검사',NULL,'일도양단의 일격을 날린다.','attack',25,4,0,NULL,0,0,50,2,0),(8,'창격','창병',NULL,'창으로 강하게 찔러 적을 공격한다.','attack',7,1.8,0,NULL,0,0,1,0,0),(9,'철벽 방어','창병',NULL,'창을 세워 단단한 방벽을 만든다.','buff',12,0,0,'defense',10,3,30,2,0),(10,'관통 찌르기','창병',NULL,'적의 방어를 무시하는 관통 일격.','attack',22,3.5,0,NULL,0,0,50,2,0),(11,'관통 사격','궁수',NULL,'화살로 적을 정확히 관통한다.','attack',6,1.8,0,NULL,0,0,1,0,0),(12,'속사','궁수',NULL,'빠르게 여러 발의 화살을 쏜다.','attack',14,2.5,0,NULL,0,0,30,1,0),(13,'집중 조준','궁수',NULL,'급소를 노리는 치명적 사격.','attack',20,3.8,0,NULL,0,0,50,2,0),(14,'부적 공격','도사',NULL,'부적에 담긴 기운으로 적을 공격한다.','attack',8,2,0,NULL,0,0,1,0,0),(15,'결계','도사',NULL,'보호 결계를 펼쳐 방어력을 높인다.','buff',15,0,0,'defense',8,4,30,2,0),(16,'뇌전부','도사',NULL,'번개를 부르는 강력한 부적 술법.','attack',25,3.8,0,NULL,0,0,50,2,0),(17,'분쇄격','무사',NULL,'묵직한 일격으로 적을 내려친다.','attack',8,2.2,0,NULL,0,0,1,0,0),(18,'전투 함성','무사',NULL,'함성을 질러 공격력을 크게 높인다.','buff',15,0,0,'attack',10,3,30,2,0),(19,'파쇄격','무사',NULL,'전력을 다한 파괴적 일격.','attack',28,4.2,0,NULL,0,0,50,2,0),(20,'치유의 손길','치유사',NULL,'따뜻한 빛으로 상처를 치유한다.','heal',10,0,40,NULL,0,0,1,1,0),(21,'축복','치유사',NULL,'동료에게 축복을 내려 방어력을 높인다.','buff',15,0,0,'defense',8,4,30,2,0),(22,'대치유','치유사',NULL,'강력한 치유 마법으로 대량의 체력을 회복한다.','heal',30,0,80,NULL,0,0,50,3,0),(23,'급소 찌르기','자객',NULL,'적의 급소를 노려 빠르게 찌른다.','attack',6,2,0,NULL,0,0,1,0,0),(24,'그림자 습격','자객',NULL,'그림자 속에서 기습하여 큰 피해를 입힌다.','attack',16,3,0,NULL,0,0,30,1,0),(25,'암살','자객',NULL,'치명적인 암살 공격을 가한다.','attack',28,4.5,0,NULL,0,0,50,2,0),(26,'화염구','마법사',NULL,'화염 구체를 발사하여 적을 불태운다.','attack',10,2.2,0,NULL,0,0,1,0,0),(27,'마력 집중','마법사',NULL,'마력을 집중하여 마법 공격력을 높인다.','buff',15,0,0,'attack',8,3,30,2,0),(28,'화염 폭풍','마법사',NULL,'거대한 화염 폭풍을 일으킨다.','attack',30,4.5,0,NULL,0,0,50,2,0);
/*!40000 ALTER TABLE `mercenary_skills` ENABLE KEYS */;
UNLOCK TABLES;

--
-- Table structure for table `mercenary_templates`
--

DROP TABLE IF EXISTS `mercenary_templates`;
/*!40101 SET @saved_cs_client     = @@character_set_client */;
/*!50503 SET character_set_client = utf8mb4 */;
CREATE TABLE `mercenary_templates` (
  `id` int NOT NULL AUTO_INCREMENT,
  `name` varchar(50) NOT NULL,
  `class_type` varchar(20) NOT NULL,
  `description` varchar(200) DEFAULT NULL,
  `icon` varchar(10) DEFAULT '⚔️',
  `price` int NOT NULL DEFAULT '500',
  `sell_price` int NOT NULL DEFAULT '250',
  `base_hp` int DEFAULT '80',
  `base_mp` int DEFAULT '30',
  `base_phys_attack` int DEFAULT '8',
  `base_phys_defense` int DEFAULT '5',
  `base_mag_attack` int DEFAULT '3',
  `base_mag_defense` int DEFAULT '3',
  `base_crit_rate` int DEFAULT '5',
  `base_evasion` int DEFAULT '3',
  `growth_hp` float DEFAULT '12',
  `growth_mp` float DEFAULT '4',
  `growth_phys_attack` float DEFAULT '2',
  `growth_phys_defense` float DEFAULT '1.5',
  `growth_mag_attack` float DEFAULT '0.5',
  `growth_mag_defense` float DEFAULT '0.5',
  `required_level` int DEFAULT '1',
  `range_type` enum('melee','ranged','magic') DEFAULT 'melee',
  `element` enum('fire','water','earth','wind','neutral') DEFAULT 'neutral',
  `weapon_type` varchar(20) DEFAULT 'sword',
  `max_fatigue` int DEFAULT '7',
  PRIMARY KEY (`id`),
  UNIQUE KEY `name` (`name`)
) ENGINE=InnoDB AUTO_INCREMENT=9 DEFAULT CHARSET=utf8mb4 COLLATE=utf8mb4_0900_ai_ci;
/*!40101 SET character_set_client = @saved_cs_client */;

--
-- Dumping data for table `mercenary_templates`
--

LOCK TABLES `mercenary_templates` WRITE;
/*!40000 ALTER TABLE `mercenary_templates` DISABLE KEYS */;
INSERT INTO `mercenary_templates` VALUES (1,'검사 이준','검사','빠르고 정확한 검술로 적을 베는 검사.','⚔️',5000,500,90,25,10,6,2,3,8,5,14,3,2.5,1.5,0.3,0.5,1,'melee','neutral','sword',7),(2,'창병 박무','창병','긴 창으로 적을 찌르는 전선의 수호자.','🔱',6000,600,100,20,9,8,1,4,5,3,15,2,2,2,0.2,0.5,1,'melee','earth','spear',8),(3,'궁수 한소이','궁수','먼 거리에서 화살로 적을 관통하는 명궁.','🏹',8000,800,70,30,11,3,4,3,12,8,10,4,2.5,0.8,0.8,0.5,2,'ranged','wind','bow',6),(4,'도사 최현','도사','부적과 주문으로 적을 공격하는 술사.','📜',10000,1000,65,60,3,3,12,6,6,4,8,8,0.5,0.5,2.5,1.5,3,'magic','fire','talisman',5),(5,'무사 강철','무사','묵직한 일격으로 적을 쓰러뜨리는 전사.','🗡️',12000,1200,120,15,12,10,1,5,7,2,18,2,2.8,2.5,0.2,0.5,3,'melee','neutral','sword',10),(6,'치유사 윤하나','치유사','동료의 상처를 치유하는 은빛 치유사.','💚',15000,1500,75,80,2,4,8,8,3,5,10,10,0.3,1,2,2,4,'magic','water','staff',5),(7,'자객 서영','자객','그림자 속에서 치명적 일격을 노리는 암살자.','🗡️',18000,1800,60,35,14,2,6,2,18,15,8,3,3,0.5,1,0.3,5,'melee','wind','dagger',6),(8,'마법사 정은비','마법사','강력한 마법으로 광역 피해를 주는 마도사.','🔮',22000,2200,55,90,2,2,15,7,5,3,6,12,0.3,0.3,3,1.5,6,'magic','fire','staff',5);
/*!40000 ALTER TABLE `mercenary_templates` ENABLE KEYS */;
UNLOCK TABLES;

--
-- Table structure for table `monster_bestiary`
--

DROP TABLE IF EXISTS `monster_bestiary`;
/*!40101 SET @saved_cs_client     = @@character_set_client */;
/*!50503 SET character_set_client = utf8mb4 */;
CREATE TABLE `monster_bestiary` (
  `id` int NOT NULL AUTO_INCREMENT,
  `character_id` int NOT NULL,
  `monster_id` int NOT NULL,
  `kill_count` int DEFAULT '0',
  `first_discovered` timestamp NULL DEFAULT CURRENT_TIMESTAMP,
  PRIMARY KEY (`id`),
  UNIQUE KEY `unique_char_monster` (`character_id`,`monster_id`),
  KEY `monster_id` (`monster_id`),
  CONSTRAINT `monster_bestiary_ibfk_1` FOREIGN KEY (`character_id`) REFERENCES `characters` (`id`) ON DELETE CASCADE,
  CONSTRAINT `monster_bestiary_ibfk_2` FOREIGN KEY (`monster_id`) REFERENCES `monsters` (`id`) ON DELETE CASCADE
) ENGINE=InnoDB AUTO_INCREMENT=62 DEFAULT CHARSET=utf8mb4 COLLATE=utf8mb4_0900_ai_ci;
/*!40101 SET character_set_client = @saved_cs_client */;

--
-- Dumping data for table `monster_bestiary`
--

LOCK TABLES `monster_bestiary` WRITE;
/*!40000 ALTER TABLE `monster_bestiary` DISABLE KEYS */;
INSERT INTO `monster_bestiary` VALUES (5,19,3,4,'2026-03-07 15:49:11'),(6,19,11,2,'2026-03-07 15:49:11'),(7,19,15,2,'2026-03-07 15:49:11'),(11,19,148,10,'2026-03-07 16:25:08'),(12,19,170,4,'2026-03-07 16:25:08'),(13,19,176,4,'2026-03-07 16:51:32'),(14,19,180,7,'2026-03-07 16:51:32'),(16,19,152,4,'2026-03-07 16:52:58'),(17,19,141,7,'2026-03-07 16:54:57'),(21,19,157,2,'2026-03-07 16:56:40'),(24,19,150,7,'2026-03-07 16:57:48'),(30,19,10,1,'2026-03-07 23:17:30'),(46,19,151,3,'2026-03-08 00:35:19'),(54,19,86,1,'2026-03-08 00:38:58'),(59,19,104,1,'2026-03-08 00:55:06');
/*!40000 ALTER TABLE `monster_bestiary` ENABLE KEYS */;
UNLOCK TABLES;

--
-- Table structure for table `monster_categories`
--

DROP TABLE IF EXISTS `monster_categories`;
/*!40101 SET @saved_cs_client     = @@character_set_client */;
/*!50503 SET character_set_client = utf8mb4 */;
CREATE TABLE `monster_categories` (
  `id` int NOT NULL AUTO_INCREMENT,
  `name` varchar(50) NOT NULL,
  `icon` varchar(10) DEFAULT 0xF09F91B9,
  `description` varchar(200) DEFAULT NULL,
  PRIMARY KEY (`id`),
  UNIQUE KEY `name` (`name`)
) ENGINE=InnoDB AUTO_INCREMENT=15 DEFAULT CHARSET=utf8mb4 COLLATE=utf8mb4_0900_ai_ci;
/*!40101 SET character_set_client = @saved_cs_client */;

--
-- Dumping data for table `monster_categories`
--

LOCK TABLES `monster_categories` WRITE;
/*!40000 ALTER TABLE `monster_categories` DISABLE KEYS */;
INSERT INTO `monster_categories` VALUES (1,'야수','🐺','숲과 들판에 서식하는 야생 동물 몬스터'),(2,'곤충/벌레','🕷️','독과 끈적한 실을 사용하는 벌레류 몬스터'),(3,'언데드','💀','죽음에서 되돌아온 불사의 존재'),(4,'귀신/원혼','👻','한을 품고 떠도는 영혼과 귀신'),(5,'정령','✨','자연의 원소에서 태어난 정령'),(6,'악마/마족','😈','지옥에서 온 악의 존재'),(7,'용족','🐉','고대부터 이어온 드래곤의 혈통'),(8,'마법생물','🦄','마법의 힘으로 태어난 환상의 생물'),(9,'식물/균류','🌿','살아 움직이는 식물과 버섯 몬스터'),(10,'인간형','🧟','인간의 형태를 가진 위험한 적'),(11,'도깨비','👺','한국 전통 도깨비와 요물'),(12,'요괴/변이','🎭','기이한 형태로 변이된 괴물'),(13,'슬라임/연체','🫧','물렁물렁한 몸을 가진 생물'),(14,'수생/해양','🐙','물속에 사는 수중 몬스터');
/*!40000 ALTER TABLE `monster_categories` ENABLE KEYS */;
UNLOCK TABLES;

--
-- Table structure for table `monster_drops`
--

DROP TABLE IF EXISTS `monster_drops`;
/*!40101 SET @saved_cs_client     = @@character_set_client */;
/*!50503 SET character_set_client = utf8mb4 */;
CREATE TABLE `monster_drops` (
  `id` int NOT NULL AUTO_INCREMENT,
  `monster_id` int NOT NULL,
  `material_id` int NOT NULL,
  `drop_rate` float DEFAULT '0.3',
  `min_quantity` int DEFAULT '1',
  `max_quantity` int DEFAULT '1',
  PRIMARY KEY (`id`),
  UNIQUE KEY `unique_monster_material` (`monster_id`,`material_id`),
  KEY `material_id` (`material_id`),
  CONSTRAINT `monster_drops_ibfk_1` FOREIGN KEY (`monster_id`) REFERENCES `monsters` (`id`) ON DELETE CASCADE,
  CONSTRAINT `monster_drops_ibfk_2` FOREIGN KEY (`material_id`) REFERENCES `materials` (`id`)
) ENGINE=InnoDB AUTO_INCREMENT=2392 DEFAULT CHARSET=utf8mb4 COLLATE=utf8mb4_0900_ai_ci;
/*!40101 SET character_set_client = @saved_cs_client */;

--
-- Dumping data for table `monster_drops`
--

LOCK TABLES `monster_drops` WRITE;
/*!40000 ALTER TABLE `monster_drops` DISABLE KEYS */;
INSERT INTO `monster_drops` VALUES (726,1,1,0.25,1,1),(727,1,3,0.2,1,1),(728,1,14,0.15,1,1),(729,1,2,0.35,1,2),(730,2,1,0.25,1,1),(731,2,3,0.2,1,1),(732,2,14,0.15,1,1),(733,2,2,0.35,1,2),(734,3,1,0.25,1,1),(735,3,3,0.2,1,1),(736,3,14,0.15,1,1),(737,3,4,0.3,1,1),(738,4,1,0.25,1,1),(739,4,3,0.2,1,1),(740,4,14,0.15,1,1),(741,4,2,0.35,1,2),(742,5,1,0.15,1,2),(743,5,3,0.2,1,1),(744,5,15,0.12,1,1),(745,5,5,0.25,1,1),(746,6,1,0.15,1,2),(747,6,3,0.2,1,1),(748,6,15,0.12,1,1),(749,6,2,0.35,1,2),(750,7,1,0.15,1,2),(751,7,3,0.2,1,1),(752,7,15,0.12,1,1),(753,7,8,0.25,1,1),(754,8,1,0.15,1,2),(755,8,3,0.2,1,1),(756,8,16,0.1,1,1),(757,8,5,0.15,1,1),(758,8,25,0.03,1,1),(759,8,27,0.04,1,1),(760,8,18,0.03,1,1),(761,9,1,0.15,1,2),(762,9,3,0.2,1,1),(763,9,16,0.1,1,1),(764,9,17,0.06,1,1),(765,9,11,0.15,1,1),(766,9,21,0.08,1,1),(767,9,25,0.03,1,1),(768,9,27,0.04,1,1),(769,9,18,0.03,1,1),(770,10,1,0.25,1,1),(771,10,3,0.2,1,1),(772,10,14,0.15,1,1),(773,10,2,0.35,1,2),(774,11,1,0.25,1,1),(775,11,3,0.2,1,1),(776,11,14,0.15,1,1),(777,11,2,0.35,1,2),(778,12,1,0.25,1,1),(779,12,3,0.2,1,1),(780,12,14,0.15,1,1),(781,12,2,0.35,1,2),(782,13,1,0.15,1,2),(783,13,3,0.2,1,1),(784,13,15,0.12,1,1),(785,13,2,0.35,1,2),(786,14,1,0.15,1,2),(787,14,3,0.2,1,1),(788,14,16,0.1,1,1),(789,14,2,0.35,1,2),(790,14,25,0.03,1,1),(791,14,27,0.04,1,1),(792,14,18,0.03,1,1),(793,15,1,0.15,1,2),(794,15,3,0.2,1,1),(795,15,16,0.1,1,1),(796,15,2,0.35,1,2),(797,15,25,0.03,1,1),(798,15,27,0.04,1,1),(799,15,18,0.03,1,1),(800,16,1,0.15,1,2),(801,16,3,0.2,1,1),(802,16,15,0.12,1,1),(803,16,2,0.35,1,2),(804,17,1,0.15,1,2),(805,17,3,0.2,1,1),(806,17,16,0.1,1,1),(807,17,17,0.06,1,1),(808,17,2,0.35,1,2),(809,17,25,0.03,1,1),(810,17,27,0.04,1,1),(811,17,18,0.03,1,1),(812,18,1,0.15,1,2),(813,18,3,0.2,1,1),(814,18,16,0.1,1,1),(815,18,17,0.06,1,1),(816,18,2,0.35,1,2),(817,18,25,0.03,1,1),(818,18,27,0.04,1,1),(819,18,18,0.03,1,1),(820,19,1,0.15,1,2),(821,19,3,0.2,1,1),(822,19,16,0.1,1,1),(823,19,17,0.06,1,1),(824,19,2,0.35,1,2),(825,19,25,0.03,1,1),(826,19,27,0.04,1,1),(827,19,18,0.03,1,1),(828,20,1,0.25,1,1),(829,20,3,0.2,1,1),(830,20,14,0.15,1,1),(831,20,4,0.3,1,1),(832,21,1,0.25,1,1),(833,21,3,0.2,1,1),(834,21,14,0.15,1,1),(835,21,4,0.3,1,1),(836,22,1,0.25,1,1),(837,22,3,0.2,1,1),(838,22,14,0.15,1,1),(839,22,4,0.3,1,1),(840,23,1,0.15,1,2),(841,23,3,0.2,1,1),(842,23,15,0.12,1,1),(843,23,4,0.3,1,1),(844,24,1,0.15,1,2),(845,24,3,0.2,1,1),(846,24,15,0.12,1,1),(847,24,4,0.3,1,1),(848,25,1,0.15,1,2),(849,25,3,0.2,1,1),(850,25,15,0.12,1,1),(851,25,4,0.3,1,1),(852,26,1,0.15,1,2),(853,26,3,0.2,1,1),(854,26,16,0.1,1,1),(855,26,4,0.3,1,1),(856,26,25,0.03,1,1),(857,26,27,0.04,1,1),(858,26,18,0.03,1,1),(859,27,1,0.15,1,2),(860,27,3,0.2,1,1),(861,27,15,0.12,1,1),(862,27,4,0.3,1,1),(863,28,1,0.25,1,1),(864,28,3,0.2,1,1),(865,28,14,0.15,1,1),(866,29,1,0.25,1,1),(867,29,3,0.2,1,1),(868,29,14,0.15,1,1),(869,30,1,0.15,1,2),(870,30,3,0.2,1,1),(871,30,15,0.12,1,1),(872,31,1,0.15,1,2),(873,31,3,0.2,1,1),(874,31,15,0.12,1,1),(875,32,1,0.15,1,2),(876,32,3,0.2,1,1),(877,32,16,0.1,1,1),(878,32,17,0.06,1,1),(879,32,21,0.08,1,1),(880,32,25,0.03,1,1),(881,32,27,0.04,1,1),(882,32,18,0.03,1,1),(883,33,1,0.15,1,2),(884,33,3,0.2,1,1),(885,33,16,0.1,1,1),(886,33,17,0.06,1,1),(887,33,21,0.08,1,1),(888,33,25,0.03,1,1),(889,33,27,0.04,1,1),(890,33,18,0.03,1,1),(891,34,1,0.15,1,2),(892,34,3,0.2,1,1),(893,34,16,0.1,1,1),(894,34,17,0.06,1,1),(895,34,21,0.08,1,1),(896,34,25,0.03,1,1),(897,34,27,0.04,1,1),(898,34,18,0.03,1,1),(899,35,1,0.25,1,1),(900,35,3,0.2,1,1),(901,35,14,0.15,1,1),(902,36,1,0.15,1,2),(903,36,3,0.2,1,1),(904,36,15,0.12,1,1),(905,37,1,0.25,1,1),(906,37,3,0.2,1,1),(907,37,14,0.15,1,1),(908,37,8,0.25,1,1),(909,38,1,0.15,1,2),(910,38,3,0.2,1,1),(911,38,15,0.12,1,1),(912,38,8,0.25,1,1),(913,39,1,0.15,1,2),(914,39,3,0.2,1,1),(915,39,15,0.12,1,1),(916,39,8,0.25,1,1),(917,40,1,0.15,1,2),(918,40,3,0.2,1,1),(919,40,15,0.12,1,1),(920,40,8,0.25,1,1),(921,41,1,0.15,1,2),(922,41,3,0.2,1,1),(923,41,16,0.1,1,1),(924,41,17,0.06,1,1),(925,41,8,0.25,1,1),(926,41,25,0.03,1,1),(927,41,27,0.04,1,1),(928,41,18,0.03,1,1),(929,42,1,0.15,1,2),(930,42,3,0.2,1,1),(931,42,16,0.1,1,1),(932,42,8,0.25,1,1),(933,42,25,0.03,1,1),(934,42,27,0.04,1,1),(935,42,18,0.03,1,1),(936,43,1,0.25,1,1),(937,43,3,0.2,1,1),(938,43,14,0.15,1,1),(939,43,8,0.25,1,1),(940,44,1,0.15,1,2),(941,44,3,0.2,1,1),(942,44,16,0.1,1,1),(943,44,8,0.25,1,1),(944,44,25,0.03,1,1),(945,44,27,0.04,1,1),(946,44,18,0.03,1,1),(947,45,1,0.25,1,1),(948,45,3,0.2,1,1),(949,45,14,0.15,1,1),(950,45,6,0.3,1,1),(951,45,5,0.2,1,1),(952,46,1,0.15,1,2),(953,46,3,0.2,1,1),(954,46,15,0.12,1,1),(955,46,6,0.3,1,1),(956,46,5,0.2,1,1),(957,46,12,0.2,1,1),(958,47,1,0.25,1,1),(959,47,3,0.2,1,1),(960,47,14,0.15,1,1),(961,47,6,0.3,1,1),(962,47,5,0.2,1,1),(963,48,1,0.15,1,2),(964,48,3,0.2,1,1),(965,48,15,0.12,1,1),(966,48,6,0.3,1,1),(967,48,5,0.2,1,1),(968,49,1,0.15,1,2),(969,49,3,0.2,1,1),(970,49,15,0.12,1,1),(971,49,6,0.3,1,1),(972,49,5,0.2,1,1),(973,50,1,0.15,1,2),(974,50,3,0.2,1,1),(975,50,15,0.12,1,1),(976,50,6,0.3,1,1),(977,50,5,0.2,1,1),(978,50,13,0.2,1,1),(979,51,1,0.15,1,2),(980,51,3,0.2,1,1),(981,51,16,0.1,1,1),(982,51,17,0.06,1,1),(983,51,6,0.3,1,1),(984,51,5,0.2,1,1),(985,51,25,0.03,1,1),(986,51,27,0.04,1,1),(987,51,18,0.03,1,1),(988,52,1,0.15,1,2),(989,52,3,0.2,1,1),(990,52,16,0.1,1,1),(991,52,17,0.06,1,1),(992,52,6,0.3,1,1),(993,52,5,0.2,1,1),(994,52,25,0.03,1,1),(995,52,27,0.04,1,1),(996,52,18,0.03,1,1),(997,53,1,0.15,1,2),(998,53,3,0.2,1,1),(999,53,16,0.1,1,1),(1000,53,17,0.06,1,1),(1001,53,6,0.3,1,1),(1002,53,5,0.2,1,1),(1003,53,25,0.03,1,1),(1004,53,27,0.04,1,1),(1005,53,18,0.03,1,1),(1006,54,1,0.25,1,1),(1007,54,3,0.2,1,1),(1008,54,14,0.15,1,1),(1009,54,11,0.15,1,1),(1010,55,1,0.15,1,2),(1011,55,3,0.2,1,1),(1012,55,15,0.12,1,1),(1013,55,11,0.15,1,1),(1014,56,1,0.15,1,2),(1015,56,3,0.2,1,1),(1016,56,15,0.12,1,1),(1017,56,11,0.15,1,1),(1018,57,1,0.15,1,2),(1019,57,3,0.2,1,1),(1020,57,16,0.1,1,1),(1021,57,11,0.15,1,1),(1022,57,21,0.08,1,1),(1023,57,25,0.03,1,1),(1024,57,27,0.04,1,1),(1025,57,18,0.03,1,1),(1026,58,1,0.15,1,2),(1027,58,3,0.2,1,1),(1028,58,16,0.1,1,1),(1029,58,17,0.06,1,1),(1030,58,11,0.15,1,1),(1031,58,21,0.08,1,1),(1032,58,25,0.03,1,1),(1033,58,27,0.04,1,1),(1034,58,18,0.03,1,1),(1035,59,1,0.15,1,2),(1036,59,3,0.2,1,1),(1037,59,16,0.1,1,1),(1038,59,17,0.06,1,1),(1039,59,11,0.15,1,1),(1040,59,21,0.08,1,1),(1041,59,25,0.03,1,1),(1042,59,27,0.04,1,1),(1043,59,18,0.03,1,1),(1044,60,1,0.15,1,2),(1045,60,3,0.2,1,1),(1046,60,16,0.1,1,1),(1047,60,17,0.06,1,1),(1048,60,11,0.15,1,1),(1049,60,21,0.08,1,1),(1050,60,25,0.03,1,1),(1051,60,27,0.04,1,1),(1052,60,18,0.03,1,1),(1053,61,1,0.15,1,2),(1054,61,3,0.2,1,1),(1055,61,16,0.1,1,1),(1056,61,17,0.06,1,1),(1057,61,11,0.15,1,1),(1058,61,21,0.08,1,1),(1059,61,25,0.03,1,1),(1060,61,27,0.04,1,1),(1061,61,18,0.03,1,1),(1062,62,1,0.15,1,2),(1063,62,3,0.2,1,1),(1064,62,15,0.12,1,1),(1065,62,11,0.15,1,1),(1066,63,1,0.15,1,2),(1067,63,3,0.2,1,1),(1068,63,16,0.1,1,1),(1069,63,17,0.06,1,1),(1070,63,11,0.15,1,1),(1071,63,21,0.08,1,1),(1072,63,25,0.03,1,1),(1073,63,27,0.04,1,1),(1074,63,18,0.03,1,1),(1075,64,1,0.15,1,2),(1076,64,3,0.2,1,1),(1077,64,15,0.12,1,1),(1078,64,7,0.2,1,1),(1079,65,1,0.15,1,2),(1080,65,3,0.2,1,1),(1081,65,16,0.1,1,1),(1082,65,7,0.2,1,1),(1083,65,25,0.03,1,1),(1084,65,27,0.04,1,1),(1085,65,18,0.03,1,1),(1086,66,1,0.15,1,2),(1087,66,3,0.2,1,1),(1088,66,16,0.1,1,1),(1089,66,17,0.06,1,1),(1090,66,7,0.2,1,1),(1091,66,22,0.05,1,1),(1092,66,25,0.03,1,1),(1093,66,27,0.04,1,1),(1094,66,18,0.03,1,1),(1095,67,1,0.15,1,2),(1096,67,3,0.2,1,1),(1097,67,16,0.1,1,1),(1098,67,17,0.06,1,1),(1099,67,7,0.2,1,1),(1100,67,22,0.05,1,1),(1101,67,13,0.2,1,1),(1102,67,25,0.03,1,1),(1103,67,27,0.04,1,1),(1104,67,18,0.03,1,1),(1105,68,1,0.15,1,2),(1106,68,3,0.2,1,1),(1107,68,16,0.1,1,1),(1108,68,17,0.06,1,1),(1109,68,7,0.2,1,1),(1110,68,22,0.05,1,1),(1111,68,25,0.03,1,1),(1112,68,27,0.04,1,1),(1113,68,18,0.03,1,1),(1114,69,1,0.15,1,2),(1115,69,3,0.2,1,1),(1116,69,16,0.1,1,1),(1117,69,17,0.06,1,1),(1118,69,7,0.2,1,1),(1119,69,22,0.05,1,1),(1120,69,25,0.03,1,1),(1121,69,27,0.04,1,1),(1122,69,18,0.03,1,1),(1123,70,1,0.15,1,2),(1124,70,3,0.2,1,1),(1125,70,15,0.12,1,1),(1126,70,7,0.2,1,1),(1127,71,1,0.15,1,2),(1128,71,3,0.2,1,1),(1129,71,16,0.1,1,1),(1130,71,17,0.06,1,1),(1131,71,7,0.2,1,1),(1132,71,22,0.05,1,1),(1133,71,25,0.03,1,1),(1134,71,27,0.04,1,1),(1135,71,18,0.03,1,1),(1136,72,1,0.15,1,2),(1137,72,3,0.2,1,1),(1138,72,16,0.1,1,1),(1139,72,17,0.06,1,1),(1140,72,7,0.2,1,1),(1141,72,22,0.05,1,1),(1142,72,25,0.03,1,1),(1143,72,27,0.04,1,1),(1144,72,18,0.03,1,1),(1145,73,1,0.15,1,2),(1146,73,3,0.2,1,1),(1147,73,15,0.12,1,1),(1148,73,5,0.25,1,1),(1149,74,1,0.15,1,2),(1150,74,3,0.2,1,1),(1151,74,16,0.1,1,1),(1152,74,5,0.25,1,1),(1153,74,25,0.03,1,1),(1154,74,27,0.04,1,1),(1155,74,18,0.03,1,1),(1156,75,1,0.25,1,1),(1157,75,3,0.2,1,1),(1158,75,14,0.15,1,1),(1159,75,5,0.25,1,1),(1160,76,1,0.15,1,2),(1161,76,3,0.2,1,1),(1162,76,16,0.1,1,1),(1163,76,5,0.25,1,1),(1164,76,25,0.03,1,1),(1165,76,27,0.04,1,1),(1166,76,18,0.03,1,1),(1167,77,1,0.15,1,2),(1168,77,3,0.2,1,1),(1169,77,16,0.1,1,1),(1170,77,5,0.25,1,1),(1171,77,25,0.03,1,1),(1172,77,27,0.04,1,1),(1173,77,18,0.03,1,1),(1174,78,1,0.15,1,2),(1175,78,3,0.2,1,1),(1176,78,16,0.1,1,1),(1177,78,17,0.06,1,1),(1178,78,5,0.25,1,1),(1179,78,25,0.03,1,1),(1180,78,27,0.04,1,1),(1181,78,18,0.03,1,1),(1182,79,1,0.15,1,2),(1183,79,3,0.2,1,1),(1184,79,16,0.1,1,1),(1185,79,17,0.06,1,1),(1186,79,5,0.25,1,1),(1187,79,25,0.03,1,1),(1188,79,27,0.04,1,1),(1189,79,18,0.03,1,1),(1190,80,1,0.15,1,2),(1191,80,3,0.2,1,1),(1192,80,15,0.12,1,1),(1193,80,5,0.25,1,1),(1194,81,1,0.25,1,1),(1195,81,3,0.2,1,1),(1196,81,14,0.15,1,1),(1197,81,20,0.35,1,2),(1198,82,1,0.25,1,1),(1199,82,3,0.2,1,1),(1200,82,14,0.15,1,1),(1201,82,20,0.35,1,2),(1202,83,1,0.15,1,2),(1203,83,3,0.2,1,1),(1204,83,15,0.12,1,1),(1205,83,20,0.35,1,2),(1206,84,1,0.15,1,2),(1207,84,3,0.2,1,1),(1208,84,15,0.12,1,1),(1209,84,20,0.35,1,2),(1210,85,1,0.25,1,1),(1211,85,3,0.2,1,1),(1212,85,14,0.15,1,1),(1213,85,20,0.35,1,2),(1214,86,1,0.15,1,2),(1215,86,3,0.2,1,1),(1216,86,15,0.12,1,1),(1217,86,20,0.35,1,2),(1218,87,1,0.15,1,2),(1219,87,3,0.2,1,1),(1220,87,16,0.1,1,1),(1221,87,17,0.06,1,1),(1222,87,20,0.35,1,2),(1223,87,25,0.03,1,1),(1224,87,27,0.04,1,1),(1225,87,18,0.03,1,1),(1226,88,1,0.15,1,2),(1227,88,3,0.2,1,1),(1228,88,16,0.1,1,1),(1229,88,17,0.06,1,1),(1230,88,20,0.35,1,2),(1231,88,25,0.03,1,1),(1232,88,27,0.04,1,1),(1233,88,18,0.03,1,1),(1234,89,1,0.25,1,1),(1235,89,3,0.2,1,1),(1236,89,14,0.15,1,1),(1237,89,5,0.15,1,1),(1238,90,1,0.15,1,2),(1239,90,3,0.2,1,1),(1240,90,15,0.12,1,1),(1241,90,5,0.15,1,1),(1242,91,1,0.15,1,2),(1243,91,3,0.2,1,1),(1244,91,15,0.12,1,1),(1245,91,5,0.15,1,1),(1246,92,1,0.15,1,2),(1247,92,3,0.2,1,1),(1248,92,16,0.1,1,1),(1249,92,5,0.15,1,1),(1250,92,25,0.03,1,1),(1251,92,27,0.04,1,1),(1252,92,18,0.03,1,1),(1253,93,1,0.15,1,2),(1254,93,3,0.2,1,1),(1255,93,15,0.12,1,1),(1256,93,5,0.15,1,1),(1257,94,1,0.15,1,2),(1258,94,3,0.2,1,1),(1259,94,16,0.1,1,1),(1260,94,5,0.15,1,1),(1261,94,25,0.03,1,1),(1262,94,27,0.04,1,1),(1263,94,18,0.03,1,1),(1264,95,1,0.15,1,2),(1265,95,3,0.2,1,1),(1266,95,16,0.1,1,1),(1267,95,17,0.06,1,1),(1268,95,5,0.15,1,1),(1269,95,25,0.03,1,1),(1270,95,27,0.04,1,1),(1271,95,18,0.03,1,1),(1272,96,1,0.15,1,2),(1273,96,3,0.2,1,1),(1274,96,15,0.12,1,1),(1275,96,5,0.15,1,1),(1276,97,1,0.25,1,1),(1277,97,3,0.2,1,1),(1278,97,14,0.15,1,1),(1279,97,9,0.25,1,1),(1280,98,1,0.25,1,1),(1281,98,3,0.2,1,1),(1282,98,14,0.15,1,1),(1283,98,9,0.25,1,1),(1284,98,12,0.2,1,1),(1285,99,1,0.15,1,2),(1286,99,3,0.2,1,1),(1287,99,15,0.12,1,1),(1288,99,9,0.25,1,1),(1289,100,1,0.15,1,2),(1290,100,3,0.2,1,1),(1291,100,16,0.1,1,1),(1292,100,9,0.25,1,1),(1293,100,25,0.03,1,1),(1294,100,27,0.04,1,1),(1295,100,18,0.03,1,1),(1296,101,1,0.15,1,2),(1297,101,3,0.2,1,1),(1298,101,16,0.1,1,1),(1299,101,17,0.06,1,1),(1300,101,9,0.25,1,1),(1301,101,25,0.03,1,1),(1302,101,27,0.04,1,1),(1303,101,18,0.03,1,1),(1304,102,1,0.25,1,1),(1305,102,3,0.2,1,1),(1306,102,14,0.15,1,1),(1307,102,9,0.25,1,1),(1308,103,1,0.15,1,2),(1309,103,3,0.2,1,1),(1310,103,15,0.12,1,1),(1311,103,9,0.25,1,1),(1312,104,1,0.25,1,1),(1313,104,3,0.2,1,1),(1314,104,14,0.15,1,1),(1315,104,9,0.25,1,1),(1316,105,1,0.15,1,2),(1317,105,3,0.2,1,1),(1318,105,16,0.1,1,1),(1319,105,17,0.06,1,1),(1320,105,5,0.2,1,1),(1321,105,25,0.03,1,1),(1322,105,27,0.04,1,1),(1323,105,18,0.03,1,1),(1324,106,1,0.15,1,2),(1325,106,3,0.2,1,1),(1326,106,16,0.1,1,1),(1327,106,17,0.06,1,1),(1328,106,5,0.2,1,1),(1329,106,25,0.03,1,1),(1330,106,27,0.04,1,1),(1331,106,18,0.03,1,1),(1332,107,1,0.15,1,2),(1333,107,3,0.2,1,1),(1334,107,16,0.1,1,1),(1335,107,17,0.06,1,1),(1336,107,5,0.2,1,1),(1337,107,12,0.2,1,1),(1338,107,25,0.03,1,1),(1339,107,27,0.04,1,1),(1340,107,18,0.03,1,1),(1341,108,1,0.15,1,2),(1342,108,3,0.2,1,1),(1343,108,16,0.1,1,1),(1344,108,17,0.06,1,1),(1345,108,5,0.2,1,1),(1346,108,25,0.03,1,1),(1347,108,27,0.04,1,1),(1348,108,18,0.03,1,1),(1349,109,1,0.15,1,2),(1350,109,3,0.2,1,1),(1351,109,16,0.1,1,1),(1352,109,5,0.2,1,1),(1353,109,25,0.03,1,1),(1354,109,27,0.04,1,1),(1355,109,18,0.03,1,1),(1356,110,1,0.15,1,2),(1357,110,3,0.2,1,1),(1358,110,16,0.1,1,1),(1359,110,5,0.2,1,1),(1360,110,25,0.03,1,1),(1361,110,27,0.04,1,1),(1362,110,18,0.03,1,1),(1363,111,1,0.15,1,2),(1364,111,3,0.2,1,1),(1365,111,16,0.1,1,1),(1366,111,17,0.06,1,1),(1367,111,5,0.2,1,1),(1368,111,25,0.03,1,1),(1369,111,27,0.04,1,1),(1370,111,18,0.03,1,1),(1371,112,1,0.15,1,2),(1372,112,3,0.2,1,1),(1373,112,15,0.12,1,1),(1374,112,5,0.2,1,1),(1375,113,1,0.25,1,1),(1376,113,3,0.2,1,1),(1377,113,14,0.15,1,1),(1378,113,19,0.4,1,2),(1379,114,1,0.25,1,1),(1380,114,3,0.2,1,1),(1381,114,14,0.15,1,1),(1382,114,19,0.4,1,2),(1383,115,1,0.25,1,1),(1384,115,3,0.2,1,1),(1385,115,14,0.15,1,1),(1386,115,19,0.4,1,2),(1387,116,1,0.25,1,1),(1388,116,3,0.2,1,1),(1389,116,14,0.15,1,1),(1390,116,19,0.4,1,2),(1391,117,1,0.15,1,2),(1392,117,3,0.2,1,1),(1393,117,15,0.12,1,1),(1394,117,19,0.4,1,2),(1395,118,1,0.15,1,2),(1396,118,3,0.2,1,1),(1397,118,16,0.1,1,1),(1398,118,19,0.4,1,2),(1399,118,25,0.03,1,1),(1400,118,27,0.04,1,1),(1401,118,18,0.03,1,1),(1402,119,1,0.25,1,1),(1403,119,3,0.2,1,1),(1404,119,14,0.15,1,1),(1405,119,19,0.4,1,2),(1406,120,1,0.15,1,2),(1407,120,3,0.2,1,1),(1408,120,16,0.1,1,1),(1409,120,17,0.06,1,1),(1410,120,19,0.4,1,2),(1411,120,25,0.03,1,1),(1412,120,27,0.04,1,1),(1413,120,18,0.03,1,1),(1414,121,1,0.15,1,2),(1415,121,3,0.2,1,1),(1416,121,15,0.12,1,1),(1417,121,19,0.4,1,2),(1418,122,1,0.15,1,2),(1419,122,3,0.2,1,1),(1420,122,15,0.12,1,1),(1421,122,19,0.4,1,2),(1422,123,1,0.15,1,2),(1423,123,3,0.2,1,1),(1424,123,16,0.1,1,1),(1425,123,19,0.4,1,2),(1426,123,25,0.03,1,1),(1427,123,27,0.04,1,1),(1428,123,18,0.03,1,1),(1429,124,1,0.15,1,2),(1430,124,3,0.2,1,1),(1431,124,15,0.12,1,1),(1432,124,10,0.2,1,1),(1433,125,1,0.15,1,2),(1434,125,3,0.2,1,1),(1435,125,16,0.1,1,1),(1436,125,10,0.2,1,1),(1437,125,25,0.03,1,1),(1438,125,27,0.04,1,1),(1439,125,18,0.03,1,1),(1440,126,1,0.15,1,2),(1441,126,3,0.2,1,1),(1442,126,15,0.12,1,1),(1443,126,10,0.2,1,1),(1444,127,1,0.15,1,2),(1445,127,3,0.2,1,1),(1446,127,15,0.12,1,1),(1447,127,10,0.2,1,1),(1448,128,1,0.25,1,1),(1449,128,3,0.2,1,1),(1450,128,14,0.15,1,1),(1451,128,10,0.2,1,1),(1452,129,1,0.15,1,2),(1453,129,3,0.2,1,1),(1454,129,16,0.1,1,1),(1455,129,17,0.06,1,1),(1456,129,10,0.2,1,1),(1457,129,25,0.03,1,1),(1458,129,27,0.04,1,1),(1459,129,18,0.03,1,1),(1460,130,1,0.25,1,1),(1461,130,3,0.2,1,1),(1462,130,14,0.15,1,1),(1463,130,10,0.2,1,1),(1464,131,1,0.15,1,2),(1465,131,3,0.2,1,1),(1466,131,16,0.1,1,1),(1467,131,17,0.06,1,1),(1468,131,10,0.2,1,1),(1469,131,25,0.03,1,1),(1470,131,27,0.04,1,1),(1471,131,18,0.03,1,1),(1472,132,1,0.15,1,2),(1473,132,3,0.2,1,1),(1474,132,15,0.12,1,1),(1475,132,5,0.2,1,1),(1476,133,1,0.15,1,2),(1477,133,3,0.2,1,1),(1478,133,15,0.12,1,1),(1479,133,5,0.25,1,1),(1480,134,1,0.15,1,2),(1481,134,3,0.2,1,1),(1482,134,16,0.1,1,1),(1483,134,5,0.2,1,1),(1484,134,12,0.2,1,1),(1485,134,25,0.03,1,1),(1486,134,27,0.04,1,1),(1487,134,18,0.03,1,1),(1488,135,1,0.15,1,2),(1489,135,3,0.2,1,1),(1490,135,15,0.12,1,1),(1491,135,7,0.2,1,1),(1492,136,1,0.15,1,2),(1493,136,3,0.2,1,1),(1494,136,16,0.1,1,1),(1495,136,7,0.2,1,1),(1496,136,25,0.03,1,1),(1497,136,27,0.04,1,1),(1498,136,18,0.03,1,1),(1499,137,1,0.15,1,2),(1500,137,3,0.2,1,1),(1501,137,16,0.1,1,1),(1502,137,5,0.25,1,1),(1503,137,25,0.03,1,1),(1504,137,27,0.04,1,1),(1505,137,18,0.03,1,1),(1506,138,1,0.15,1,2),(1507,138,3,0.2,1,1),(1508,138,16,0.1,1,1),(1509,138,5,0.25,1,1),(1510,138,25,0.03,1,1),(1511,138,27,0.04,1,1),(1512,138,18,0.03,1,1),(1513,139,1,0.15,1,2),(1514,139,3,0.2,1,1),(1515,139,15,0.12,1,1),(1516,139,5,0.25,1,1),(1517,140,1,0.15,1,2),(1518,140,3,0.2,1,1),(1519,140,15,0.12,1,1),(1520,140,2,0.35,1,2),(1521,140,12,0.2,1,1),(1522,141,1,0.25,1,1),(1523,141,3,0.2,1,1),(1524,141,14,0.15,1,1),(1525,141,2,0.35,1,2),(1526,142,1,0.15,1,2),(1527,142,3,0.2,1,1),(1528,142,15,0.12,1,1),(1529,142,8,0.25,1,1),(1530,143,1,0.15,1,2),(1531,143,3,0.2,1,1),(1532,143,15,0.12,1,1),(1533,143,8,0.25,1,1),(1534,144,1,0.25,1,1),(1535,144,3,0.2,1,1),(1536,144,14,0.15,1,1),(1537,144,8,0.25,1,1),(1538,145,1,0.15,1,2),(1539,145,3,0.2,1,1),(1540,145,15,0.12,1,1),(1541,145,8,0.25,1,1),(1542,146,1,0.15,1,2),(1543,146,3,0.2,1,1),(1544,146,15,0.12,1,1),(1545,146,8,0.25,1,1),(1546,147,1,0.15,1,2),(1547,147,3,0.2,1,1),(1548,147,15,0.12,1,1),(1549,147,8,0.25,1,1),(1550,148,1,0.25,1,1),(1551,148,3,0.2,1,1),(1552,148,14,0.15,1,1),(1553,148,8,0.25,1,1),(1554,149,1,0.15,1,2),(1555,149,3,0.2,1,1),(1556,149,16,0.1,1,1),(1557,149,8,0.25,1,1),(1558,149,25,0.03,1,1),(1559,149,27,0.04,1,1),(1560,149,18,0.03,1,1),(1561,150,1,0.15,1,2),(1562,150,3,0.2,1,1),(1563,150,15,0.12,1,1),(1564,150,9,0.25,1,1),(1565,151,1,0.15,1,2),(1566,151,3,0.2,1,1),(1567,151,15,0.12,1,1),(1568,151,9,0.25,1,1),(1569,152,1,0.25,1,1),(1570,152,3,0.2,1,1),(1571,152,14,0.15,1,1),(1572,152,9,0.25,1,1),(1573,153,1,0.15,1,2),(1574,153,3,0.2,1,1),(1575,153,15,0.12,1,1),(1576,153,9,0.25,1,1),(1577,154,1,0.15,1,2),(1578,154,3,0.2,1,1),(1579,154,15,0.12,1,1),(1580,154,5,0.25,1,1),(1581,155,1,0.15,1,2),(1582,155,3,0.2,1,1),(1583,155,16,0.1,1,1),(1584,155,7,0.2,1,1),(1585,155,25,0.03,1,1),(1586,155,27,0.04,1,1),(1587,155,18,0.03,1,1),(1588,156,1,0.15,1,2),(1589,156,3,0.2,1,1),(1590,156,15,0.12,1,1),(1591,156,5,0.25,1,1),(1592,157,1,0.25,1,1),(1593,157,3,0.2,1,1),(1594,157,14,0.15,1,1),(1595,157,20,0.35,1,2),(1596,158,1,0.15,1,2),(1597,158,3,0.2,1,1),(1598,158,15,0.12,1,1),(1599,158,5,0.25,1,1),(1600,159,1,0.15,1,2),(1601,159,3,0.2,1,1),(1602,159,15,0.12,1,1),(1603,159,5,0.25,1,1),(1604,160,1,0.15,1,2),(1605,160,3,0.2,1,1),(1606,160,16,0.1,1,1),(1607,160,2,0.35,1,2),(1608,160,25,0.03,1,1),(1609,160,27,0.04,1,1),(1610,160,18,0.03,1,1),(1611,161,1,0.15,1,2),(1612,161,3,0.2,1,1),(1613,161,16,0.1,1,1),(1614,161,5,0.25,1,1),(1615,161,25,0.03,1,1),(1616,161,27,0.04,1,1),(1617,161,18,0.03,1,1),(1618,162,1,0.15,1,2),(1619,162,3,0.2,1,1),(1620,162,16,0.1,1,1),(1621,162,7,0.2,1,1),(1622,162,25,0.03,1,1),(1623,162,27,0.04,1,1),(1624,162,18,0.03,1,1),(1625,163,1,0.15,1,2),(1626,163,3,0.2,1,1),(1627,163,16,0.1,1,1),(1628,163,5,0.25,1,1),(1629,163,25,0.03,1,1),(1630,163,27,0.04,1,1),(1631,163,18,0.03,1,1),(1632,164,1,0.15,1,2),(1633,164,3,0.2,1,1),(1634,164,15,0.12,1,1),(1635,164,5,0.25,1,1),(1636,165,1,0.15,1,2),(1637,165,3,0.2,1,1),(1638,165,15,0.12,1,1),(1639,165,2,0.35,1,2),(1640,165,12,0.2,1,1),(1641,166,1,0.15,1,2),(1642,166,3,0.2,1,1),(1643,166,15,0.12,1,1),(1644,166,8,0.25,1,1),(1645,167,1,0.15,1,2),(1646,167,3,0.2,1,1),(1647,167,15,0.12,1,1),(1648,167,11,0.15,1,1),(1649,168,1,0.15,1,2),(1650,168,3,0.2,1,1),(1651,168,15,0.12,1,1),(1652,168,2,0.35,1,2),(1653,169,1,0.15,1,2),(1654,169,3,0.2,1,1),(1655,169,15,0.12,1,1),(1656,169,2,0.35,1,2),(1657,170,1,0.25,1,1),(1658,170,3,0.2,1,1),(1659,170,14,0.15,1,1),(1660,170,5,0.25,1,1),(1661,171,1,0.15,1,2),(1662,171,3,0.2,1,1),(1663,171,15,0.12,1,1),(1664,171,2,0.35,1,2),(1665,172,1,0.15,1,2),(1666,172,3,0.2,1,1),(1667,172,15,0.12,1,1),(1668,172,11,0.15,1,1),(1669,173,1,0.15,1,2),(1670,173,3,0.2,1,1),(1671,173,15,0.12,1,1),(1672,173,11,0.15,1,1),(1673,174,1,0.15,1,2),(1674,174,3,0.2,1,1),(1675,174,15,0.12,1,1),(1676,174,8,0.25,1,1),(1677,175,1,0.15,1,2),(1678,175,3,0.2,1,1),(1679,175,15,0.12,1,1),(1680,175,8,0.25,1,1),(1681,176,1,0.25,1,1),(1682,176,3,0.2,1,1),(1683,176,14,0.15,1,1),(1684,176,2,0.35,1,2),(1685,177,1,0.25,1,1),(1686,177,3,0.2,1,1),(1687,177,14,0.15,1,1),(1688,177,10,0.2,1,1),(1689,178,1,0.15,1,2),(1690,178,3,0.2,1,1),(1691,178,16,0.1,1,1),(1692,178,11,0.15,1,1),(1693,178,21,0.08,1,1),(1694,178,25,0.03,1,1),(1695,178,27,0.04,1,1),(1696,178,18,0.03,1,1),(1697,179,1,0.15,1,2),(1698,179,3,0.2,1,1),(1699,179,15,0.12,1,1),(1700,179,5,0.25,1,1),(1701,180,1,0.25,1,1),(1702,180,3,0.2,1,1),(1703,180,14,0.15,1,1),(1704,180,2,0.35,1,2),(1705,181,1,0.15,1,2),(1706,181,3,0.2,1,1),(1707,181,15,0.12,1,1),(1708,181,2,0.35,1,2),(1709,182,1,0.15,1,2),(1710,182,3,0.2,1,1),(1711,182,15,0.12,1,1),(1712,182,5,0.2,1,1),(1713,183,1,0.25,1,1),(1714,183,3,0.2,1,1),(1715,183,14,0.15,1,1),(1716,183,5,0.2,1,1),(1717,184,1,0.15,1,2),(1718,184,3,0.2,1,1),(1719,184,15,0.12,1,1),(1720,184,5,0.2,1,1),(1721,185,1,0.15,1,2),(1722,185,3,0.2,1,1),(1723,185,15,0.12,1,1),(1724,185,11,0.15,1,1),(1725,186,1,0.25,1,1),(1726,186,3,0.2,1,1),(1727,186,14,0.15,1,1),(1728,186,10,0.2,1,1),(1729,187,1,0.15,1,2),(1730,187,3,0.2,1,1),(1731,187,16,0.1,1,1),(1732,187,7,0.2,1,1),(1733,187,25,0.03,1,1),(1734,187,27,0.04,1,1),(1735,187,18,0.03,1,1),(1736,188,1,0.15,1,2),(1737,188,3,0.2,1,1),(1738,188,15,0.12,1,1),(1739,188,4,0.3,1,1),(1740,189,1,0.15,1,2),(1741,189,3,0.2,1,1),(1742,189,15,0.12,1,1),(1743,189,11,0.15,1,1),(1744,190,1,0.15,1,2),(1745,190,3,0.2,1,1),(1746,190,15,0.12,1,1),(1747,190,5,0.2,1,1),(1748,191,1,0.15,1,2),(1749,191,3,0.2,1,1),(1750,191,15,0.12,1,1),(1751,191,5,0.2,1,1),(1752,192,1,0.15,1,2),(1753,192,3,0.2,1,1),(1754,192,15,0.12,1,1),(1755,192,11,0.15,1,1),(1756,193,1,0.15,1,2),(1757,193,3,0.2,1,1),(1758,193,15,0.12,1,1),(1759,193,11,0.15,1,1),(1760,194,1,0.15,1,2),(1761,194,3,0.2,1,1),(1762,194,16,0.1,1,1),(1763,194,11,0.15,1,1),(1764,194,21,0.08,1,1),(1765,194,25,0.03,1,1),(1766,194,27,0.04,1,1),(1767,194,18,0.03,1,1),(1768,195,1,0.15,1,2),(1769,195,3,0.2,1,1),(1770,195,16,0.1,1,1),(1771,195,11,0.15,1,1),(1772,195,21,0.08,1,1),(1773,195,25,0.03,1,1),(1774,195,27,0.04,1,1),(1775,195,18,0.03,1,1),(1776,196,1,0.15,1,2),(1777,196,3,0.2,1,1),(1778,196,15,0.12,1,1),(1779,196,11,0.15,1,1),(1780,197,1,0.25,1,1),(1781,197,3,0.2,1,1),(1782,197,14,0.15,1,1),(1783,197,11,0.15,1,1),(1784,198,1,0.15,1,2),(1785,198,3,0.2,1,1),(1786,198,15,0.12,1,1),(1787,198,11,0.15,1,1),(1788,199,1,0.25,1,1),(1789,199,3,0.2,1,1),(1790,199,14,0.15,1,1),(1791,199,8,0.25,1,1),(1792,200,1,0.15,1,2),(1793,200,3,0.2,1,1),(1794,200,15,0.12,1,1),(1795,200,5,0.2,1,1),(1796,201,1,0.15,1,2),(1797,201,3,0.2,1,1),(1798,201,15,0.12,1,1),(1799,201,5,0.2,1,1),(1800,202,1,0.25,1,1),(1801,202,3,0.2,1,1),(1802,202,14,0.15,1,1),(1803,202,6,0.3,1,1),(1804,202,5,0.2,1,1),(1805,203,1,0.25,1,1),(1806,203,3,0.2,1,1),(1807,203,14,0.15,1,1),(1808,203,8,0.25,1,1),(1809,204,1,0.15,1,2),(1810,204,3,0.2,1,1),(1811,204,15,0.12,1,1),(1812,204,5,0.2,1,1),(1813,204,13,0.2,1,1),(1814,205,1,0.15,1,2),(1815,205,3,0.2,1,1),(1816,205,15,0.12,1,1),(1817,205,5,0.2,1,1),(1818,206,1,0.25,1,1),(1819,206,3,0.2,1,1),(1820,206,14,0.15,1,1),(1821,206,6,0.3,1,1),(1822,206,5,0.2,1,1),(1823,207,1,0.25,1,1),(1824,207,3,0.2,1,1),(1825,207,14,0.15,1,1),(1826,207,5,0.25,1,1),(1827,208,1,0.25,1,1),(1828,208,3,0.2,1,1),(1829,208,14,0.15,1,1),(1830,208,2,0.35,1,2),(1831,209,1,0.15,1,2),(1832,209,3,0.2,1,1),(1833,209,15,0.12,1,1),(1834,209,8,0.25,1,1),(1835,210,1,0.25,1,1),(1836,210,3,0.2,1,1),(1837,210,14,0.15,1,1),(1838,210,8,0.25,1,1),(1839,211,1,0.15,1,2),(1840,211,3,0.2,1,1),(1841,211,15,0.12,1,1),(1842,211,8,0.25,1,1),(1843,212,1,0.15,1,2),(1844,212,3,0.2,1,1),(1845,212,15,0.12,1,1),(1846,212,8,0.25,1,1),(1847,213,1,0.15,1,2),(1848,213,3,0.2,1,1),(1849,213,15,0.12,1,1),(1850,213,8,0.25,1,1),(1851,214,1,0.15,1,2),(1852,214,3,0.2,1,1),(1853,214,16,0.1,1,1),(1854,214,8,0.25,1,1),(1855,214,25,0.03,1,1),(1856,214,27,0.04,1,1),(1857,214,18,0.03,1,1),(1858,215,1,0.15,1,2),(1859,215,3,0.2,1,1),(1860,215,15,0.12,1,1),(1861,215,8,0.25,1,1),(1862,216,1,0.15,1,2),(1863,216,3,0.2,1,1),(1864,216,16,0.1,1,1),(1865,216,7,0.2,1,1),(1866,216,25,0.03,1,1),(1867,216,27,0.04,1,1),(1868,216,18,0.03,1,1),(1869,217,1,0.15,1,2),(1870,217,3,0.2,1,1),(1871,217,16,0.1,1,1),(1872,217,7,0.2,1,1),(1873,217,25,0.03,1,1),(1874,217,27,0.04,1,1),(1875,217,18,0.03,1,1),(1876,218,1,0.15,1,2),(1877,218,3,0.2,1,1),(1878,218,16,0.1,1,1),(1879,218,5,0.25,1,1),(1880,218,25,0.03,1,1),(1881,218,27,0.04,1,1),(1882,218,18,0.03,1,1),(1883,219,1,0.15,1,2),(1884,219,3,0.2,1,1),(1885,219,16,0.1,1,1),(1886,219,2,0.35,1,2),(1887,219,25,0.03,1,1),(1888,219,27,0.04,1,1),(1889,219,18,0.03,1,1),(1890,220,1,0.15,1,2),(1891,220,3,0.2,1,1),(1892,220,16,0.1,1,1),(1893,220,5,0.25,1,1),(1894,220,25,0.03,1,1),(1895,220,27,0.04,1,1),(1896,220,18,0.03,1,1),(1897,221,1,0.15,1,2),(1898,221,3,0.2,1,1),(1899,221,16,0.1,1,1),(1900,221,11,0.15,1,1),(1901,221,21,0.08,1,1),(1902,221,25,0.03,1,1),(1903,221,27,0.04,1,1),(1904,221,18,0.03,1,1),(1905,222,1,0.25,1,1),(1906,222,3,0.2,1,1),(1907,222,14,0.15,1,1),(1908,222,5,0.2,1,1),(1909,223,1,0.25,1,1),(1910,223,3,0.2,1,1),(1911,223,14,0.15,1,1),(1912,223,5,0.2,1,1),(1913,224,1,0.15,1,2),(1914,224,3,0.2,1,1),(1915,224,15,0.12,1,1),(1916,224,11,0.15,1,1),(1917,225,1,0.15,1,2),(1918,225,3,0.2,1,1),(1919,225,15,0.12,1,1),(1920,225,11,0.15,1,1),(1921,226,1,0.15,1,2),(1922,226,3,0.2,1,1),(1923,226,15,0.12,1,1),(1924,226,11,0.15,1,1),(1925,227,1,0.15,1,2),(1926,227,3,0.2,1,1),(1927,227,15,0.12,1,1),(1928,227,11,0.15,1,1),(1929,228,1,0.15,1,2),(1930,228,3,0.2,1,1),(1931,228,15,0.12,1,1),(1932,228,11,0.15,1,1),(1933,229,1,0.15,1,2),(1934,229,3,0.2,1,1),(1935,229,15,0.12,1,1),(1936,229,2,0.35,1,2),(1937,230,1,0.15,1,2),(1938,230,3,0.2,1,1),(1939,230,15,0.12,1,1),(1940,230,2,0.35,1,2),(1941,231,1,0.25,1,1),(1942,231,3,0.2,1,1),(1943,231,14,0.15,1,1),(1944,231,8,0.25,1,1),(1945,232,1,0.15,1,2),(1946,232,3,0.2,1,1),(1947,232,16,0.1,1,1),(1948,232,11,0.15,1,1),(1949,232,21,0.08,1,1),(1950,232,25,0.03,1,1),(1951,232,27,0.04,1,1),(1952,232,18,0.03,1,1),(1953,233,1,0.15,1,2),(1954,233,3,0.2,1,1),(1955,233,16,0.1,1,1),(1956,233,11,0.15,1,1),(1957,233,21,0.08,1,1),(1958,233,25,0.03,1,1),(1959,233,27,0.04,1,1),(1960,233,18,0.03,1,1),(1961,234,1,0.15,1,2),(1962,234,3,0.2,1,1),(1963,234,16,0.1,1,1),(1964,234,11,0.15,1,1),(1965,234,21,0.08,1,1),(1966,234,25,0.03,1,1),(1967,234,27,0.04,1,1),(1968,234,18,0.03,1,1),(1969,235,1,0.15,1,2),(1970,235,3,0.2,1,1),(1971,235,16,0.1,1,1),(1972,235,11,0.15,1,1),(1973,235,21,0.08,1,1),(1974,235,25,0.03,1,1),(1975,235,27,0.04,1,1),(1976,235,18,0.03,1,1),(1977,236,1,0.15,1,2),(1978,236,3,0.2,1,1),(1979,236,15,0.12,1,1),(1980,236,2,0.35,1,2),(1981,237,1,0.15,1,2),(1982,237,3,0.2,1,1),(1983,237,16,0.1,1,1),(1984,237,5,0.25,1,1),(1985,237,25,0.03,1,1),(1986,237,27,0.04,1,1),(1987,237,18,0.03,1,1),(1988,238,1,0.15,1,2),(1989,238,3,0.2,1,1),(1990,238,15,0.12,1,1),(1991,238,5,0.25,1,1),(1992,239,1,0.15,1,2),(1993,239,3,0.2,1,1),(1994,239,16,0.1,1,1),(1995,239,5,0.25,1,1),(1996,239,25,0.03,1,1),(1997,239,27,0.04,1,1),(1998,239,18,0.03,1,1),(1999,240,1,0.15,1,2),(2000,240,3,0.2,1,1),(2001,240,16,0.1,1,1),(2002,240,7,0.2,1,1),(2003,240,25,0.03,1,1),(2004,240,27,0.04,1,1),(2005,240,18,0.03,1,1),(2006,241,1,0.15,1,2),(2007,241,3,0.2,1,1),(2008,241,16,0.1,1,1),(2009,241,2,0.35,1,2),(2010,241,25,0.03,1,1),(2011,241,27,0.04,1,1),(2012,241,18,0.03,1,1),(2013,242,1,0.15,1,2),(2014,242,3,0.2,1,1),(2015,242,16,0.1,1,1),(2016,242,5,0.25,1,1),(2017,242,25,0.03,1,1),(2018,242,27,0.04,1,1),(2019,242,18,0.03,1,1),(2020,243,1,0.15,1,2),(2021,243,3,0.2,1,1),(2022,243,15,0.12,1,1),(2023,243,5,0.2,1,1),(2024,244,1,0.15,1,2),(2025,244,3,0.2,1,1),(2026,244,15,0.12,1,1),(2027,244,5,0.25,1,1),(2028,245,1,0.15,1,2),(2029,245,3,0.2,1,1),(2030,245,15,0.12,1,1),(2031,245,5,0.2,1,1),(2032,246,1,0.15,1,2),(2033,246,3,0.2,1,1),(2034,246,16,0.1,1,1),(2035,246,11,0.15,1,1),(2036,246,21,0.08,1,1),(2037,246,25,0.03,1,1),(2038,246,27,0.04,1,1),(2039,246,18,0.03,1,1),(2040,247,1,0.15,1,2),(2041,247,3,0.2,1,1),(2042,247,15,0.12,1,1),(2043,247,11,0.15,1,1),(2044,248,1,0.15,1,2),(2045,248,3,0.2,1,1),(2046,248,15,0.12,1,1),(2047,248,11,0.15,1,1),(2048,249,1,0.15,1,2),(2049,249,3,0.2,1,1),(2050,249,15,0.12,1,1),(2051,249,11,0.15,1,1),(2052,250,1,0.15,1,2),(2053,250,3,0.2,1,1),(2054,250,15,0.12,1,1),(2055,250,5,0.2,1,1),(2056,251,1,0.15,1,2),(2057,251,3,0.2,1,1),(2058,251,15,0.12,1,1),(2059,251,11,0.15,1,1),(2060,252,1,0.15,1,2),(2061,252,3,0.2,1,1),(2062,252,15,0.12,1,1),(2063,252,8,0.25,1,1),(2064,253,1,0.15,1,2),(2065,253,3,0.2,1,1),(2066,253,15,0.12,1,1),(2067,253,8,0.25,1,1),(2068,254,1,0.25,1,1),(2069,254,3,0.2,1,1),(2070,254,14,0.15,1,1),(2071,254,8,0.25,1,1),(2072,255,1,0.15,1,2),(2073,255,3,0.2,1,1),(2074,255,15,0.12,1,1),(2075,255,8,0.25,1,1),(2076,256,1,0.15,1,2),(2077,256,3,0.2,1,1),(2078,256,15,0.12,1,1),(2079,256,8,0.25,1,1),(2080,257,1,0.25,1,1),(2081,257,3,0.2,1,1),(2082,257,14,0.15,1,1),(2083,257,8,0.25,1,1),(2084,258,1,0.25,1,1),(2085,258,3,0.2,1,1),(2086,258,14,0.15,1,1),(2087,258,8,0.25,1,1),(2088,259,1,0.15,1,2),(2089,259,3,0.2,1,1),(2090,259,15,0.12,1,1),(2091,259,8,0.25,1,1),(2092,260,1,0.25,1,1),(2093,260,3,0.2,1,1),(2094,260,14,0.15,1,1),(2095,260,8,0.25,1,1),(2096,261,1,0.25,1,1),(2097,261,3,0.2,1,1),(2098,261,14,0.15,1,1),(2099,261,8,0.25,1,1),(2100,262,1,0.15,1,2),(2101,262,3,0.2,1,1),(2102,262,15,0.12,1,1),(2103,262,2,0.35,1,2),(2104,263,1,0.15,1,2),(2105,263,3,0.2,1,1),(2106,263,15,0.12,1,1),(2107,263,2,0.35,1,2),(2108,264,1,0.25,1,1),(2109,264,3,0.2,1,1),(2110,264,14,0.15,1,1),(2111,264,10,0.2,1,1),(2112,265,1,0.15,1,2),(2113,265,3,0.2,1,1),(2114,265,15,0.12,1,1),(2115,265,5,0.25,1,1),(2116,266,1,0.15,1,2),(2117,266,3,0.2,1,1),(2118,266,15,0.12,1,1),(2119,266,6,0.3,1,1),(2120,266,5,0.2,1,1),(2121,267,1,0.15,1,2),(2122,267,3,0.2,1,1),(2123,267,15,0.12,1,1),(2124,267,5,0.25,1,1),(2125,268,1,0.15,1,2),(2126,268,3,0.2,1,1),(2127,268,16,0.1,1,1),(2128,268,5,0.25,1,1),(2129,268,25,0.03,1,1),(2130,268,27,0.04,1,1),(2131,268,18,0.03,1,1),(2132,269,1,0.15,1,2),(2133,269,3,0.2,1,1),(2134,269,16,0.1,1,1),(2135,269,5,0.25,1,1),(2136,269,25,0.03,1,1),(2137,269,27,0.04,1,1),(2138,269,18,0.03,1,1),(2139,270,1,0.15,1,2),(2140,270,3,0.2,1,1),(2141,270,16,0.1,1,1),(2142,270,5,0.25,1,1),(2143,270,25,0.03,1,1),(2144,270,27,0.04,1,1),(2145,270,18,0.03,1,1),(2146,271,1,0.15,1,2),(2147,271,3,0.2,1,1),(2148,271,16,0.1,1,1),(2149,271,2,0.35,1,2),(2150,271,25,0.03,1,1),(2151,271,27,0.04,1,1),(2152,271,18,0.03,1,1),(2153,272,1,0.15,1,2),(2154,272,3,0.2,1,1),(2155,272,15,0.12,1,1),(2156,272,10,0.2,1,1),(2157,273,1,0.15,1,2),(2158,273,3,0.2,1,1),(2159,273,16,0.1,1,1),(2160,273,11,0.15,1,1),(2161,273,21,0.08,1,1),(2162,273,25,0.03,1,1),(2163,273,27,0.04,1,1),(2164,273,18,0.03,1,1),(2165,274,1,0.15,1,2),(2166,274,3,0.2,1,1),(2167,274,15,0.12,1,1),(2168,274,11,0.15,1,1),(2169,275,1,0.15,1,2),(2170,275,3,0.2,1,1),(2171,275,15,0.12,1,1),(2172,275,11,0.15,1,1),(2173,276,1,0.15,1,2),(2174,276,3,0.2,1,1),(2175,276,15,0.12,1,1),(2176,276,8,0.25,1,1),(2177,277,1,0.15,1,2),(2178,277,3,0.2,1,1),(2179,277,15,0.12,1,1),(2180,277,8,0.25,1,1),(2181,278,1,0.15,1,2),(2182,278,3,0.2,1,1),(2183,278,15,0.12,1,1),(2184,278,8,0.25,1,1),(2185,279,1,0.15,1,2),(2186,279,3,0.2,1,1),(2187,279,15,0.12,1,1),(2188,279,2,0.35,1,2),(2189,280,1,0.15,1,2),(2190,280,3,0.2,1,1),(2191,280,15,0.12,1,1),(2192,280,5,0.2,1,1),(2193,281,1,0.25,1,1),(2194,281,3,0.2,1,1),(2195,281,14,0.15,1,1),(2196,281,11,0.15,1,1),(2197,17,23,0.03,1,1),(2198,18,23,0.03,1,1),(2199,33,23,0.03,1,1),(2200,34,23,0.03,1,1),(2201,41,23,0.03,1,1),(2202,53,23,0.03,1,1),(2203,58,23,0.03,1,1),(2204,60,23,0.03,1,1),(2205,61,23,0.03,1,1),(2206,63,23,0.03,1,1),(2207,66,23,0.03,1,1),(2208,67,23,0.03,1,1),(2209,68,23,0.03,1,1),(2210,69,23,0.03,1,1),(2211,71,23,0.03,1,1),(2212,72,23,0.03,1,1),(2213,79,23,0.03,1,1),(2214,87,23,0.03,1,1),(2215,95,23,0.03,1,1),(2216,101,23,0.03,1,1),(2217,106,23,0.03,1,1),(2218,108,23,0.03,1,1),(2219,129,23,0.03,1,1),(2220,131,23,0.03,1,1),(2281,17,24,0.03,1,1),(2282,18,24,0.03,1,1),(2283,33,24,0.03,1,1),(2284,34,24,0.03,1,1),(2285,41,24,0.03,1,1),(2286,53,24,0.03,1,1),(2287,58,24,0.03,1,1),(2288,60,24,0.03,1,1),(2289,61,24,0.03,1,1),(2290,63,24,0.03,1,1),(2291,66,24,0.03,1,1),(2292,67,24,0.03,1,1),(2293,68,24,0.03,1,1),(2294,69,24,0.03,1,1),(2295,71,24,0.03,1,1),(2296,72,24,0.03,1,1),(2297,79,24,0.03,1,1),(2298,87,24,0.03,1,1),(2299,95,24,0.03,1,1),(2300,101,24,0.03,1,1),(2301,106,24,0.03,1,1),(2302,108,24,0.03,1,1),(2303,129,24,0.03,1,1),(2304,131,24,0.03,1,1),(2305,17,26,0.02,1,1),(2306,34,26,0.02,1,1),(2307,41,26,0.02,1,1),(2308,53,26,0.02,1,1),(2309,58,26,0.02,1,1),(2310,61,26,0.02,1,1),(2311,63,26,0.02,1,1),(2312,66,26,0.02,1,1),(2313,67,26,0.02,1,1),(2314,68,26,0.02,1,1),(2315,69,26,0.02,1,1),(2316,71,26,0.02,1,1),(2317,72,26,0.02,1,1),(2318,129,26,0.02,1,1),(2319,131,26,0.02,1,1),(2356,9,28,0.05,1,1),(2357,17,28,0.05,1,1),(2358,18,28,0.05,1,1),(2359,19,28,0.05,1,1),(2360,32,28,0.05,1,1),(2361,33,28,0.05,1,1),(2362,34,28,0.05,1,1),(2363,41,28,0.05,1,1),(2364,51,28,0.05,1,1),(2365,52,28,0.05,1,1),(2366,53,28,0.05,1,1),(2367,58,28,0.05,1,1),(2368,59,28,0.05,1,1),(2369,60,28,0.05,1,1),(2370,61,28,0.05,1,1),(2371,63,28,0.05,1,1),(2372,66,28,0.05,1,1),(2373,67,28,0.05,1,1),(2374,68,28,0.05,1,1),(2375,69,28,0.05,1,1),(2376,71,28,0.05,1,1),(2377,72,28,0.05,1,1),(2378,78,28,0.05,1,1),(2379,79,28,0.05,1,1),(2380,87,28,0.05,1,1),(2381,88,28,0.05,1,1),(2382,95,28,0.05,1,1),(2383,101,28,0.05,1,1),(2384,105,28,0.05,1,1),(2385,106,28,0.05,1,1),(2386,107,28,0.05,1,1),(2387,108,28,0.05,1,1),(2388,111,28,0.05,1,1),(2389,120,28,0.05,1,1),(2390,129,28,0.05,1,1),(2391,131,28,0.05,1,1);
/*!40000 ALTER TABLE `monster_drops` ENABLE KEYS */;
UNLOCK TABLES;

--
-- Table structure for table `monster_skill_map`
--

DROP TABLE IF EXISTS `monster_skill_map`;
/*!40101 SET @saved_cs_client     = @@character_set_client */;
/*!50503 SET character_set_client = utf8mb4 */;
CREATE TABLE `monster_skill_map` (
  `id` int NOT NULL AUTO_INCREMENT,
  `monster_id` int NOT NULL,
  `skill_id` int NOT NULL,
  PRIMARY KEY (`id`),
  UNIQUE KEY `unique_monster_skill` (`monster_id`,`skill_id`),
  KEY `skill_id` (`skill_id`),
  CONSTRAINT `monster_skill_map_ibfk_1` FOREIGN KEY (`monster_id`) REFERENCES `monsters` (`id`) ON DELETE CASCADE,
  CONSTRAINT `monster_skill_map_ibfk_2` FOREIGN KEY (`skill_id`) REFERENCES `monster_skills` (`id`) ON DELETE CASCADE
) ENGINE=InnoDB AUTO_INCREMENT=33583 DEFAULT CHARSET=utf8mb4 COLLATE=utf8mb4_0900_ai_ci;
/*!40101 SET character_set_client = @saved_cs_client */;

--
-- Dumping data for table `monster_skill_map`
--

LOCK TABLES `monster_skill_map` WRITE;
/*!40000 ALTER TABLE `monster_skill_map` DISABLE KEYS */;
INSERT INTO `monster_skill_map` VALUES (2826,1,1),(27,1,3),(24,1,7),(25,1,17),(26,1,20),(2828,2,1),(2829,2,3),(28,2,4),(30,2,12),(31,2,13),(29,2,15),(2856,3,1),(2855,3,2),(32,3,8),(42,3,12),(33,3,13),(34,3,15),(2803,4,1),(2804,4,3),(14,4,4),(17,4,12),(16,4,15),(15,4,18),(43,5,4),(44,5,5),(45,5,6),(2805,5,8),(47,5,12),(2806,5,13),(46,5,18),(2807,6,1),(2808,6,2),(49,6,3),(50,6,12),(48,6,15),(51,7,4),(54,7,6),(2809,7,7),(52,7,11),(53,7,12),(2810,7,17),(59,8,4),(2814,8,7),(2815,8,10),(60,8,19),(2813,8,20),(62,9,1),(61,9,4),(2817,9,6),(2816,9,7),(2818,9,11),(2819,9,12),(63,9,15),(64,10,1),(65,10,3),(11,11,7),(10,11,10),(2843,11,15),(9,11,20),(2858,12,1),(2857,12,2),(12,12,17),(13,12,20),(2831,13,1),(2832,13,3),(67,13,7),(2833,13,12),(66,13,20),(2834,14,1),(2835,14,3),(69,14,7),(2836,14,12),(70,14,17),(68,14,20),(2837,15,1),(2838,15,3),(1,15,7),(2839,15,12),(2,15,17),(2862,16,1),(2861,16,2),(71,16,7),(74,16,15),(72,16,17),(73,16,20),(2844,17,3),(2845,17,12),(2846,17,15),(75,17,20),(2840,18,1),(2841,18,3),(76,18,6),(79,18,7),(80,18,11),(78,18,12),(77,18,15),(423,19,3),(2853,19,7),(424,19,15),(2820,20,1),(2821,20,2),(81,20,3),(82,20,15),(2823,21,2),(84,21,3),(2822,21,9),(83,21,20),(2863,22,2),(86,22,3),(85,22,7),(87,22,12),(2860,23,1),(2859,23,2),(90,23,8),(88,23,11),(89,23,13),(18,24,4),(19,24,5),(20,24,6),(2868,24,9),(2867,24,10),(22,24,11),(23,24,12),(21,24,18),(92,25,6),(91,25,10),(93,25,13),(2824,25,15),(2871,26,2),(2870,26,9),(94,26,10),(95,26,13),(2865,27,2),(2866,27,3),(96,27,5),(97,27,10),(98,27,19),(2873,28,1),(2874,28,3),(99,28,19),(100,28,20),(2875,29,1),(3,29,3),(4,29,12),(5,29,15),(2877,30,1),(2878,30,3),(102,30,5),(103,30,8),(104,30,11),(101,30,13),(110,31,4),(109,31,6),(2879,31,7),(113,31,11),(112,31,12),(2880,31,17),(111,31,18),(2885,32,3),(119,32,4),(120,32,6),(2884,32,7),(121,32,12),(2883,32,17),(122,32,19),(2887,33,3),(129,33,6),(128,33,10),(127,33,11),(2888,33,12),(2886,33,15),(134,34,3),(133,34,4),(2890,34,6),(2889,34,7),(2892,34,11),(2891,34,20),(135,35,7),(136,35,17),(2895,35,19),(139,36,3),(140,36,8),(2894,36,9),(138,36,12),(137,36,15),(2893,36,20),(141,37,3),(2896,37,7),(142,37,15),(143,37,20),(146,38,1),(144,38,2),(2900,38,7),(2899,38,10),(145,38,18),(2898,38,20),(2904,39,3),(2905,39,12),(147,39,13),(2906,39,15),(148,40,2),(149,40,3),(2907,40,17),(150,40,20),(2911,41,4),(155,41,7),(2914,41,12),(2913,41,15),(156,41,17),(2912,41,18),(154,41,20),(159,42,7),(157,42,9),(2882,42,17),(158,42,20),(2897,43,7),(160,43,17),(161,43,20),(166,44,6),(2919,44,7),(165,44,10),(164,44,11),(167,44,13),(2920,44,20),(2922,45,5),(2921,45,10),(168,45,15),(169,46,1),(2923,46,4),(2924,46,9),(171,47,6),(170,47,7),(173,47,8),(174,47,11),(175,47,12),(2926,47,15),(2925,47,19),(172,47,20),(2927,48,8),(178,48,12),(177,48,13),(176,48,15),(2929,49,6),(179,49,15),(2930,49,19),(180,50,2),(2931,50,5),(183,50,12),(2932,50,13),(182,50,15),(181,50,18),(187,51,4),(2933,51,6),(184,51,7),(2934,51,11),(185,51,17),(186,51,20),(2935,52,7),(2936,52,17),(188,52,20),(190,53,3),(2937,53,6),(189,53,7),(2938,53,8),(2939,53,11),(2940,53,12),(191,53,20),(193,54,3),(194,54,4),(192,54,7),(195,55,1),(2944,55,7),(196,55,17),(2942,55,20),(197,56,2),(2947,56,3),(198,56,4),(2946,56,7),(200,56,8),(201,56,12),(202,56,17),(199,56,18),(2945,56,20),(204,57,1),(203,57,2),(2948,57,4),(205,57,9),(2950,57,15),(206,58,2),(2951,58,4),(209,58,7),(2952,58,8),(2953,58,12),(208,58,17),(2954,58,18),(207,58,20),(212,59,1),(2955,59,7),(2957,59,12),(2956,59,15),(211,59,17),(210,59,20),(214,60,2),(213,60,3),(2958,60,6),(2959,60,11),(216,60,12),(215,60,15),(2960,60,20),(218,61,3),(2962,61,6),(2961,61,7),(2963,61,8),(2964,61,11),(219,61,12),(217,61,15),(2965,61,20),(222,62,3),(221,62,13),(220,62,15),(224,63,3),(226,63,4),(2969,63,6),(2970,63,7),(227,63,11),(225,63,12),(223,63,15),(2972,63,20),(2975,64,1),(228,64,3),(231,64,4),(230,64,12),(229,64,15),(2976,65,3),(232,65,4),(234,65,7),(2977,65,15),(235,65,17),(233,65,20),(237,66,3),(2978,66,4),(2981,66,8),(2980,66,12),(2979,66,18),(236,66,20),(239,67,3),(2982,67,5),(240,67,12),(2985,67,13),(238,67,15),(2983,67,18),(241,68,1),(2987,68,4),(2986,68,7),(2990,68,12),(242,68,17),(2988,68,18),(2989,68,20),(244,69,3),(2991,69,4),(2992,69,5),(2993,69,6),(2995,69,11),(246,69,12),(243,69,15),(2994,69,18),(245,69,19),(247,70,3),(3003,70,4),(248,70,15),(249,70,19),(3006,71,1),(3005,71,2),(250,71,10),(3007,71,18),(3010,72,4),(3009,72,6),(251,72,10),(3012,72,12),(3011,72,18),(252,73,5),(3013,73,13),(3014,73,15),(254,73,17),(253,73,20),(255,74,2),(3016,74,8),(3015,74,13),(3017,74,15),(257,74,17),(256,74,20),(3018,75,2),(259,75,5),(258,75,10),(3021,76,6),(3019,76,8),(260,76,13),(261,77,3),(3023,77,10),(3022,77,11),(262,77,15),(3025,78,3),(263,78,8),(266,78,12),(3026,78,15),(264,78,17),(265,78,20),(3028,79,4),(268,79,7),(3029,79,11),(3030,79,12),(267,79,20),(3031,80,1),(3032,80,2),(270,80,7),(271,80,9),(272,80,17),(269,80,20),(274,81,7),(3033,81,9),(273,81,20),(3034,82,2),(3035,82,3),(276,82,17),(275,82,20),(278,83,3),(277,83,8),(279,83,12),(3037,83,13),(280,83,15),(281,83,17),(3038,84,1),(3039,84,2),(282,84,7),(284,84,17),(285,84,19),(283,84,20),(286,85,5),(287,85,6),(3040,85,9),(289,85,11),(290,85,12),(288,85,18),(292,86,4),(291,86,6),(3042,86,9),(295,86,11),(294,86,12),(293,86,18),(3041,86,20),(296,87,4),(297,87,6),(3043,87,8),(3044,87,11),(298,87,12),(3045,87,13),(299,87,19),(300,88,3),(303,88,6),(3047,88,9),(3048,88,10),(302,88,12),(301,88,15),(3049,88,20),(305,89,5),(306,89,8),(307,89,11),(304,89,13),(3051,89,15),(3053,90,2),(3052,90,3),(312,90,6),(308,90,7),(310,90,12),(311,90,17),(309,90,20),(313,91,3),(3054,91,7),(3056,91,19),(3055,91,20),(314,92,1),(3059,92,3),(3058,92,12),(3057,92,15),(315,92,20),(316,93,1),(3062,93,3),(3060,93,12),(3061,93,15),(318,93,17),(317,93,20),(320,94,3),(3063,94,7),(3065,94,10),(321,94,12),(319,94,15),(3064,94,20),(323,95,3),(322,95,4),(3066,95,6),(324,95,7),(3069,95,19),(3068,95,20),(3071,96,3),(326,96,7),(3072,96,12),(3070,96,15),(325,96,20),(3073,97,3),(327,97,4),(329,97,7),(328,97,15),(330,98,3),(3074,98,4),(332,98,12),(331,98,15),(334,99,3),(333,99,4),(3076,99,8),(3077,99,13),(335,99,19),(3080,100,3),(3079,100,12),(3078,100,15),(336,100,20),(337,101,1),(3084,101,4),(3081,101,8),(3085,101,11),(339,101,12),(338,101,15),(340,101,17),(3087,102,5),(342,102,7),(341,102,8),(3086,102,10),(345,102,11),(343,102,12),(344,102,20),(346,103,3),(349,103,4),(350,103,6),(348,103,12),(347,103,15),(354,104,2),(351,104,3),(353,104,12),(352,104,18),(356,105,3),(3091,105,7),(357,105,12),(355,105,15),(3092,105,17),(3093,105,20),(3099,106,4),(132,106,6),(131,106,10),(130,106,11),(3101,106,12),(3102,106,13),(3100,106,15),(3107,107,8),(360,107,12),(358,107,13),(359,107,15),(3114,108,2),(3115,108,3),(3113,108,4),(363,108,6),(364,108,10),(361,108,11),(362,108,13),(3116,108,18),(3119,109,3),(115,109,4),(114,109,6),(118,109,11),(117,109,12),(3117,109,15),(116,109,18),(366,110,1),(365,110,2),(3121,110,7),(368,110,9),(369,110,12),(367,110,18),(3120,110,20),(371,111,6),(370,111,7),(372,111,8),(374,111,11),(373,111,12),(3124,111,15),(3127,112,1),(151,112,2),(152,112,3),(3128,112,12),(153,112,20),(3129,113,1),(420,113,15),(419,113,19),(3130,114,1),(378,114,3),(375,114,7),(376,114,17),(377,114,20),(382,115,4),(380,115,7),(383,115,12),(381,115,17),(379,115,20),(387,116,1),(3132,116,2),(384,116,3),(3133,116,9),(386,116,12),(385,116,15),(389,117,3),(390,117,12),(3134,117,13),(388,117,15),(391,118,2),(394,118,7),(3135,118,8),(3138,118,10),(3137,118,12),(3136,118,15),(393,118,17),(392,118,20),(395,119,2),(396,119,9),(397,119,20),(399,120,7),(3140,120,8),(3139,120,9),(3142,120,12),(400,120,17),(398,120,20),(401,121,1),(3143,121,4),(402,121,15),(404,122,7),(406,122,9),(3145,122,13),(405,122,17),(403,122,20),(407,123,1),(3148,123,12),(3147,123,15),(408,123,17),(3150,124,3),(410,124,7),(3151,124,13),(409,124,20),(3152,125,1),(3153,125,15),(162,125,17),(163,125,20),(3155,126,2),(412,126,3),(411,126,15),(3156,127,10),(414,127,17),(3157,127,19),(413,127,20),(3158,128,1),(417,128,3),(415,128,7),(418,128,17),(416,128,20),(3161,129,8),(3163,129,12),(3162,129,17),(3160,129,18),(425,129,20),(3164,130,10),(3165,130,15),(426,130,20),(427,131,4),(3166,131,5),(3168,131,8),(3169,131,12),(3167,131,18),(428,131,19),(429,132,2),(430,132,3),(3095,132,7),(3096,132,17),(3097,132,20),(3103,133,4),(431,133,5),(3105,133,12),(3106,133,13),(3104,133,15),(434,134,8),(432,134,12),(3111,134,13),(433,134,15),(2915,135,4),(437,135,12),(436,135,15),(2916,135,18),(435,135,19),(3186,136,4),(3187,136,5),(3188,136,6),(438,136,10),(3190,136,12),(439,136,15),(3189,136,18),(440,136,19),(3192,137,3),(55,137,4),(58,137,6),(56,137,11),(57,137,12),(3191,137,15),(123,138,4),(124,138,6),(3195,138,11),(125,138,12),(126,138,19),(3202,139,4),(106,139,5),(107,139,8),(108,139,11),(105,139,13),(3203,139,19),(3205,140,1),(6,140,3),(3204,140,4),(7,140,12),(8,140,15),(3207,141,1),(3208,141,3),(422,141,5),(421,141,13),(457,142,7),(2902,142,10),(461,142,11),(460,142,12),(459,142,17),(458,142,20),(462,143,4),(463,143,9),(2909,143,17),(464,143,20),(466,144,7),(467,144,9),(465,144,20),(442,145,3),(3212,145,7),(444,145,8),(443,145,12),(441,145,15),(3213,145,17),(3211,145,20),(446,146,7),(447,146,17),(445,146,20),(3214,147,7),(449,147,10),(3217,147,15),(3215,147,17),(448,147,20),(450,148,3),(451,148,9),(452,148,19),(3218,148,20),(453,149,1),(454,149,3),(3219,149,6),(3222,149,7),(3223,149,11),(3221,149,12),(3220,149,15),(456,150,2),(3568,150,3),(3569,150,15),(455,150,20),(3224,151,3),(3225,151,15),(3227,152,3),(3226,152,20),(3229,153,3),(3228,153,7),(3230,153,12),(3233,154,8),(3231,154,11),(3232,154,13),(2997,155,4),(2998,155,5),(2999,155,6),(3001,155,11),(3002,155,12),(3000,155,18),(3235,156,6),(3234,156,10),(3236,156,13),(3237,157,10),(3238,157,13),(3239,158,5),(3240,158,10),(3241,158,19),(3242,159,19),(3243,159,20),(2847,160,3),(2848,160,12),(2849,160,15),(3245,161,5),(3246,161,8),(3247,161,11),(3244,161,13),(3253,162,4),(3252,162,6),(3256,162,11),(3255,162,12),(3254,162,18),(3262,163,4),(3263,163,6),(3264,163,12),(3265,163,19),(3272,164,6),(3271,164,10),(3270,164,11),(3277,165,3),(3276,165,4),(3278,166,7),(3279,166,17),(3282,167,3),(3283,167,8),(3281,167,12),(3280,167,15),(3284,168,3),(3285,168,15),(3286,168,20),(3289,169,1),(3287,169,2),(3288,169,18),(3290,170,13),(3291,171,2),(3292,171,3),(3293,171,20),(3298,172,7),(3299,172,17),(3297,172,20),(3302,173,7),(3300,173,9),(3301,173,20),(3303,174,17),(3304,174,20),(3309,175,6),(3308,175,10),(3307,175,11),(3310,175,13),(3311,176,15),(3312,177,1),(3314,178,6),(3313,178,7),(3316,178,8),(3317,178,11),(3318,178,12),(3315,178,20),(3321,179,12),(3320,179,13),(3319,179,15),(3322,180,15),(3323,181,2),(3326,181,12),(3325,181,15),(3324,181,18),(3332,182,4),(3329,182,7),(3330,182,17),(3331,182,20),(3333,183,20),(3335,184,3),(3334,184,7),(3336,184,20),(3338,185,3),(3339,185,4),(3337,185,7),(3340,186,1),(3341,186,17),(3342,187,2),(3343,187,4),(3345,187,8),(3346,187,12),(3347,187,17),(3344,187,18),(3349,188,1),(3348,188,2),(3350,188,9),(3351,189,2),(3354,189,7),(3353,189,17),(3352,189,20),(3357,190,1),(3356,190,17),(3355,190,20),(3359,191,2),(3358,191,3),(3361,191,12),(3360,191,15),(3363,192,3),(3364,192,12),(3362,192,15),(3367,193,3),(3366,193,13),(3365,193,15),(3369,194,3),(3371,194,4),(3372,194,11),(3370,194,12),(3368,194,15),(3373,195,3),(3376,195,4),(3375,195,12),(3374,195,15),(3377,196,4),(3379,196,7),(3380,196,17),(3378,196,20),(3382,197,3),(3381,197,20),(3384,198,3),(3385,198,12),(3383,198,15),(3386,199,1),(3387,199,17),(3389,200,3),(3391,200,12),(3388,200,15),(3390,200,19),(3392,201,3),(3393,201,15),(3394,201,19),(3395,202,10),(3396,203,10),(3397,204,5),(3399,204,17),(3398,204,20),(3400,205,2),(3402,205,17),(3401,205,20),(3404,206,5),(3403,206,10),(3405,207,13),(3406,208,3),(3407,208,15),(3408,209,8),(3411,209,12),(3409,209,17),(3410,209,20),(3413,210,7),(3412,210,20),(3415,211,7),(3416,211,9),(3417,211,17),(3414,211,20),(3419,212,7),(3418,212,20),(3421,213,17),(3420,213,20),(3423,214,3),(3422,214,8),(3424,214,12),(3425,214,15),(3426,214,17),(3427,215,7),(3429,215,17),(3430,215,19),(3428,215,20),(3431,216,5),(3432,216,6),(3434,216,11),(3435,216,12),(3433,216,18),(3437,217,4),(3436,217,6),(3440,217,11),(3439,217,12),(3438,217,18),(3441,218,4),(3442,218,6),(3443,218,12),(3444,218,19),(3445,219,3),(3448,219,6),(3447,219,12),(3446,219,15),(3450,220,5),(3451,220,8),(3452,220,11),(3449,220,13),(3457,221,6),(3453,221,7),(3455,221,12),(3456,221,17),(3454,221,20),(3458,222,3),(3459,223,1),(3460,223,20),(3461,224,1),(3463,224,17),(3462,224,20),(3465,225,3),(3466,225,12),(3464,225,15),(3468,226,3),(3467,226,4),(3469,226,7),(3471,227,7),(3470,227,20),(3472,228,4),(3474,228,7),(3473,228,15),(3475,229,3),(3477,229,12),(3476,229,15),(3479,230,3),(3478,230,4),(3480,230,19),(3481,231,20),(3482,232,1),(3484,232,12),(3483,232,15),(3485,232,17),(3487,233,7),(3486,233,8),(3490,233,11),(3488,233,12),(3489,233,20),(3491,234,3),(3494,234,4),(3495,234,6),(3493,234,12),(3492,234,15),(3499,235,2),(3496,235,3),(3498,235,12),(3497,235,18),(3501,236,3),(3502,236,12),(3500,236,15),(3275,237,6),(3274,237,10),(3273,237,11),(3505,238,12),(3503,238,13),(3504,238,15),(3508,239,6),(3509,239,10),(3506,239,11),(3507,239,13),(3258,240,4),(3257,240,6),(3261,240,11),(3260,240,12),(3259,240,18),(3511,241,1),(3510,241,2),(3513,241,9),(3514,241,12),(3512,241,18),(3516,242,6),(3515,242,7),(3517,242,8),(3519,242,11),(3518,242,12),(3294,243,2),(3295,243,3),(3296,243,20),(3565,244,15),(3564,244,19),(3523,245,3),(3520,245,7),(3521,245,17),(3522,245,20),(3527,246,4),(3525,246,7),(3528,246,12),(3526,246,17),(3524,246,20),(3532,247,1),(3529,247,3),(3531,247,12),(3530,247,15),(3534,248,3),(3535,248,12),(3533,248,15),(3536,249,2),(3539,249,7),(3538,249,17),(3537,249,20),(3540,250,2),(3541,250,9),(3542,250,20),(3544,251,7),(3545,251,17),(3543,251,20),(3546,252,1),(3547,252,15),(3549,253,7),(3551,253,9),(3550,253,17),(3548,253,20),(3552,254,1),(3553,254,17),(3555,255,7),(3554,255,20),(3305,256,17),(3306,256,20),(3557,257,3),(3556,257,15),(3559,258,17),(3558,258,20),(3562,259,3),(3560,259,7),(3563,259,17),(3561,259,20),(3570,260,20),(3571,261,20),(3572,262,4),(3573,262,19),(3574,263,2),(3575,263,3),(3576,264,5),(3579,265,8),(3577,265,12),(3578,265,15),(3582,266,12),(3581,266,15),(3580,266,19),(3583,267,10),(3584,267,15),(3585,267,19),(3198,268,4),(3201,268,6),(3199,268,11),(3200,268,12),(3266,269,4),(3267,269,6),(3268,269,12),(3269,269,19),(3249,270,5),(3250,270,8),(3251,270,11),(3248,270,13),(2850,271,3),(2851,271,12),(2852,271,15),(3567,272,5),(3566,272,13),(3602,273,7),(3606,273,11),(3605,273,12),(3604,273,17),(3603,273,20),(3607,274,4),(3608,274,9),(3609,274,20),(3611,275,7),(3612,275,9),(3610,275,20),(3587,276,3),(3589,276,8),(3588,276,12),(3586,276,15),(3591,277,7),(3592,277,17),(3590,277,20),(3594,278,10),(3593,278,20),(3595,279,3),(3596,279,9),(3597,279,19),(3598,280,1),(3599,280,3),(3601,281,2),(3600,281,20);
/*!40000 ALTER TABLE `monster_skill_map` ENABLE KEYS */;
UNLOCK TABLES;

--
-- Table structure for table `monster_skills`
--

DROP TABLE IF EXISTS `monster_skills`;
/*!40101 SET @saved_cs_client     = @@character_set_client */;
/*!50503 SET character_set_client = utf8mb4 */;
CREATE TABLE `monster_skills` (
  `id` int NOT NULL AUTO_INCREMENT,
  `name` varchar(50) NOT NULL,
  `type` enum('attack','heal','buff','debuff','aoe') NOT NULL,
  `damage_multiplier` float DEFAULT '1',
  `heal_amount` int DEFAULT '0',
  `buff_stat` varchar(20) DEFAULT NULL,
  `buff_value` int DEFAULT '0',
  `mp_cost` int DEFAULT '0',
  `cooldown` int DEFAULT '0',
  `range_val` int DEFAULT '1',
  `pattern` varchar(20) DEFAULT 'diamond',
  `description` varchar(200) DEFAULT NULL,
  `icon` varchar(10) DEFAULT '✨',
  PRIMARY KEY (`id`)
) ENGINE=InnoDB AUTO_INCREMENT=21 DEFAULT CHARSET=utf8mb4 COLLATE=utf8mb4_0900_ai_ci;
/*!40101 SET character_set_client = @saved_cs_client */;

--
-- Dumping data for table `monster_skills`
--

LOCK TABLES `monster_skills` WRITE;
/*!40000 ALTER TABLE `monster_skills` DISABLE KEYS */;
INSERT INTO `monster_skills` VALUES (1,'물기','attack',1.3,0,NULL,0,0,0,1,'diamond','날카로운 이빨로 물어뜯는다.','🦷'),(2,'독 공격','attack',1.2,0,NULL,0,5,1,1,'diamond','독을 주입하는 공격.','☠️'),(3,'할퀴기','attack',1.5,0,NULL,0,0,0,1,'diamond','날카로운 발톱으로 할퀸다.','🐾'),(4,'화염 토','attack',1.8,0,NULL,0,10,2,2,'diamond','불꽃을 내뿜는다.','🔥'),(5,'얼음 숨결','attack',1.7,0,NULL,0,10,2,2,'cross','차가운 숨결을 내뿜는다.','❄️'),(6,'번개 강타','attack',2,0,NULL,0,15,3,3,'line','번개를 내리친다.','⚡'),(7,'암흑 구체','attack',1.6,0,NULL,0,8,1,3,'diamond','어둠의 에너지를 발사한다.','🌑'),(8,'지진','aoe',1.4,0,NULL,0,12,3,2,'cross','주변 땅을 뒤흔든다.','💥'),(9,'독안개','aoe',1,0,NULL,0,8,2,2,'diamond','독기를 뿌린다.','💨'),(10,'치유','heal',0,30,NULL,0,10,2,3,'diamond','아군의 상처를 치유한다.','💚'),(11,'대치유','heal',0,60,NULL,0,20,3,3,'diamond','아군을 강력히 치유한다.','💖'),(12,'포효','buff',0,0,'attack',5,8,3,0,'diamond','포효하며 공격력이 올라간다.','🗣️'),(13,'방어 태세','buff',0,0,'defense',5,5,2,0,'diamond','단단하게 방어 태세를 취한다.','🛡️'),(14,'약화의 주문','debuff',0,0,'defense',-3,10,3,3,'diamond','적의 방어력을 낮춘다.','⬇️'),(15,'돌진','attack',1.6,0,NULL,0,5,1,1,'diamond','돌진하여 강력히 부딪힌다.','💨'),(16,'자폭','aoe',3,0,NULL,0,0,99,1,'diamond','자폭하며 주변에 큰 피해를 준다.','💣'),(17,'생명력 흡수','attack',1.3,15,NULL,0,10,2,1,'diamond','공격하며 생명력을 흡수한다.','🩸'),(18,'꼬리 휘두르기','aoe',1.3,0,NULL,0,8,2,1,'cross','거대한 꼬리를 휘두른다.','💫'),(19,'마법 화살','attack',1.4,0,NULL,0,5,1,4,'line','마법 화살을 발사한다.','🏹'),(20,'저주','debuff',0,0,'attack',-4,12,3,3,'diamond','적의 공격력을 낮춘다.','🔮');
/*!40000 ALTER TABLE `monster_skills` ENABLE KEYS */;
UNLOCK TABLES;

--
-- Table structure for table `monsters`
--

DROP TABLE IF EXISTS `monsters`;
/*!40101 SET @saved_cs_client     = @@character_set_client */;
/*!50503 SET character_set_client = utf8mb4 */;
CREATE TABLE `monsters` (
  `id` int NOT NULL AUTO_INCREMENT,
  `name` varchar(50) NOT NULL,
  `dungeon_id` int NOT NULL,
  `icon` varchar(10) DEFAULT 0xF09F91B9,
  `hp` int NOT NULL,
  `attack` int NOT NULL,
  `defense` int DEFAULT '0',
  `move_range` int DEFAULT '3',
  `exp_reward` int DEFAULT '0',
  `gold_reward` int DEFAULT '0',
  `spawn_weight` int DEFAULT '10',
  `category_id` int DEFAULT NULL,
  `tier` int DEFAULT '1',
  `description` varchar(200) DEFAULT NULL,
  `country` varchar(20) DEFAULT 'korea',
  `ai_type` enum('aggressive','defensive','ranged','support','boss','coward') DEFAULT 'aggressive',
  `mp` int DEFAULT '0',
  `range_type` enum('melee','ranged','magic') DEFAULT 'melee',
  `element` enum('fire','water','earth','wind','neutral') DEFAULT 'neutral',
  `phys_attack` int DEFAULT '5',
  `phys_defense` int DEFAULT '3',
  `mag_attack` int DEFAULT '3',
  `mag_defense` int DEFAULT '2',
  `crit_rate` int DEFAULT '5',
  `evasion` int DEFAULT '3',
  PRIMARY KEY (`id`),
  KEY `dungeon_id` (`dungeon_id`),
  CONSTRAINT `monsters_ibfk_1` FOREIGN KEY (`dungeon_id`) REFERENCES `dungeons` (`id`) ON DELETE CASCADE
) ENGINE=InnoDB AUTO_INCREMENT=282 DEFAULT CHARSET=utf8mb4 COLLATE=utf8mb4_0900_ai_ci;
/*!40101 SET character_set_client = @saved_cs_client */;

--
-- Dumping data for table `monsters`
--

LOCK TABLES `monsters` WRITE;
/*!40000 ALTER TABLE `monsters` DISABLE KEYS */;
INSERT INTO `monsters` VALUES (1,'들쥐',4,'🐀',30,5,1,4,10,5,10,1,1,'들판에 서식하는 작은 쥐','korea','aggressive',15,'melee','earth',10,3,6,2,5,3),(2,'야생 늑대',4,'🐺',52,9,3,3,20,12,10,1,2,'숲에서 무리지어 다니는 늑대','korea','aggressive',15,'melee','earth',13,4,8,3,7,4),(3,'독거미',4,'🕷️',33,9,1,3,15,8,10,2,1,'맹독을 가진 거대 거미','korea','aggressive',15,'melee','earth',10,3,6,2,5,3),(4,'동굴 박쥐',5,'🦇',70,13,4,4,30,20,10,1,2,'동굴에 사는 거대 박쥐','korea','aggressive',15,'melee','earth',16,5,10,4,7,4),(5,'골렘',5,'🗿',130,18,9,2,50,35,8,8,4,'마법으로 만들어진 바위 거인','korea','defensive',30,'melee','wind',24,8,15,6,11,6),(6,'지하 도마뱀',5,'🦎',93,18,5,3,40,25,10,1,3,'지하 동굴의 거대 도마뱀','korea','aggressive',15,'melee','earth',20,6,13,5,9,5),(7,'원혼',6,'👻',125,26,6,3,60,45,10,4,4,'한을 품고 떠도는 원혼','korea','ranged',50,'magic','neutral',17,8,28,6,11,6),(8,'저주받은 승려',6,'🧟',163,31,9,2,80,60,8,10,5,'저주에 걸린 승려의 영혼','korea','aggressive',50,'magic','neutral',20,10,33,7,13,7),(9,'어둠의 수호자',6,'😈',222,38,13,2,120,100,5,6,6,'어둠의 힘을 지닌 수호자','korea','boss',80,'melee','fire',38,11,22,9,15,8),(10,'산토끼',4,'🐇',22,4,1,5,5,3,10,1,1,'겁이 많지만 빠른 산토끼','korea','aggressive',15,'melee','earth',10,3,6,2,5,3),(11,'멧돼지',4,'🐗',59,10,4,3,25,15,10,1,2,'거친 엄니를 가진 멧돼지','korea','aggressive',15,'melee','earth',13,4,8,3,7,4),(12,'독사',7,'🐍',63,17,3,4,20,10,10,1,2,'맹독을 가진 위험한 뱀','korea','aggressive',15,'melee','earth',18,6,12,5,7,4),(13,'흑곰',8,'🐻',75,14,4,2,55,40,8,1,4,'산속의 거대한 흑곰','korea','aggressive',25,'melee','earth',14,4,8,3,11,6),(14,'설표',8,'🐆',69,17,3,5,65,45,7,1,5,'눈 위를 질주하는 표범','korea','aggressive',25,'melee','earth',17,4,9,3,13,7),(15,'회색 곰',8,'🐻',95,16,4,2,70,50,6,1,5,'산맥의 거대한 회색곰','korea','aggressive',25,'melee','earth',17,4,9,3,13,7),(16,'구렁이',7,'🐍',117,22,5,3,35,22,10,1,3,'몸을 조여 먹이를 삼키는 뱀','korea','aggressive',15,'melee','earth',23,7,15,6,9,5),(17,'백호',8,'🐅',140,25,7,4,150,120,3,1,8,'전설의 흰 호랑이','korea','boss',35,'melee','earth',24,6,14,4,19,10),(18,'삼두견',9,'🐕',131,22,5,3,100,80,5,1,7,'머리 셋 달린 지옥의 개','korea','aggressive',35,'melee','earth',23,5,14,4,17,9),(19,'천년 여우',8,'🦊',110,20,4,4,90,70,5,1,6,'천 년을 살아온 신비로운 여우','korea','aggressive',70,'magic','earth',12,4,19,4,15,8),(20,'거대 지네',5,'🐛',60,12,3,3,18,10,10,2,2,'동굴에 사는 거대 지네','korea','aggressive',15,'melee','earth',16,5,10,4,7,4),(21,'독나방',7,'🦋',43,11,2,4,12,7,10,2,1,'독가루를 뿌리는 나방','korea','aggressive',15,'ranged','earth',14,4,9,3,5,3),(22,'킬러비',4,'🐝',40,14,2,5,15,9,10,2,2,'치명적인 독침을 가진 벌','korea','aggressive',15,'ranged','earth',14,4,8,3,7,4),(23,'전갈',5,'🦂',83,18,6,3,30,20,8,2,3,'꼬리의 맹독이 위험한 전갈','korea','aggressive',15,'melee','earth',20,6,13,5,9,5),(24,'여왕 개미',7,'🐜',149,21,12,2,45,35,6,2,4,'개미 군단의 여왕','korea','support',55,'ranged','earth',27,9,17,7,11,6),(25,'장수풍뎅이',4,'🪲',81,14,6,2,35,25,8,2,3,'단단한 갑각의 장수풍뎅이','korea','aggressive',15,'melee','earth',17,5,10,4,9,5),(26,'독 거미 여왕',7,'🕷️',192,34,9,3,70,55,5,2,5,'독거미 무리의 우두머리','korea','support',55,'ranged','earth',32,10,20,8,13,7),(27,'사마귀 전사',4,'🦗',74,18,4,4,40,28,8,2,3,'낫 같은 팔을 가진 사마귀','korea','aggressive',15,'melee','earth',17,5,10,4,9,5),(28,'스켈레톤',6,'💀',77,16,5,3,25,18,10,3,2,'움직이는 해골 전사','korea','aggressive',15,'melee','neutral',19,5,11,4,7,4),(29,'좀비',6,'🧟',98,13,6,2,30,20,10,3,2,'느리지만 강인한 시체','korea','aggressive',15,'melee','neutral',19,5,11,4,7,4),(30,'구울',5,'🧟',93,18,5,3,35,25,8,3,3,'살을 파먹는 식인 귀','korea','aggressive',15,'melee','neutral',20,6,13,5,9,5),(31,'레이스',6,'👤',125,26,5,4,50,40,7,3,4,'그림자처럼 스며드는 악령','korea','aggressive',50,'magic','neutral',17,8,28,6,11,6),(32,'뱀파이어',9,'🧛',110,20,5,3,85,65,5,3,6,'피를 갈망하는 흡혈귀','korea','aggressive',70,'magic','neutral',12,5,21,4,15,8),(33,'데스나이트',9,'⚔️',142,23,7,2,120,90,4,3,7,'죽음의 기사, 암흑 갑옷의 전사','korea','aggressive',35,'melee','neutral',23,5,14,4,17,9),(34,'리치왕',9,'☠️',178,28,7,2,180,150,3,3,9,'언데드 군단의 지배자','korea','boss',120,'magic','neutral',17,6,29,5,21,11),(35,'해골 궁수',6,'💀',67,20,3,3,28,18,10,3,2,'활을 쏘는 해골 병사','korea','aggressive',15,'ranged','neutral',19,5,11,4,7,4),(36,'미라',6,'🧟',155,24,11,2,55,42,6,3,4,'고대 무덤의 미라','korea','aggressive',25,'melee','neutral',28,8,17,7,11,6),(37,'떠도는 영혼',6,'👻',49,13,2,4,18,12,10,4,1,'방향 없이 떠도는 슬픈 영혼','korea','coward',35,'magic','neutral',9,4,14,3,5,3),(38,'처녀귀신',8,'👻',55,13,2,4,40,30,8,4,3,'한을 품은 처녀의 귀신','korea','ranged',40,'magic','neutral',7,3,12,2,9,5),(39,'야차',8,'👹',70,16,3,3,55,40,7,4,4,'사나운 성격의 야행성 귀신','korea','aggressive',25,'melee','neutral',15,4,8,3,11,6),(40,'물귀신',11,'👻',59,13,2,3,35,25,10,4,3,'물에 빠져 죽은 영혼','korea','ranged',35,'magic','water',8,3,14,2,9,5),(41,'이무기',8,'🐲',150,26,7,3,160,130,3,4,8,'용이 되지 못한 거대한 뱀','korea','aggressive',120,'melee','neutral',24,6,14,4,19,10),(42,'검은 그림자',9,'🌑',83,18,3,4,65,50,6,4,5,'어둠 속에서 나타나는 그림자','korea','aggressive',25,'melee','neutral',18,4,11,3,13,7),(43,'봉사귀',6,'👻',77,16,3,3,28,18,10,4,2,'눈이 먼 원혼','korea','coward',10,'melee','neutral',19,5,11,4,7,4),(44,'달귀',8,'🌙',90,16,3,4,60,48,6,4,5,'달빛 아래 나타나는 귀신','korea','ranged',50,'magic','neutral',10,4,17,3,13,7),(45,'물의 정령',13,'💧',49,10,2,3,30,22,10,5,2,'맑은 물에서 태어난 정령','korea','support',40,'magic','wind',7,3,10,2,7,4),(46,'불의 정령',13,'🔥',51,14,2,3,35,25,10,5,3,'불꽃에서 태어난 정령','korea','ranged',35,'magic','wind',9,3,13,2,9,5),(47,'바람의 정령',13,'🌪️',42,11,2,5,32,24,10,5,2,'바람을 타고 이동하는 정령','korea','aggressive',35,'magic','wind',7,2,10,2,7,4),(48,'대지의 정령',13,'🪨',79,10,5,2,40,30,8,5,3,'대지의 힘을 품은 정령','korea','defensive',35,'magic','wind',8,3,13,3,9,5),(49,'번개 정령',13,'⚡',65,20,3,4,55,40,6,5,4,'번개를 부리는 정령','korea','ranged',50,'magic','wind',10,4,15,3,11,6),(50,'얼음 정령',13,'❄️',72,14,5,3,45,35,7,5,4,'차가운 얼음의 정령','korea','aggressive',50,'magic','wind',10,4,15,3,11,6),(51,'빛의 정령',13,'💫',108,20,5,4,70,55,5,5,6,'눈부신 빛을 발하는 정령','korea','ranged',70,'magic','wind',14,5,20,4,15,8),(52,'어둠의 정령',9,'🌑',99,20,4,3,80,60,5,5,6,'어둠에 타락한 정령','korea','ranged',70,'magic','wind',12,5,21,4,15,8),(53,'정령왕',13,'👑',169,28,7,3,140,110,3,5,8,'모든 정령을 다스리는 왕','korea','boss',120,'magic','wind',17,7,25,5,19,10),(54,'임프',9,'👿',27,7,1,4,18,12,10,6,1,'장난스러운 하급 악마','korea','aggressive',15,'melee','fire',8,2,5,1,5,3),(55,'서큐버스',9,'😈',73,15,3,3,55,42,7,6,4,'매혹으로 영혼을 빼앗는 악마','korea','ranged',50,'magic','fire',9,4,16,3,11,6),(56,'인큐버스',9,'😈',79,16,3,3,60,45,7,6,4,'악몽을 심는 남성 악마','korea','aggressive',50,'magic','fire',9,4,16,3,11,6),(57,'지옥견',9,'🐕‍🦺',94,18,4,4,70,55,6,6,5,'지옥의 문을 지키는 마견','korea','aggressive',25,'melee','fire',18,4,11,3,13,7),(58,'발록',9,'👹',157,27,7,2,150,120,4,6,8,'불꽃의 채찍을 휘두르는 악마','korea','boss',120,'melee','fire',26,6,16,5,19,10),(59,'마왕의 부하',9,'😈',115,21,5,3,100,80,5,6,6,'마왕의 명을 받은 마족 전사','korea','aggressive',35,'melee','fire',21,5,13,4,15,8),(60,'타락 천사',9,'😇',136,24,5,3,130,100,4,6,7,'천계에서 추방된 천사','korea','aggressive',35,'melee','fire',23,5,14,4,17,9),(61,'마왕',9,'👿',237,34,10,2,300,250,2,6,10,'마계를 지배하는 절대 악의 존재','korea','boss',120,'magic','fire',18,7,32,6,23,12),(62,'가고일',9,'🗿',63,12,4,2,45,35,8,6,3,'돌에서 깨어난 악마의 하인','korea','defensive',20,'melee','fire',13,3,8,2,9,5),(63,'다크 세라핌',9,'😇',194,30,8,3,200,170,3,6,9,'타락한 상급 천사, 어둠의 날개를 펼친 존재','korea','boss',120,'melee','fire',29,6,17,5,21,11),(64,'드래곤 해츨링',10,'🐣',48,10,3,3,45,35,10,7,3,'갓 태어난 아기 용','korea','aggressive',15,'melee','fire',10,3,6,2,9,5),(65,'와이번',10,'🦅',74,14,3,4,65,50,8,7,5,'날개 달린 비룡','korea','aggressive',25,'melee','fire',13,3,8,3,13,7),(66,'화룡',10,'🐉',144,24,6,3,180,150,3,7,8,'불을 뿜는 붉은 용','korea','boss',120,'melee','fire',19,5,12,4,19,10),(67,'빙룡',10,'🐉',139,22,7,2,170,140,3,7,8,'얼음 숨결의 푸른 용','korea','boss',120,'melee','fire',19,5,12,4,19,10),(68,'암흑룡',10,'🐉',170,26,7,3,220,180,2,7,9,'어둠의 힘을 가진 흑룡','korea','boss',120,'magic','fire',12,5,23,4,21,11),(69,'용왕',10,'🐲',219,31,8,2,350,300,1,7,10,'모든 용을 지배하는 용왕','korea','boss',120,'melee','fire',23,6,14,5,23,12),(70,'드레이크',10,'🦎',60,12,3,3,50,38,8,7,4,'용의 먼 친척, 날지 못하는 용','korea','aggressive',25,'melee','fire',11,3,7,2,11,6),(71,'히드라',10,'🐍',161,24,6,2,200,160,3,7,9,'머리가 여러 개인 거대한 뱀','korea','boss',120,'melee','fire',21,5,13,4,21,11),(72,'뇌룡',10,'🐉',157,26,6,4,190,155,3,7,9,'번개를 부리는 폭풍의 용','korea','boss',120,'melee','fire',21,5,13,4,21,11),(73,'마법 갑옷',6,'🛡️',116,18,11,2,40,30,8,8,3,'마법으로 움직이는 빈 갑옷','korea','defensive',20,'melee','wind',24,7,14,6,9,5),(74,'가디언',6,'🤖',194,29,14,2,75,60,5,8,5,'유적을 지키는 마법 수호자','korea','defensive',30,'melee','wind',33,10,19,8,13,7),(75,'호문쿨루스',5,'🧪',75,11,4,3,25,18,10,8,2,'연금술로 만든 인공 생명체','korea','aggressive',15,'melee','wind',16,5,10,4,7,4),(76,'마나 골렘',13,'🔮',115,18,6,2,70,55,5,8,5,'순수한 마나로 이루어진 골렘','korea','defensive',30,'melee','wind',20,5,10,4,13,7),(77,'유니콘',13,'🦄',109,17,4,4,65,50,5,8,5,'신비로운 뿔을 가진 성스러운 말','korea','support',55,'magic','wind',12,5,17,4,13,7),(78,'그리핀',8,'🦅',110,20,5,4,90,70,4,8,6,'독수리와 사자가 합쳐진 마수','korea','aggressive',35,'melee','wind',19,4,11,4,15,8),(79,'피닉스',10,'🔥',108,20,4,4,120,95,3,8,7,'죽어도 되살아나는 불사조','korea','aggressive',35,'melee','wind',17,4,11,4,17,9),(80,'미믹',5,'📦',93,21,8,1,40,60,6,8,3,'보물상자로 위장한 마물','korea','aggressive',15,'melee','wind',20,6,13,5,9,5),(81,'독버섯',7,'🍄',43,11,3,2,10,7,10,9,1,'독포자를 뿌리는 버섯','korea','coward',10,'melee','earth',14,4,9,3,5,3),(82,'덩굴괴물',7,'🌿',86,17,5,2,25,18,10,9,2,'덩굴로 적을 조이는 식물','korea','aggressive',15,'melee','earth',18,6,12,5,7,4),(83,'트렌트',4,'🌳',119,18,9,1,55,42,6,9,4,'살아 움직이는 거대한 나무','korea','defensive',30,'melee','earth',20,6,12,5,11,6),(84,'식인화',7,'🌺',117,25,5,2,38,28,8,9,3,'동물을 잡아먹는 거대 식물','korea','aggressive',15,'melee','earth',23,7,15,6,9,5),(85,'포자 군체',7,'🫧',65,8,3,3,15,10,10,9,1,'공기 중에 떠다니는 포자 군체','korea','coward',10,'melee','earth',14,4,9,3,5,3),(86,'만드레이크',4,'🌱',74,15,5,2,32,24,8,9,3,'비명을 지르는 인형 뿌리 식물','korea','aggressive',15,'melee','earth',17,5,10,4,9,5),(87,'세계수의 파편',13,'🌲',164,23,9,1,110,85,3,9,7,'세계수에서 떨어진 살아있는 나무','korea','boss',120,'magic','earth',16,6,23,5,17,9),(88,'균류 군주',7,'🍄',224,34,13,2,80,60,4,9,6,'늪지대를 지배하는 거대 균류','korea','boss',80,'melee','earth',36,12,23,10,15,8),(89,'산적',4,'🗡️',45,9,2,3,20,15,10,10,1,'길목에서 약탈하는 산적','korea','aggressive',15,'melee','neutral',10,3,6,2,5,3),(90,'암살자',5,'🗡️',93,21,4,4,40,30,7,10,3,'그림자 속에서 기습하는 암살자','korea','aggressive',15,'melee','neutral',20,6,13,5,9,5),(91,'흑마법사',6,'🧙',125,29,6,3,55,42,6,10,4,'어둠의 마법을 사용하는 마법사','korea','ranged',50,'magic','neutral',17,8,28,6,11,6),(92,'타락 기사',9,'⚔️',100,19,6,2,75,60,5,10,5,'어둠에 물든 전직 기사','korea','aggressive',25,'melee','neutral',18,4,11,3,13,7),(93,'광전사',8,'⚔️',75,16,4,3,55,40,7,10,4,'이성을 잃은 광폭한 전사','korea','aggressive',25,'melee','neutral',15,4,8,3,11,6),(94,'네크로맨서',6,'🧙',173,29,8,2,70,55,5,10,5,'시체를 조종하는 사술사','korea','ranged',50,'magic','neutral',19,9,33,7,13,7),(95,'대마법사',9,'🧙',131,25,5,3,130,100,3,10,7,'금지된 마법을 연구한 마법사','korea','ranged',70,'magic','neutral',14,5,24,4,17,9),(96,'도적 두목',5,'🗡️',122,19,7,3,48,38,6,10,3,'도적단의 우두머리','korea','aggressive',15,'melee','neutral',20,6,13,5,9,5),(97,'꼬마 도깨비',12,'👺',37,8,2,4,12,8,10,11,1,'장난치는 작은 도깨비','korea','coward',10,'melee','neutral',14,4,8,3,5,3),(98,'불 도깨비',12,'🔥',73,17,4,3,28,20,10,11,2,'불을 다루는 도깨비','korea','ranged',35,'magic','fire',11,5,19,4,7,4),(99,'돌 도깨비',12,'🪨',110,17,9,2,38,28,8,11,3,'바위같이 단단한 도깨비','korea','defensive',20,'melee','neutral',23,7,14,5,9,5),(100,'도깨비 장군',12,'👺',173,32,10,3,75,60,5,11,5,'도깨비 군단의 장군','korea','aggressive',25,'melee','neutral',33,9,19,7,13,7),(101,'깨비대왕',12,'👹',247,41,14,3,130,100,3,11,7,'도깨비들의 왕','korea','boss',120,'melee','neutral',42,12,25,9,17,9),(102,'연못 도깨비',12,'💧',64,13,4,3,22,16,10,11,2,'연못에 사는 물장난 도깨비','korea','support',40,'ranged','neutral',18,5,11,4,7,4),(103,'도깨비 방망이',12,'🏏',137,26,8,3,55,42,6,11,4,'방망이를 든 힘센 도깨비','korea','aggressive',25,'melee','neutral',28,8,17,6,11,6),(104,'숲 도깨비',4,'👺',41,8,2,3,18,12,10,11,1,'숲에 사는 장난꾸러기 도깨비','korea','coward',10,'melee','neutral',10,3,6,2,5,3),(105,'구미호',8,'🦊',120,21,4,4,100,80,4,12,6,'아홉 꼬리를 가진 요호','korea','ranged',70,'magic','wind',12,4,19,4,15,8),(106,'해태',8,'🦁',135,21,7,3,120,95,3,12,7,'선악을 구별하는 신수','korea','defensive',45,'melee','wind',22,5,12,4,17,9),(107,'불가사리',8,'🐃',110,18,7,2,85,65,5,12,6,'쇠를 먹는 괴물','korea','defensive',45,'melee','fire',19,4,11,4,15,8),(108,'키메라',9,'🐉',136,23,6,3,110,88,4,12,7,'여러 동물이 합쳐진 괴수','korea','aggressive',35,'melee','wind',23,5,14,4,17,9),(109,'미노타우르스',5,'🐂',187,29,10,3,80,62,5,12,5,'소의 머리를 가진 거인','korea','aggressive',25,'melee','wind',28,9,18,7,13,7),(110,'메두사',6,'🐍',184,31,8,3,75,58,5,12,5,'눈을 보면 돌이 되는 괴물','korea','aggressive',25,'melee','wind',33,9,19,7,13,7),(111,'거인',8,'🗿',120,21,6,2,100,80,4,12,6,'산처럼 거대한 인간형 괴물','korea','aggressive',35,'melee','wind',20,4,11,4,15,8),(112,'늑대인간',4,'🐺',111,23,6,4,58,44,6,12,4,'달빛에 변신하는 저주받은 인간','korea','aggressive',25,'melee','wind',20,6,12,5,11,6),(113,'초록 슬라임',14,'🟢',25,6,1,3,5,3,10,13,1,'가장 약한 기본 슬라임','korea','coward',10,'melee','water',11,3,7,3,5,3),(114,'파랑 슬라임',14,'🔵',38,7,2,3,10,7,10,13,1,'물의 성질을 가진 슬라임','korea','coward',10,'melee','water',11,3,7,3,5,3),(115,'빨강 슬라임',14,'🔴',55,15,3,3,18,12,10,13,2,'불의 성질을 가진 슬라임','korea','aggressive',15,'melee','water',15,5,10,4,7,4),(116,'독 슬라임',14,'🟣',59,11,3,3,15,10,10,13,2,'독성을 가진 보라색 슬라임','korea','aggressive',15,'melee','water',15,5,10,4,7,4),(117,'금속 슬라임',14,'⚪',57,12,15,5,100,80,2,13,4,'매우 단단하고 빠른 희귀 슬라임','korea','coward',10,'melee','water',22,8,14,6,11,6),(118,'킹 슬라임',14,'👑',171,26,9,2,70,55,4,13,5,'슬라임들의 왕','korea','boss',80,'melee','water',26,8,17,7,13,7),(119,'젤리피쉬',11,'🪼',30,7,1,4,15,10,10,13,1,'독침을 가진 해파리','korea','aggressive',15,'melee','water',8,2,5,1,5,3),(120,'점액 군주',14,'🫧',223,32,11,2,100,80,3,13,6,'모든 것을 녹이는 거대 슬라임','korea','boss',80,'melee','water',30,10,20,8,15,8),(121,'용암 슬라임',5,'🔴',102,21,6,2,40,30,6,13,3,'녹은 용암으로 이루어진 뜨거운 슬라임','korea','aggressive',15,'melee','water',20,6,13,5,9,5),(122,'크리스탈 슬라임',14,'💎',83,21,12,3,55,45,4,13,4,'보석처럼 빛나는 단단한 슬라임','korea','coward',10,'melee','water',23,8,14,6,11,6),(123,'포식 슬라임',14,'🟤',188,32,8,2,85,65,4,13,5,'모든 것을 삼키는 포식성 거대 슬라임','korea','aggressive',25,'melee','water',27,8,17,7,13,7),(124,'대왕 게',11,'🦀',65,12,5,2,35,25,10,14,3,'거대한 집게를 가진 게','korea','aggressive',15,'melee','water',13,3,8,3,9,5),(125,'상어',11,'🦈',101,20,4,4,60,45,6,14,5,'바다의 포식자','korea','aggressive',25,'melee','water',19,5,12,4,13,7),(126,'대왕 문어',11,'🐙',83,16,3,3,48,35,8,14,4,'촉수로 적을 조이는 거대 문어','korea','aggressive',25,'melee','water',16,4,10,3,11,6),(127,'인어 전사',11,'🧜',71,13,3,3,42,32,8,14,3,'물속에서 싸우는 인어 전사','korea','support',40,'ranged','water',13,3,8,3,9,5),(128,'심해어',11,'🐟',48,11,2,3,28,20,10,14,2,'깊은 바다의 무서운 물고기','korea','aggressive',15,'melee','water',11,2,7,2,7,4),(129,'크라켄',11,'🐙',221,34,9,2,200,160,2,14,9,'바다를 지배하는 거대 괴물','korea','boss',120,'melee','water',30,7,19,6,21,11),(130,'해마 기사',11,'🐴',54,10,2,4,30,22,10,14,2,'해마를 타고 다니는 수중 기사','korea','support',40,'ranged','water',11,3,7,2,7,4),(131,'바다 용',11,'🐉',197,32,9,3,180,140,2,14,8,'바다 깊은 곳에 사는 해룡','korea','boss',120,'melee','water',27,7,17,5,19,10),(132,'구미호',19,'🦊',82,16,2,4,100,80,4,12,4,'아홉 꼬리를 가진 천년 여우','korea','ranged',50,'magic','wind',9,2,17,2,11,6),(133,'해태',16,'🦁',105,18,5,3,120,95,3,8,4,'불을 먹는 신수','korea','defensive',30,'melee','wind',17,3,10,2,11,6),(134,'불가사리',16,'🐃',131,20,6,2,150,120,3,12,5,'쇠를 먹는 불멸의 괴수','korea','defensive',30,'melee','fire',20,4,12,3,13,7),(135,'이무기',18,'🐲',109,21,4,3,160,130,3,7,4,'용이 되지 못한 거대한 뱀','korea','aggressive',80,'melee','fire',18,3,9,2,11,6),(136,'용',19,'🐉',151,25,5,3,300,250,2,7,5,'수호와 비를 관장하는 신룡','korea','boss',80,'melee','fire',19,3,12,2,13,7),(137,'천리마',19,'🐴',131,22,4,5,250,200,2,8,5,'하루에 천리를 달리는 신마','korea','aggressive',25,'melee','wind',19,3,12,2,13,7),(138,'봉황',19,'🐦',139,23,5,4,280,220,2,8,5,'태평성대에 나타나는 신조','korea','boss',80,'melee','wind',19,3,12,2,13,7),(139,'삼족오',19,'🐦',90,18,3,4,130,100,3,8,4,'태양 속에 사는 세 발 까마귀','korea','ranged',50,'magic','wind',9,2,17,2,11,6),(140,'불개',16,'🐕',74,15,3,4,80,60,5,1,3,'태양과 달을 쫓는 화염의 개','korea','aggressive',15,'melee','earth',14,2,8,2,9,5),(141,'삼족구',15,'🐕',70,15,4,4,45,35,8,1,2,'악귀를 보는 세 발 개','korea','aggressive',15,'melee','earth',15,4,9,3,7,4),(142,'처녀귀신',17,'👻',88,17,3,4,65,50,6,4,3,'한을 품은 처녀의 원혼','korea','ranged',40,'magic','neutral',11,3,13,2,9,5),(143,'물귀신',18,'👻',58,13,2,3,55,42,7,4,3,'물에 빠져 죽은 영혼','korea','ranged',35,'magic','water',9,2,13,2,9,5),(144,'몽달귀신',17,'👻',59,11,2,3,35,25,8,4,2,'총각으로 죽은 외로운 귀신','korea','coward',35,'magic','neutral',9,2,10,2,7,4),(145,'달걀귀신',17,'👻',76,14,2,4,50,38,7,4,3,'눈코입이 없는 공포의 귀신','korea','ranged',35,'magic','neutral',11,3,13,2,9,5),(146,'원혼',17,'👻',118,20,4,3,85,65,5,4,4,'억울하게 죽어 복수를 꿈꾸는 영','korea','ranged',50,'magic','neutral',14,4,16,3,11,6),(147,'저승사자',19,'🖤',90,17,3,3,120,95,3,4,4,'영혼을 인도하는 저승의 사자','korea','ranged',50,'magic','neutral',9,2,17,2,11,6),(148,'야광귀',15,'👻',38,8,2,4,18,12,10,4,1,'밤에 신발을 신어보는 귀신','korea','coward',10,'melee','neutral',11,3,7,2,5,3),(149,'강림도령',19,'⚔️',124,21,4,3,200,160,2,4,5,'염라대왕도 잡은 저승차사의 수장','korea','boss',80,'melee','neutral',19,3,12,2,13,7),(150,'도깨비',15,'👺',82,17,5,3,48,35,8,11,3,'피 묻은 물건에서 태어난 장난꾸러기','korea','aggressive',15,'melee','neutral',19,4,11,4,9,5),(151,'참도깨비',15,'👺',95,18,5,3,55,42,7,11,3,'선한 사람에게 복을 주는 진짜 도깨비','korea','aggressive',15,'melee','neutral',19,4,11,4,9,5),(152,'각시도깨비',15,'👺',64,14,3,3,38,28,8,11,2,'아름다운 여인으로 변신하는 도깨비','korea','aggressive',15,'melee','neutral',15,4,9,3,7,4),(153,'귀수도깨비',18,'👹',83,17,3,3,85,68,5,11,4,'죽은 자의 피에서 태어난 악한 도깨비','korea','aggressive',25,'melee','neutral',18,3,9,2,11,6),(154,'산신',16,'🧓',96,15,5,2,100,80,4,8,4,'산을 지키는 흰수염 노인 신','korea','defensive',30,'melee','wind',17,3,10,2,11,6),(155,'용왕',18,'🐲',168,27,6,2,300,240,2,7,5,'모든 물을 다스리는 해저 왕','korea','boss',80,'melee','fire',21,3,11,3,13,7),(156,'칠성신',19,'⭐',64,12,2,3,70,55,5,8,3,'북두칠성의 수호 정령','korea','support',40,'magic','wind',8,2,14,2,9,5),(157,'목신',15,'🌳',70,14,5,2,40,30,8,9,2,'고목에 깃든 나무 정령','korea','defensive',20,'melee','earth',15,4,9,3,7,4),(158,'영등할매',16,'🌪️',79,15,3,4,80,62,5,8,3,'제주의 바람을 다스리는 풍신','korea','support',40,'magic','wind',8,2,14,2,9,5),(159,'인면조',19,'🐦',56,11,2,4,60,46,6,8,3,'사람 얼굴을 가진 새','korea','ranged',35,'magic','wind',8,2,14,2,9,5),(160,'백호',16,'🐅',153,26,6,3,250,200,2,1,5,'서방의 수호신 백호','korea','boss',25,'melee','earth',20,4,12,3,13,7),(161,'현무',18,'🐢',146,23,7,2,250,200,2,8,5,'북방의 수호신 현무','korea','defensive',30,'melee','wind',21,4,11,3,13,7),(162,'청룡',19,'🐉',139,23,5,3,260,210,2,7,5,'동방의 수호신 청룡','korea','boss',80,'melee','fire',19,3,12,2,13,7),(163,'주작',19,'🐦',135,24,4,4,260,210,2,8,5,'남방의 수호신 주작','korea','boss',80,'melee','wind',19,3,12,2,13,7),(164,'기린',19,'🦌',90,14,4,3,120,95,3,8,4,'성인이 태어날 때 나타나는 인수','korea','support',55,'ranged','wind',16,2,10,2,11,6),(165,'불여우',16,'🦊',69,14,2,4,70,55,5,1,3,'백 년을 살아 불을 부리는 여우','korea','ranged',35,'magic','earth',8,2,14,2,9,5),(166,'어둑시니',18,'🌑',62,13,2,3,60,48,6,4,3,'쳐다보면 커지는 어둠의 괴물','korea','ranged',35,'magic','neutral',9,2,13,2,9,5),(167,'두억시니',16,'👹',91,19,4,3,90,72,4,6,4,'씨름을 좋아하는 거대한 악귀','korea','aggressive',25,'melee','fire',17,3,10,2,11,6),(168,'장산범',16,'🐅',87,18,4,4,85,68,5,1,4,'사람 울음을 흉내내는 흰 짐승','korea','aggressive',25,'melee','earth',17,3,10,2,11,6),(169,'꽝철이',18,'🐍',66,14,3,3,68,52,6,1,3,'용이 못 된 타락한 이무기','korea','aggressive',15,'melee','earth',15,2,8,2,9,5),(170,'장승',15,'🗿',45,9,5,1,25,18,10,8,1,'마을을 지키는 수호 장승','korea','defensive',20,'melee','wind',11,3,7,2,5,3),(171,'백사',18,'🐍',62,13,2,3,60,48,6,1,3,'천 년 수행한 흰 뱀 정령','korea','ranged',35,'magic','earth',9,2,13,2,9,5),(172,'매구',17,'🦊',94,17,3,4,68,54,5,6,3,'사람에게 빙의하는 여우 악령','korea','ranged',35,'magic','fire',11,3,13,2,9,5),(173,'살귀',17,'💀',124,22,4,3,90,72,4,6,4,'역병을 퍼뜨리는 역귀','korea','ranged',50,'magic','fire',14,4,16,3,11,6),(174,'수귀',18,'👻',58,12,2,3,55,42,7,4,3,'물속에서 사람을 끌어들이는 귀신','korea','ranged',35,'magic','neutral',9,2,13,2,9,5),(175,'바리공주',19,'👸',90,17,3,3,120,95,3,4,4,'저승에서 생명수를 구해온 공주','korea','support',55,'magic','neutral',9,2,17,2,11,6),(176,'황금 사슴',15,'🦌',64,12,3,5,60,80,3,1,2,'백두산의 행운을 가져다주는 금사슴','korea','coward',10,'melee','earth',15,4,9,3,7,4),(177,'장자마리',18,'🐸',25,5,1,2,20,15,10,14,1,'해초를 뒤집어쓴 뚱뚱한 물귀신','korea','coward',10,'melee','water',9,2,5,1,5,3),(178,'염라대왕',19,'👑',162,26,6,2,350,280,1,6,5,'저승을 다스리는 심판의 왕','korea','boss',80,'melee','fire',19,3,12,2,13,7),(179,'천하대장군',16,'⚔️',79,15,4,2,80,62,5,8,3,'천하를 지키는 수호 장군 정령','korea','defensive',20,'melee','wind',14,3,8,2,9,5),(180,'백 사슴',15,'🦌',57,11,3,5,30,22,10,1,2,'하루에 오천리를 달리는 흰 사슴','korea','coward',10,'melee','earth',15,4,9,3,7,4),(181,'장자못의 뱀',18,'🐍',92,18,4,3,100,80,4,1,4,'장자못 전설의 거대한 신뱀','korea','aggressive',25,'melee','earth',18,3,9,2,11,6),(182,'킷수네',20,'🦊',147,28,5,4,100,80,4,12,4,'아홉 꼬리의 변신 여우','japan','ranged',50,'magic','wind',16,5,20,4,11,6),(183,'타누키',20,'🦝',67,14,3,3,38,28,8,12,2,'잎사귀로 변신하는 너구리','japan','coward',10,'melee','wind',18,4,8,3,7,4),(184,'바케네코',24,'🐱',67,13,2,4,60,48,6,12,3,'시체를 조종하는 요괴 고양이','japan','ranged',35,'magic','wind',8,2,13,2,9,5),(185,'네코마타',24,'🐱',71,14,2,4,68,54,5,6,3,'두 갈래 꼬리의 마성 고양이','japan','ranged',35,'magic','fire',8,2,14,2,9,5),(186,'갓파',23,'🐸',40,9,2,3,38,28,8,14,2,'머리에 물접시를 인 물귀신','japan','ranged',35,'ranged','water',10,2,6,2,7,4),(187,'야마타노오로치',23,'🐍',174,29,6,2,350,280,1,7,5,'여덟 머리 여덟 꼬리의 거대 뱀','japan','boss',80,'melee','fire',19,3,11,3,13,7),(188,'츠치구모',21,'🕷️',83,15,3,3,90,72,4,2,4,'산속 동굴의 거대 독거미','japan','aggressive',25,'melee','earth',14,3,9,2,11,6),(189,'조로구모',22,'🕷️',115,20,4,3,100,80,4,6,4,'여인으로 변신하는 400년 거미','japan','ranged',50,'magic','fire',13,4,18,3,11,6),(190,'누레온나',23,'🐍',64,14,2,3,68,54,5,12,3,'여자 머리에 뱀 몸의 강가 요괴','japan','ranged',35,'magic','wind',8,2,13,2,9,5),(191,'누에',21,'🐒',83,15,3,4,90,72,4,12,4,'원숭이 얼굴에 호랑이 팔다리의 키메라','japan','aggressive',25,'melee','wind',14,3,9,2,11,6),(192,'아카오니',21,'👹',63,13,3,3,68,54,5,6,3,'철곤봉을 든 붉은 도깨비','japan','aggressive',15,'melee','fire',12,2,7,2,9,5),(193,'아오오니',21,'👹',63,12,3,3,68,54,5,6,3,'죄인을 벌하는 푸른 도깨비','japan','aggressive',15,'melee','fire',12,2,7,2,9,5),(194,'슈텐도지',21,'👹',158,24,5,2,300,250,2,6,5,'술을 마시는 오니의 왕','japan','boss',80,'melee','fire',17,3,10,3,13,7),(195,'이바라키도지',21,'👹',146,23,5,3,280,220,2,6,5,'슈텐도지의 외팔 부장','japan','boss',80,'melee','fire',17,3,10,3,13,7),(196,'한냐',22,'😈',109,20,4,3,90,72,4,6,4,'질투로 변한 뿔 달린 여귀','japan','ranged',50,'magic','fire',13,4,18,3,11,6),(197,'아마노자쿠',20,'👿',67,14,3,4,38,28,8,6,2,'사람의 어두운 욕망을 부추기는 소악마','japan','coward',10,'melee','fire',18,4,8,3,7,4),(198,'야샤',22,'👹',109,20,4,3,90,72,4,6,4,'불교의 사나운 수호 야차','japan','aggressive',25,'melee','fire',21,4,10,3,11,6),(199,'가키',22,'💀',47,8,2,3,30,22,10,4,2,'영원한 굶주림의 아귀','japan','coward',10,'melee','neutral',14,2,7,2,7,4),(200,'텐구',21,'👺',86,16,3,4,100,80,4,12,4,'긴 코의 산신 검객','japan','aggressive',25,'melee','wind',14,3,9,2,11,6),(201,'카라스텐구',21,'🐦',67,13,2,4,75,58,5,12,3,'까마귀 머리의 하급 텐구','japan','aggressive',15,'melee','wind',12,2,7,2,9,5),(202,'코다마',20,'✨',33,6,2,3,15,10,10,5,1,'고목에 깃든 작은 나무 정령','japan','support',40,'magic','wind',8,3,10,2,5,3),(203,'자시키와라시',20,'👶',40,8,2,3,20,15,10,4,1,'집에 행운을 가져다주는 어린 유령','japan','coward',10,'melee','neutral',13,3,6,2,5,3),(204,'유키온나',21,'❄️',86,17,3,3,100,80,4,12,4,'눈보라 속의 아름다운 설녀','japan','ranged',50,'magic','wind',9,3,15,2,11,6),(205,'야마우바',21,'🧓',63,13,2,3,68,54,5,12,3,'여행자를 유혹하는 산속 마녀','japan','aggressive',15,'melee','wind',12,2,7,2,9,5),(206,'카와히메',23,'💧',44,10,2,3,42,32,8,5,2,'달빛 강에 나타나는 아름다운 강의 공주','japan','support',40,'magic','wind',6,2,10,1,7,4),(207,'츠쿠모가미',20,'🏮',40,8,2,2,20,15,10,8,1,'100년 묵은 물건이 깨어난 요괴','japan','defensive',20,'melee','wind',13,3,6,2,5,3),(208,'카마이타치',24,'🌪️',49,11,1,5,42,32,8,1,2,'회오리바람 속의 낫족제비','japan','ranged',35,'ranged','earth',11,2,6,2,7,4),(209,'우미보즈',23,'🌊',97,19,4,2,120,95,3,4,4,'잔잔한 바다에서 솟아오르는 거대 유령','japan','ranged',50,'magic','neutral',9,3,15,2,11,6),(210,'유레이',22,'👻',52,10,2,4,38,28,8,4,2,'하얀 수의의 일본 전통 유령','japan','support',40,'magic','neutral',8,2,12,2,7,4),(211,'오이와',22,'👻',109,20,3,3,90,72,4,4,4,'독에 의해 변형된 원령','japan','ranged',50,'magic','neutral',13,4,18,3,11,6),(212,'오키쿠',22,'👻',83,16,3,3,68,54,5,4,3,'우물에서 접시를 세는 하녀 원령','japan','ranged',35,'magic','neutral',10,3,14,2,9,5),(213,'후나유레이',23,'👻',60,13,2,3,60,48,6,4,3,'바다에서 배를 침몰시키는 유령들','japan','ranged',35,'magic','neutral',8,2,13,2,9,5),(214,'가샤도쿠로',24,'💀',157,25,5,2,250,200,2,4,5,'굶어죽은 자들의 뼈로 이뤄진 거대 해골','japan','boss',80,'melee','neutral',19,4,11,3,13,7),(215,'시니가미',24,'💀',98,18,3,4,100,80,4,4,4,'죽음으로 이끄는 사신','japan','ranged',50,'magic','neutral',10,3,16,2,11,6),(216,'류진',23,'🐉',162,28,6,3,300,250,2,7,5,'해저 궁전의 용왕','japan','boss',80,'melee','fire',19,3,11,3,13,7),(217,'세이류',24,'🐉',166,26,6,3,260,210,2,7,5,'동방의 수호 청룡','japan','boss',80,'melee','fire',19,4,11,3,13,7),(218,'스자쿠',24,'🐦',162,27,5,4,260,210,2,8,5,'남방의 수호 주작','japan','boss',80,'melee','wind',19,4,11,3,13,7),(219,'뱌코',24,'🐅',157,25,6,3,250,200,2,1,5,'서방의 수호 백호','japan','boss',80,'melee','earth',19,4,11,3,13,7),(220,'겐부',23,'🐢',141,23,6,2,250,200,2,8,5,'북방의 수호 현무','japan','defensive',30,'melee','wind',18,3,11,3,13,7),(221,'누라리횬',24,'🧓',180,27,6,3,300,240,2,6,5,'모든 요괴의 총대장','japan','boss',80,'melee','fire',19,4,11,3,13,7),(222,'잇탄모멘',20,'🧻',60,12,2,5,30,22,10,12,2,'밤하늘을 나는 살아있는 천 조각','japan','coward',10,'melee','wind',18,4,8,3,7,4),(223,'로쿠로쿠비',20,'🙂',67,14,3,3,38,28,8,12,2,'목이 늘어나는 여자 요괴','japan','coward',10,'melee','wind',18,4,8,3,7,4),(224,'후타쿠치온나',22,'😈',83,16,3,3,68,54,5,6,3,'뒷머리에 두 번째 입이 있는 저주받은 여인','japan','ranged',35,'magic','fire',10,3,14,2,9,5),(225,'나마하게',21,'👹',63,13,3,3,68,54,5,6,3,'게으름을 벌하는 새해 오니','japan','aggressive',15,'melee','fire',12,2,7,2,9,5),(226,'카샤',24,'🐱',71,15,2,4,68,54,5,6,3,'장례식에서 시체를 훔치는 화염 고양이 마귀','japan','ranged',35,'magic','fire',8,2,14,2,9,5),(227,'햐쿠메',24,'👁️',67,13,2,3,60,48,6,6,3,'온 몸에 수백 개의 눈이 달린 괴물','japan','ranged',35,'magic','fire',8,2,13,2,9,5),(228,'와뉴도',24,'🔥',94,18,2,4,90,72,4,6,4,'불타는 수레바퀴에 얼굴이 박힌 요괴','japan','ranged',50,'magic','fire',10,3,16,2,11,6),(229,'히히',21,'🐒',63,13,2,3,68,54,5,1,3,'인간의 감정을 읽는 거대 원숭이','japan','aggressive',15,'melee','earth',12,2,7,2,9,5),(230,'이츠마덴',24,'🐦',94,18,3,4,90,72,4,1,4,'사람 얼굴과 뱀 꼬리를 가진 화염 괴조','japan','ranged',50,'ranged','earth',16,3,10,2,11,6),(231,'우부메',22,'👻',52,10,2,3,38,28,8,4,2,'출산 중 죽은 여인의 슬픈 원령','japan','coward',10,'melee','neutral',14,2,7,2,7,4),(232,'도철',26,'👹',89,16,3,2,250,200,2,6,5,'끝없는 탐욕의 사흉 괴수','china','aggressive',25,'melee','fire',15,2,9,1,13,7),(233,'혼돈',29,'🌀',127,20,5,2,260,210,2,6,5,'눈코입 없는 원초적 혼돈의 화신','china','boss',80,'melee','fire',17,3,10,2,13,7),(234,'궁기',29,'🐅',124,22,4,3,260,210,2,6,5,'날개 달린 사악한 호랑이','china','boss',80,'melee','fire',17,3,10,2,13,7),(235,'도올',26,'🐅',89,16,3,3,250,200,2,6,5,'사람 얼굴과 뱀 꼬리의 호랑이','china','boss',80,'melee','fire',15,2,9,1,13,7),(236,'녠수',25,'🦁',124,21,6,3,90,72,4,1,4,'매년 마을을 습격하는 설날의 괴수','china','aggressive',25,'melee','earth',26,5,13,4,11,6),(237,'기린',29,'🦌',138,21,5,3,300,250,2,8,5,'용 비늘과 사슴 뿔의 인수','china','support',55,'magic','wind',10,3,17,2,13,7),(238,'비휴',26,'🦁',56,10,2,3,100,80,4,8,4,'금은을 먹는 날개 달린 사자','china','defensive',30,'melee','wind',13,2,7,1,11,6),(239,'백택',29,'🐂',120,19,5,2,250,200,2,8,5,'만 가지 요괴를 아는 지혜의 신수','china','defensive',30,'melee','wind',17,3,10,2,13,7),(240,'청룡',29,'🐉',127,22,4,3,260,210,2,7,5,'동방의 수호 청룡','china','boss',80,'melee','fire',17,3,10,2,13,7),(241,'상류',28,'🐍',182,30,6,2,250,200,2,1,5,'아홉 머리의 독뱀 장관','china','aggressive',25,'melee','earth',20,4,12,3,13,7),(242,'축음',29,'🐍',138,23,5,2,300,250,2,8,5,'눈을 뜨면 낮, 감으면 밤이 되는 거대 뱀신','china','boss',80,'melee','wind',17,3,10,2,13,7),(243,'백사',28,'🐍',108,20,4,3,90,72,4,12,4,'서호의 아름다운 백사 정','china','ranged',50,'magic','wind',10,4,17,3,11,6),(244,'등사',29,'🐍',58,12,2,4,75,58,5,8,3,'안개 속을 나는 신비의 뱀','china','ranged',35,'magic','wind',7,2,12,1,9,5),(245,'호리정',25,'🦊',130,22,5,4,100,80,4,12,4,'인간으로 변신하는 천년 여우 요정','china','ranged',50,'magic','wind',15,5,22,4,11,6),(246,'달기',27,'🦊',172,27,5,3,300,250,2,6,5,'상나라를 멸망시킨 천년 여우 요괴','china','ranged',50,'magic','fire',13,4,18,3,13,7),(247,'호요',26,'🐅',53,11,2,3,90,72,4,6,4,'인간으로 변신하는 호랑이 요괴','china','aggressive',25,'melee','fire',13,2,7,1,11,6),(248,'랑요',25,'🐺',94,17,4,4,68,54,5,6,3,'폭풍을 부르는 늑대 요마','china','aggressive',15,'melee','fire',22,4,11,3,9,5),(249,'거미정',27,'🕷️',94,18,3,3,100,80,4,6,4,'환술로 여행자를 가두는 일곱 거미 자매','china','ranged',50,'magic','fire',11,3,16,2,11,6),(250,'사요',28,'🐍',78,15,2,3,60,48,6,12,3,'질병을 퍼뜨리는 뱀 요괴','china','ranged',35,'magic','wind',8,3,14,2,9,5),(251,'비파정',27,'🦂',89,18,3,3,90,72,4,6,4,'비파 소리로 유혹하는 전갈꼬리 요괴','china','ranged',50,'magic','fire',11,3,16,2,11,6),(252,'강시',28,'🧟',78,14,4,2,60,48,6,4,3,'청나라 관복의 깡충 뛰는 시체','china','ranged',35,'ranged','neutral',14,3,8,2,9,5),(253,'여귀',27,'👻',89,18,2,3,90,72,4,4,4,'억울함을 품은 잔혹한 복수귀','china','ranged',50,'magic','neutral',11,3,16,2,11,6),(254,'아귀',28,'💀',46,8,2,3,30,22,10,4,2,'영원한 굶주림의 아귀','china','coward',10,'melee','neutral',11,2,7,2,7,4),(255,'녀귀',27,'👻',68,14,2,3,68,54,5,4,3,'붉은 옷의 원한 맺힌 여귀','china','ranged',35,'magic','neutral',9,2,13,2,9,5),(256,'수귀',28,'👻',72,14,3,3,55,42,7,4,3,'물속에서 익사자를 끌어당기는 물귀신','china','ranged',35,'magic','neutral',8,3,14,2,9,5),(257,'무두귀',28,'💀',52,10,2,3,38,28,8,4,2,'참수당해 머리 없는 유령','china','coward',10,'melee','neutral',11,2,7,2,7,4),(258,'조사귀',28,'👻',52,10,1,3,38,28,8,4,2,'목매달아 죽은 붉은 혀의 귀신','china','coward',10,'melee','neutral',11,2,7,2,7,4),(259,'백골정',27,'💀',94,18,3,3,100,80,4,4,4,'다양한 인간으로 변신하는 해골 요마','china','ranged',50,'magic','neutral',11,3,16,2,11,6),(260,'원귀',27,'👻',43,9,1,3,38,28,8,4,2,'억울한 죽음의 슬픈 유령','china','coward',10,'melee','neutral',12,2,6,2,7,4),(261,'영령',28,'👶',31,6,1,3,20,15,10,4,1,'어린 영혼의 작고 서글픈 유령','china','coward',10,'melee','neutral',8,2,4,1,5,3),(262,'필방',25,'🐦',88,17,3,4,60,48,6,1,3,'한 발의 학 모양 화조','china','aggressive',15,'melee','earth',22,4,11,3,9,5),(263,'비유',25,'🐍',88,16,3,3,60,48,6,1,3,'네 날개 여섯 다리의 가뭄 뱀','china','aggressive',15,'melee','earth',21,4,11,3,9,5),(264,'희희',28,'🐟',52,10,2,3,38,28,8,14,2,'날개 달린 홍수를 부르는 물고기','china','coward',10,'melee','water',11,2,7,2,7,4),(265,'제강',29,'🔴',72,15,3,3,90,72,4,8,4,'얼굴 없이 노래하고 춤추는 혼돈의 존재','china','ranged',50,'magic','wind',8,2,15,2,11,6),(266,'비렴',29,'🌪️',75,16,2,4,100,80,4,5,4,'사슴 머리 용 몸의 바람의 신','china','ranged',50,'magic','wind',8,2,15,2,11,6),(267,'영초',29,'🐴',75,14,3,4,100,80,4,8,4,'사람 얼굴의 날개 달린 줄무늬 말','china','support',55,'magic','wind',8,2,15,2,11,6),(268,'봉황',29,'🐦',138,23,4,4,300,250,2,8,5,'모든 새의 왕 오색 신조','china','boss',80,'melee','wind',17,3,10,2,13,7),(269,'주작',29,'🐦',124,23,4,4,260,210,2,8,5,'남방의 수호신 주작','china','boss',80,'melee','wind',17,3,10,2,13,7),(270,'현무',28,'🐢',182,27,8,2,250,200,2,8,5,'북방의 수호 거북 뱀','china','defensive',30,'melee','wind',20,4,12,4,13,7),(271,'백호',26,'🐅',89,16,3,3,250,200,2,1,5,'서방의 수호 백호','china','boss',25,'melee','earth',15,2,9,1,13,7),(272,'섬서',28,'🐸',78,14,3,2,60,48,6,14,3,'달에 사는 세 발 두꺼비','china','defensive',20,'melee','water',14,3,8,2,9,5),(273,'귀모',29,'💀',127,22,4,2,280,220,2,6,5,'귀신을 낳고 기르는 명부의 어머니','china','boss',80,'melee','fire',17,3,10,2,13,7),(274,'발',26,'🔥',56,11,1,3,100,80,4,6,4,'땅을 시들게 하는 가뭄의 마녀','china','ranged',50,'magic','fire',8,1,13,1,11,6),(275,'이매',25,'🌑',88,16,3,3,60,48,6,6,3,'숲속에서 여행자를 미혹하는 산림 요마','china','ranged',35,'magic','fire',13,4,18,3,9,5),(276,'우두마면',28,'🐂',114,21,4,2,100,80,4,4,4,'소 머리와 말 얼굴의 지옥 문지기','china','aggressive',25,'melee','neutral',17,4,10,3,11,6),(277,'흑백무상',28,'⚫',114,21,4,3,100,80,4,4,4,'영혼을 잡는 흑과 백의 쌍둥이 저승사자','china','ranged',50,'magic','neutral',10,4,17,3,11,6),(278,'맹파',28,'🍵',78,13,3,2,60,48,6,4,3,'망각의 차를 끓이는 저승 할머니','china','support',40,'magic','neutral',8,3,14,2,9,5),(279,'귀거',29,'🐦',72,15,2,4,90,72,4,1,4,'아홉 머리에 피를 뿌리는 흉조','china','aggressive',25,'melee','earth',14,2,9,2,11,6),(280,'팽후',25,'🐕',88,16,4,3,60,48,6,12,3,'사람 머리의 개 모양 고목 요괴','china','aggressive',15,'melee','wind',21,4,11,3,9,5),(281,'망량',28,'👶',52,10,2,3,38,28,8,6,2,'세 살 아이 모습의 늪지 요마','china','coward',10,'melee','fire',11,2,7,2,7,4);
/*!40000 ALTER TABLE `monsters` ENABLE KEYS */;
UNLOCK TABLES;

--
-- Table structure for table `quests`
--

DROP TABLE IF EXISTS `quests`;
/*!40101 SET @saved_cs_client     = @@character_set_client */;
/*!50503 SET character_set_client = utf8mb4 */;
CREATE TABLE `quests` (
  `id` int NOT NULL AUTO_INCREMENT,
  `title` varchar(100) NOT NULL,
  `description` varchar(300) NOT NULL,
  `category` enum('main','daily','bounty','achievement') NOT NULL DEFAULT 'bounty',
  `type` enum('hunt','hunt_location','level','clear_stage','clear_dungeon','collect_material') NOT NULL,
  `target` varchar(50) NOT NULL,
  `target_count` int NOT NULL DEFAULT '1',
  `reward_exp` int DEFAULT '0',
  `reward_gold` int DEFAULT '0',
  `reward_item_id` int DEFAULT NULL,
  `reward_item_qty` int DEFAULT '1',
  `required_level` int DEFAULT '1',
  `prerequisite_quest_id` int DEFAULT NULL,
  `chapter` int DEFAULT '0',
  `sort_order` int DEFAULT '0',
  `icon` varchar(10) DEFAULT NULL,
  PRIMARY KEY (`id`)
) ENGINE=InnoDB AUTO_INCREMENT=51 DEFAULT CHARSET=utf8mb4 COLLATE=utf8mb4_0900_ai_ci;
/*!40101 SET character_set_client = @saved_cs_client */;

--
-- Dumping data for table `quests`
--

LOCK TABLES `quests` WRITE;
/*!40000 ALTER TABLE `quests` DISABLE KEYS */;
INSERT INTO `quests` VALUES (1,'모험의 시작','어둠의 숲에서 몬스터 3마리를 처치하며 실전 경험을 쌓으세요.','main','hunt_location','forest',3,80,50,NULL,0,1,NULL,1,1,'⚔️'),(2,'숲의 위협','어둠의 숲에서 몬스터 8마리를 처치하고 숲을 정화하세요.','main','hunt_location','forest',8,150,100,NULL,0,1,1,1,2,'🌲'),(3,'들쥐의 습격','들쥐 5마리를 처치하여 마을의 식량을 지키세요.','main','hunt','들쥐',5,100,70,NULL,0,1,2,1,3,'🐀'),(4,'늑대 소탕전','야생 늑대 5마리를 처치하여 길을 안전하게 만드세요.','main','hunt','야생 늑대',5,150,100,NULL,0,1,3,1,4,'🐺'),(5,'첫 번째 성장','레벨 3을 달성하여 모험가로서의 자질을 증명하세요.','main','level','3',1,120,100,NULL,0,1,4,1,5,'⭐'),(6,'지하 세계로','지하 동굴에서 몬스터 5마리를 처치하세요.','main','hunt_location','cave',5,200,150,NULL,0,2,5,2,1,'🕳️'),(7,'독거미 소탕','독거미 8마리를 처치하여 동굴 입구를 정리하세요.','main','hunt','독거미',8,250,180,13,3,2,6,2,2,'🕷️'),(8,'동굴 박쥐 퇴치','동굴 박쥐 6마리를 처치하세요.','main','hunt','동굴 박쥐',6,280,200,14,2,2,7,2,3,'🦇'),(9,'슬라임 동굴 탐사','슬라임 동굴의 스테이지를 3개 이상 클리어하세요.','main','clear_dungeon','slime_cave',3,350,250,NULL,0,2,8,2,4,'🟢'),(10,'숙련 모험가','레벨 5를 달성하세요.','main','level','5',1,300,200,NULL,0,2,9,2,5,'⭐'),(11,'골렘 파괴자','골렘 3마리를 처치하세요.','main','hunt','골렘',3,350,250,NULL,0,3,10,3,1,'🪨'),(12,'독안개 늪 진출','독안개 늪에서 몬스터 5마리를 처치하세요.','main','hunt_location','swamp',5,400,300,NULL,0,3,11,3,2,'🌿'),(13,'도깨비 마을 습격','도깨비 마을 스테이지를 3개 클리어하세요.','main','clear_dungeon','goblin',3,450,350,NULL,0,3,12,3,3,'👺'),(14,'산악 원정대','영혼의 산에서 몬스터 5마리를 처치하세요.','main','hunt_location','mountain',5,500,400,NULL,0,3,13,3,4,'🏔️'),(15,'레벨 8 달성','레벨 8을 달성하여 전사로 거듭나세요.','main','level','8',1,500,400,NULL,0,3,14,3,5,'⭐'),(16,'해저 유적 탐사','해저 유적 스테이지를 5개 클리어하세요.','main','clear_dungeon','ocean',5,600,500,NULL,0,4,15,4,1,'🌊'),(17,'정령의 숲 정화','정령의 숲에서 몬스터 8마리를 처치하세요.','main','hunt_location','spirit_forest',8,700,550,NULL,0,4,16,4,2,'🧚'),(18,'사원의 비밀','폐허 사원에서 몬스터 5마리를 처치하세요.','main','hunt_location','temple',5,800,600,NULL,0,4,17,4,3,'🏛️'),(19,'원혼 정화','원혼을 4마리 처치하세요.','main','hunt','원혼',4,850,650,15,2,4,18,4,4,'👻'),(20,'레벨 12 달성','레벨 12를 달성하세요.','main','level','12',1,800,600,NULL,0,4,19,4,5,'⭐'),(21,'어둠의 수호자 토벌','어둠의 수호자를 2마리 처치하세요.','main','hunt','어둠의 수호자',2,1000,800,NULL,0,5,20,5,1,'💀'),(22,'마계 균열 돌파','마계 균열 스테이지를 5개 클리어하세요.','main','clear_dungeon','demon',5,1200,1000,NULL,0,5,21,5,2,'😈'),(23,'용의 둥지 도전','용의 둥지 스테이지를 3개 클리어하세요.','main','clear_dungeon','dragon',3,1500,1200,NULL,0,7,22,5,3,'🐉'),(24,'전설의 모험가','레벨 15를 달성하세요.','main','level','15',1,2000,1500,NULL,0,5,23,5,4,'👑'),(25,'일일 사냥','아무 던전에서 몬스터 10마리를 처치하세요.','daily','hunt_location','any',10,100,80,NULL,0,1,NULL,0,1,'⚔️'),(26,'스테이지 도전','스테이지 전투를 2회 완료하세요.','daily','clear_stage','any',2,120,100,NULL,0,1,NULL,0,2,'🗺️'),(27,'던전 탐험','던전 스테이지를 2회 클리어하세요.','daily','clear_dungeon','any',2,120,100,NULL,0,1,NULL,0,3,'🏰'),(28,'정예 사냥꾼','아무 던전에서 몬스터 20마리를 처치하세요.','daily','hunt_location','any',20,200,150,NULL,0,3,NULL,0,4,'🎯'),(29,'소재 수집가','재료를 5개 획득하세요.','daily','collect_material','any',5,80,120,NULL,0,1,NULL,0,5,'🧪'),(30,'들쥐 퇴치 의뢰','들쥐를 10마리 처치하세요.','bounty','hunt','들쥐',10,120,80,NULL,0,1,NULL,0,1,'🐀'),(31,'야생 늑대 현상금','야생 늑대를 8마리 처치하세요.','bounty','hunt','야생 늑대',8,180,120,NULL,0,1,NULL,0,2,'🐺'),(32,'독거미 구제','독거미를 10마리 처치하세요.','bounty','hunt','독거미',10,200,150,13,2,1,NULL,0,3,'🕷️'),(33,'동굴 박쥐 소탕','동굴 박쥐를 8마리 처치하세요.','bounty','hunt','동굴 박쥐',8,220,160,14,2,2,NULL,0,4,'🦇'),(34,'골렘 현상 수배','골렘을 5마리 처치하세요.','bounty','hunt','골렘',5,350,250,NULL,0,3,NULL,0,5,'🪨'),(35,'숲의 청소부','어둠의 숲에서 몬스터 15마리를 처치하세요.','bounty','hunt_location','forest',15,200,150,NULL,0,1,NULL,0,6,'🌲'),(36,'동굴 탐사 의뢰','지하 동굴에서 몬스터 15마리를 처치하세요.','bounty','hunt_location','cave',15,300,220,NULL,0,2,NULL,0,7,'🕳️'),(37,'늪지 정화 의뢰','독안개 늪에서 몬스터 10마리를 처치하세요.','bounty','hunt_location','swamp',10,350,250,NULL,0,2,NULL,0,8,'🌿'),(38,'사원 정화 의뢰','폐허 사원에서 몬스터 10마리를 처치하세요.','bounty','hunt_location','temple',10,500,400,NULL,0,4,NULL,0,9,'🏛️'),(39,'원혼 퇴마 의뢰','원혼을 6마리 처치하세요.','bounty','hunt','원혼',6,500,400,15,2,4,NULL,0,10,'👻'),(40,'어둠의 수호자 현상금','어둠의 수호자를 3마리 처치하세요.','bounty','hunt','어둠의 수호자',3,800,600,NULL,0,5,NULL,0,11,'💀'),(41,'첫 발걸음','첫 번째 전투에서 승리하세요.','achievement','hunt_location','any',1,50,30,NULL,0,1,NULL,0,1,'🏅'),(42,'10킬 달성','몬스터를 총 10마리 처치하세요.','achievement','hunt_location','any',10,100,80,NULL,0,1,NULL,0,2,'🎖️'),(43,'50킬 달성','몬스터를 총 50마리 처치하세요.','achievement','hunt_location','any',50,300,200,NULL,0,1,NULL,0,3,'🏆'),(44,'100킬 달성','몬스터를 총 100마리 처치하세요.','achievement','hunt_location','any',100,500,400,NULL,0,1,NULL,0,4,'💎'),(45,'300킬 달성','몬스터를 총 300마리 처치하세요.','achievement','hunt_location','any',300,1000,800,NULL,0,1,NULL,0,5,'🌟'),(46,'던전 마스터','던전 스테이지를 총 30개 클리어하세요.','achievement','clear_dungeon','any',30,500,400,NULL,0,1,NULL,0,6,'🏰'),(47,'스테이지 정복자','스테이지를 총 30개 클리어하세요.','achievement','clear_stage','any',30,500,400,NULL,0,1,NULL,0,7,'🗺️'),(48,'레벨 10 달성','레벨 10에 도달하세요.','achievement','level','10',1,500,300,NULL,0,1,NULL,0,8,'⭐'),(49,'레벨 20 달성','레벨 20에 도달하세요.','achievement','level','20',1,1000,600,NULL,0,1,NULL,0,9,'🌟'),(50,'소재 수집가','재료를 총 50개 수집하세요.','achievement','collect_material','any',50,300,250,NULL,0,1,NULL,0,10,'🧪');
/*!40000 ALTER TABLE `quests` ENABLE KEYS */;
UNLOCK TABLES;

--
-- Table structure for table `recipe_materials`
--

DROP TABLE IF EXISTS `recipe_materials`;
/*!40101 SET @saved_cs_client     = @@character_set_client */;
/*!50503 SET character_set_client = utf8mb4 */;
CREATE TABLE `recipe_materials` (
  `id` int NOT NULL AUTO_INCREMENT,
  `recipe_id` int NOT NULL,
  `material_id` int NOT NULL,
  `quantity` int DEFAULT '1',
  PRIMARY KEY (`id`),
  KEY `recipe_id` (`recipe_id`),
  KEY `material_id` (`material_id`),
  CONSTRAINT `recipe_materials_ibfk_1` FOREIGN KEY (`recipe_id`) REFERENCES `crafting_recipes` (`id`) ON DELETE CASCADE,
  CONSTRAINT `recipe_materials_ibfk_2` FOREIGN KEY (`material_id`) REFERENCES `materials` (`id`)
) ENGINE=InnoDB AUTO_INCREMENT=166 DEFAULT CHARSET=utf8mb4 COLLATE=utf8mb4_0900_ai_ci;
/*!40101 SET character_set_client = @saved_cs_client */;

--
-- Dumping data for table `recipe_materials`
--

LOCK TABLES `recipe_materials` WRITE;
/*!40000 ALTER TABLE `recipe_materials` DISABLE KEYS */;
INSERT INTO `recipe_materials` VALUES (1,1,1,50),(2,1,3,30),(3,2,1,100),(4,2,5,30),(5,2,14,20),(6,3,2,50),(7,3,3,40),(8,4,1,80),(9,4,2,50),(10,4,5,20),(11,5,3,30),(12,5,8,20),(13,6,8,50),(14,6,5,30),(15,7,1,30),(16,7,8,20),(17,8,1,50),(18,8,8,40),(19,8,5,20),(20,9,1,30),(21,9,20,30),(22,10,1,80),(23,10,5,30),(24,10,14,20),(25,11,2,60),(26,11,1,20),(27,12,1,120),(28,12,2,40),(29,13,2,40),(30,14,1,80),(31,14,2,20),(32,15,2,30),(33,15,20,20),(34,16,1,60),(35,16,2,30),(36,17,20,50),(37,17,1,20),(38,18,1,100),(39,18,5,20),(40,19,1,40),(41,19,5,10),(42,20,1,60),(43,20,5,40),(44,20,6,20),(45,21,3,50),(46,21,8,10),(47,22,6,40),(48,22,5,30),(49,23,1,200),(50,23,7,50),(51,23,12,30),(52,23,11,20),(53,24,3,150),(54,24,7,50),(55,24,13,30),(56,25,8,80),(57,25,7,30),(58,25,21,20),(59,26,1,100),(60,26,6,60),(61,26,7,30),(62,27,1,150),(63,27,5,80),(64,27,7,30),(65,28,7,80),(66,28,1,150),(67,28,21,20),(68,29,7,50),(69,29,1,100),(70,30,7,40),(71,30,2,80),(72,31,7,60),(73,31,1,120),(74,32,5,80),(75,32,7,20),(76,32,11,20),(77,33,7,40),(78,33,22,10),(79,33,5,60),(80,34,22,20),(81,34,12,80),(82,34,11,60),(83,34,21,40),(84,35,7,120),(85,35,13,80),(86,35,5,100),(87,36,22,20),(88,36,6,100),(89,36,5,120),(90,36,21,40),(91,37,8,120),(92,37,6,80),(93,37,7,60),(94,38,22,20),(95,38,1,300),(96,38,12,60),(97,38,5,80),(98,39,7,150),(99,39,22,10),(100,39,21,50),(101,39,1,250),(102,40,7,100),(103,40,12,50),(104,40,1,150),(105,41,7,80),(106,41,2,150),(107,42,7,120),(108,42,22,10),(109,42,1,200),(110,43,22,10),(111,43,5,120),(112,43,10,80),(113,44,6,100),(114,44,13,60),(115,44,12,60),(116,45,22,50),(117,46,22,40),(118,47,22,50),(119,47,6,200),(120,48,22,40),(121,48,8,200),(122,49,22,50),(123,50,22,40),(124,50,7,250),(125,51,22,30),(126,51,7,150),(127,52,22,20),(128,52,2,250),(129,53,22,30),(130,53,7,200),(131,54,22,30),(132,55,22,30),(133,55,6,150),(134,56,3,100),(135,56,5,50),(136,56,13,20),(137,57,1,150),(138,57,5,60),(139,57,12,20),(140,58,8,60),(141,58,5,50),(142,58,6,40),(143,59,1,80),(144,59,8,50),(145,59,6,30),(146,60,1,120),(147,60,5,50),(148,60,11,20),(149,61,2,100),(150,61,11,30),(151,61,21,10),(152,62,1,80),(153,62,11,20),(154,62,3,50),(155,63,2,80),(156,63,11,20),(157,64,1,100),(158,64,11,30),(159,64,5,30),(160,65,5,60),(161,65,6,40),(162,65,7,10),(163,66,20,100),(164,66,6,50),(165,66,5,40);
/*!40000 ALTER TABLE `recipe_materials` ENABLE KEYS */;
UNLOCK TABLES;

--
-- Table structure for table `shop_stock`
--

DROP TABLE IF EXISTS `shop_stock`;
/*!40101 SET @saved_cs_client     = @@character_set_client */;
/*!50503 SET character_set_client = utf8mb4 */;
CREATE TABLE `shop_stock` (
  `id` int NOT NULL AUTO_INCREMENT,
  `character_id` int NOT NULL,
  `item_id` int NOT NULL,
  `refresh_at` datetime NOT NULL,
  `sold` tinyint(1) NOT NULL DEFAULT '0',
  PRIMARY KEY (`id`),
  KEY `idx_char_refresh` (`character_id`,`refresh_at`)
) ENGINE=InnoDB AUTO_INCREMENT=240 DEFAULT CHARSET=utf8mb4 COLLATE=utf8mb4_0900_ai_ci;
/*!40101 SET character_set_client = @saved_cs_client */;

--
-- Dumping data for table `shop_stock`
--

LOCK TABLES `shop_stock` WRITE;
/*!40000 ALTER TABLE `shop_stock` DISABLE KEYS */;
INSERT INTO `shop_stock` VALUES (171,5,1716,'2026-03-06 14:00:00',0),(172,5,1709,'2026-03-06 14:00:00',0),(173,5,5,'2026-03-06 14:00:00',1),(174,5,14,'2026-03-06 14:00:00',1),(175,5,1830,'2026-03-06 14:00:00',1),(176,6,1831,'2026-03-07 00:00:00',0),(177,6,218,'2026-03-07 00:00:00',0),(178,6,26,'2026-03-07 00:00:00',0),(179,6,22,'2026-03-07 00:00:00',0),(180,6,3,'2026-03-07 00:00:00',0),(181,6,10313,'2026-03-07 00:00:00',0),(182,6,1701,'2026-03-07 00:00:00',0),(183,6,17,'2026-03-07 00:00:00',0),(192,7,1826,'2026-03-07 05:00:00',0),(193,7,23,'2026-03-07 05:00:00',0),(194,7,16,'2026-03-07 05:00:00',0),(195,7,1828,'2026-03-07 05:00:00',0),(196,7,24,'2026-03-07 05:00:00',0),(197,7,1709,'2026-03-07 05:00:00',0),(198,7,1704,'2026-03-07 05:00:00',0),(199,7,26,'2026-03-07 05:00:00',0),(224,12,10313,'2026-03-07 20:00:00',0),(225,12,31,'2026-03-07 20:00:00',0),(226,12,1830,'2026-03-07 20:00:00',0),(227,12,1717,'2026-03-07 20:00:00',0),(228,12,1705,'2026-03-07 20:00:00',1),(229,12,13,'2026-03-07 20:00:00',1),(230,12,10305,'2026-03-07 20:00:00',0),(231,12,10323,'2026-03-07 20:00:00',0),(232,19,25,'2026-03-07 20:00:00',0),(233,19,13,'2026-03-07 20:00:00',0),(234,19,215,'2026-03-07 20:00:00',1),(235,19,11,'2026-03-07 20:00:00',1),(236,19,17,'2026-03-07 20:00:00',0),(237,19,10313,'2026-03-07 20:00:00',0),(238,19,28,'2026-03-07 20:00:00',1),(239,19,26,'2026-03-07 20:00:00',0);
/*!40000 ALTER TABLE `shop_stock` ENABLE KEYS */;
UNLOCK TABLES;

--
-- Table structure for table `skill_tree_edges`
--

DROP TABLE IF EXISTS `skill_tree_edges`;
/*!40101 SET @saved_cs_client     = @@character_set_client */;
/*!50503 SET character_set_client = utf8mb4 */;
CREATE TABLE `skill_tree_edges` (
  `id` int NOT NULL AUTO_INCREMENT,
  `parent_node_id` int NOT NULL,
  `child_node_id` int NOT NULL,
  PRIMARY KEY (`id`),
  UNIQUE KEY `unique_edge` (`parent_node_id`,`child_node_id`),
  KEY `child_node_id` (`child_node_id`),
  CONSTRAINT `skill_tree_edges_ibfk_1` FOREIGN KEY (`parent_node_id`) REFERENCES `skill_tree_nodes` (`id`) ON DELETE CASCADE,
  CONSTRAINT `skill_tree_edges_ibfk_2` FOREIGN KEY (`child_node_id`) REFERENCES `skill_tree_nodes` (`id`) ON DELETE CASCADE
) ENGINE=InnoDB AUTO_INCREMENT=142 DEFAULT CHARSET=utf8mb4 COLLATE=utf8mb4_0900_ai_ci;
/*!40101 SET character_set_client = @saved_cs_client */;

--
-- Dumping data for table `skill_tree_edges`
--

LOCK TABLES `skill_tree_edges` WRITE;
/*!40000 ALTER TABLE `skill_tree_edges` DISABLE KEYS */;
INSERT INTO `skill_tree_edges` VALUES (1,1,2),(2,1,3),(3,2,4),(4,2,5),(5,3,5),(6,3,6),(7,4,7),(8,5,7),(9,6,7),(82,7,64),(10,8,9),(11,8,10),(12,8,11),(13,9,12),(14,10,12),(15,10,13),(16,11,13),(17,12,14),(18,13,14),(85,14,67),(19,15,16),(20,15,17),(21,16,18),(22,16,19),(23,17,19),(24,17,20),(25,18,21),(26,19,21),(27,20,21),(88,21,70),(28,22,23),(29,22,24),(30,23,25),(31,23,26),(32,24,26),(33,24,27),(34,25,28),(35,26,28),(36,27,28),(91,28,73),(37,29,30),(38,29,31),(39,30,32),(40,30,33),(41,31,33),(42,31,34),(43,32,35),(44,33,35),(45,34,35),(94,35,76),(46,36,37),(47,36,38),(48,37,39),(49,37,40),(50,38,40),(51,38,41),(52,39,42),(53,40,42),(54,41,42),(97,42,79),(55,43,44),(56,43,45),(57,44,46),(58,44,47),(59,45,47),(60,45,48),(61,46,49),(62,47,49),(63,48,49),(100,49,82),(64,50,51),(65,50,52),(66,51,53),(67,51,54),(68,52,54),(69,52,55),(70,53,56),(71,54,56),(72,55,56),(103,56,85),(73,57,58),(74,57,59),(75,58,60),(76,58,61),(77,59,61),(78,59,62),(79,60,63),(80,61,63),(81,62,63),(106,63,88),(83,64,65),(84,65,66),(86,67,68),(87,68,69),(89,70,71),(90,71,72),(92,73,74),(93,74,75),(95,76,77),(96,77,78),(98,79,80),(99,80,81),(101,82,83),(102,83,84),(104,85,86),(105,86,87),(107,88,89),(108,89,90),(109,91,92),(110,91,93),(111,92,94),(112,92,95),(113,93,96),(114,94,97),(115,95,97),(116,96,97),(117,97,98),(118,98,99),(119,99,100),(120,101,102),(121,101,103),(122,102,104),(123,102,106),(124,103,105),(125,104,107),(126,105,107),(127,106,107),(128,107,108),(129,108,109),(130,109,110),(131,111,112),(132,111,113),(133,112,114),(134,112,115),(135,113,116),(136,114,117),(137,115,117),(138,116,117),(139,117,118),(140,118,119),(141,119,120);
/*!40000 ALTER TABLE `skill_tree_edges` ENABLE KEYS */;
UNLOCK TABLES;

--
-- Table structure for table `skill_tree_nodes`
--

DROP TABLE IF EXISTS `skill_tree_nodes`;
/*!40101 SET @saved_cs_client     = @@character_set_client */;
/*!50503 SET character_set_client = utf8mb4 */;
CREATE TABLE `skill_tree_nodes` (
  `id` int NOT NULL AUTO_INCREMENT,
  `class_type` varchar(20) NOT NULL,
  `branch` varchar(30) NOT NULL,
  `branch_name` varchar(30) NOT NULL,
  `tier` int NOT NULL DEFAULT '1',
  `node_key` varchar(50) NOT NULL,
  `name` varchar(50) NOT NULL,
  `description` varchar(300) NOT NULL,
  `icon` varchar(10) DEFAULT '✦',
  `node_type` enum('active','passive') NOT NULL DEFAULT 'active',
  `skill_type` enum('attack','heal','buff','debuff','aoe') DEFAULT NULL,
  `mp_cost` int DEFAULT '0',
  `damage_multiplier` float DEFAULT '1',
  `damage_type` enum('physical','magical') DEFAULT 'magical',
  `heal_amount` int DEFAULT '0',
  `buff_stat` varchar(20) DEFAULT NULL,
  `buff_value` int DEFAULT '0',
  `buff_duration` int DEFAULT '0',
  `cooldown` int DEFAULT '0',
  `skill_range` int DEFAULT '1',
  `passive_stat` varchar(20) DEFAULT NULL,
  `passive_value` float DEFAULT '0',
  `passive_is_percent` tinyint(1) DEFAULT '0',
  `pos_x` float DEFAULT '0',
  `pos_y` float DEFAULT '0',
  `point_cost` int DEFAULT '1',
  `required_level` int DEFAULT '1',
  PRIMARY KEY (`id`),
  UNIQUE KEY `node_key` (`node_key`)
) ENGINE=InnoDB AUTO_INCREMENT=121 DEFAULT CHARSET=utf8mb4 COLLATE=utf8mb4_0900_ai_ci;
/*!40101 SET character_set_client = @saved_cs_client */;

--
-- Dumping data for table `skill_tree_nodes`
--

LOCK TABLES `skill_tree_nodes` WRITE;
/*!40000 ALTER TABLE `skill_tree_nodes` DISABLE KEYS */;
INSERT INTO `skill_tree_nodes` VALUES (1,'풍수사','fire','화염술',1,'ps_fire_1','화염탄','불의 기운을 모아 적에게 화염탄을 날린다.','🔥','active','attack',10,2,'magical',0,NULL,0,0,0,2,NULL,0,0,1,1,1,1),(2,'풍수사','fire','화염술',2,'ps_fire_2a','업화','맹렬한 업화로 적을 불태운다.','🔥','active','attack',18,3,'magical',0,NULL,0,0,1,2,NULL,0,0,0,2,2,8),(3,'풍수사','fire','화염술',2,'ps_fire_2b','화염폭발','폭발하는 화염으로 범위 피해를 준다.','💥','active','aoe',22,2.5,'magical',0,NULL,0,0,2,2,NULL,0,0,2,2,2,8),(4,'풍수사','fire','화염술',3,'ps_fire_3a','불꽃결계','불꽃 결계를 펼쳐 마공을 높인다.','🛡️','passive',NULL,0,1,'magical',0,NULL,0,0,0,0,'mag_attack',5,0,0,3,3,18),(5,'풍수사','fire','화염술',3,'ps_fire_3b','연소','화염 공격 시 추가 피해를 입힌다.','♨️','passive',NULL,0,1,'magical',0,NULL,0,0,0,0,'mag_attack',8,1,1,3,3,18),(6,'풍수사','fire','화염술',3,'ps_fire_3c','화산탄','용암을 발사하여 강력한 일격을 가한다.','🌋','active','attack',30,4,'magical',0,NULL,0,0,2,3,NULL,0,0,2,3,3,18),(7,'풍수사','fire','화염술',4,'ps_fire_4','삼매진화','삼매의 진화로 모든 것을 태운다. 궁극 화염술.','☀️','active','aoe',50,6,'magical',0,NULL,0,0,4,3,NULL,0,0,1,4,4,30),(8,'풍수사','geomancy','풍수지리',1,'ps_geo_1','풍수결계','풍수 결계를 펼쳐 방어력을 높인다.','🌀','active','buff',12,0,'magical',0,'defense',8,3,2,0,NULL,0,0,1,1,1,1),(9,'풍수사','geomancy','풍수지리',2,'ps_geo_2a','대지의 축복','대지의 기운으로 HP를 회복한다.','🌿','active','heal',15,0,'magical',40,NULL,0,0,1,0,NULL,0,0,0,2,2,8),(10,'풍수사','geomancy','풍수지리',2,'ps_geo_2b','수맥감응','수맥의 기운을 감지하여 MP를 회복한다.','💧','active','heal',0,0,'magical',0,'mp',15,1,2,0,NULL,0,0,1,2,2,8),(11,'풍수사','geomancy','풍수지리',2,'ps_geo_2c','바람길','바람의 길을 열어 회피율을 높인다.','💨','passive',NULL,0,1,'magical',0,NULL,0,0,0,0,'evasion',3,0,2,2,2,8),(12,'풍수사','geomancy','풍수지리',3,'ps_geo_3a','산맥호위','산맥의 기운으로 물방을 강화한다.','⛰️','passive',NULL,0,1,'magical',0,NULL,0,0,0,0,'phys_defense',5,0,0,3,3,18),(13,'풍수사','geomancy','풍수지리',3,'ps_geo_3b','기운회복','자연의 기운을 흡수하여 체력을 회복한다.','💚','active','heal',25,0,'magical',60,NULL,0,0,2,0,NULL,0,0,2,3,3,18),(14,'풍수사','geomancy','풍수지리',4,'ps_geo_4','천지개벽','천지를 뒤흔드는 궁극 풍수술.','🌏','active','aoe',55,5.5,'magical',0,'defense',10,3,4,4,NULL,0,0,1,4,4,30),(15,'풍수사','dragon','용맥술',1,'ps_dragon_1','수맥파','대지의 수맥을 터뜨려 강력한 일격을 가한다.','🐉','active','attack',15,2.5,'magical',0,NULL,0,0,1,2,NULL,0,0,1,1,1,1),(16,'풍수사','dragon','용맥술',2,'ps_dragon_2a','용맥감지','용맥을 감지하여 치명률을 높인다.','👁️','passive',NULL,0,1,'magical',0,NULL,0,0,0,0,'crit_rate',3,0,0,2,2,8),(17,'풍수사','dragon','용맥술',2,'ps_dragon_2b','기맥순환','기맥을 순환시켜 MP를 절약한다.','🔄','passive',NULL,0,1,'magical',0,NULL,0,0,0,0,'mp',10,0,2,2,2,8),(18,'풍수사','dragon','용맥술',3,'ps_dragon_3a','용맥강타','용맥의 힘으로 강력한 일격을 가한다.','⚡','active','attack',25,3.5,'magical',0,NULL,0,0,2,3,NULL,0,0,0,3,3,18),(19,'풍수사','dragon','용맥술',3,'ps_dragon_3b','용의 가호','용의 기운으로 마방을 강화한다.','🛡️','passive',NULL,0,1,'magical',0,NULL,0,0,0,0,'mag_defense',5,0,1,3,3,18),(20,'풍수사','dragon','용맥술',3,'ps_dragon_3c','지맥폭발','지맥을 폭발시켜 범위 피해를 준다.','💥','active','aoe',28,3,'magical',0,NULL,0,0,2,2,NULL,0,0,2,3,3,18),(21,'풍수사','dragon','용맥술',4,'ps_dragon_4','용맥폭발','용맥의 모든 힘을 해방하는 궁극기.','🐲','active','attack',55,7,'magical',0,NULL,0,0,4,3,NULL,0,0,1,4,4,30),(22,'무당','spirit','강신술',1,'md_spirit_1','부적소환','저주의 부적을 소환하여 적을 공격한다.','📜','active','attack',8,1.8,'magical',0,NULL,0,0,0,2,NULL,0,0,1,1,1,1),(23,'무당','spirit','강신술',2,'md_spirit_2a','영혼공명','영혼과 공명하여 마공을 높인다.','👻','passive',NULL,0,1,'magical',0,NULL,0,0,0,0,'mag_attack',4,0,0,2,2,8),(24,'무당','spirit','강신술',2,'md_spirit_2b','영혼흡수','적의 생명력을 흡수한다.','💜','active','attack',18,2.2,'magical',30,NULL,0,0,1,2,NULL,0,0,2,2,2,8),(25,'무당','spirit','강신술',3,'md_spirit_3a','신내림','신의 힘을 빌려 공격력을 크게 높인다.','⬆️','active','buff',15,0,'magical',0,'attack',10,3,2,0,NULL,0,0,0,3,3,18),(26,'무당','spirit','강신술',3,'md_spirit_3b','혼백분리','혼백을 분리하여 치명 피해를 높인다.','💀','passive',NULL,0,1,'magical',0,NULL,0,0,0,0,'crit_rate',4,0,1,3,3,18),(27,'무당','spirit','강신술',3,'md_spirit_3c','영력증폭','영력을 증폭하여 마공을 강화한다.','✨','passive',NULL,0,1,'magical',0,NULL,0,0,0,0,'mag_attack',6,0,2,3,3,18),(28,'무당','spirit','강신술',4,'md_spirit_4','강신합체','강력한 영혼과 합체하는 궁극 강신술.','👹','active','attack',45,6.5,'magical',0,'attack',12,3,4,3,NULL,0,0,1,4,4,30),(29,'무당','healing','치유술',1,'md_heal_1','치유의식','치유의 의식을 행하여 체력을 회복한다.','💚','active','heal',12,0,'magical',35,NULL,0,0,1,2,NULL,0,0,1,1,1,1),(30,'무당','healing','치유술',2,'md_heal_2a','정화의 기운','정화의 기운으로 HP를 강화한다.','🌿','passive',NULL,0,1,'magical',0,NULL,0,0,0,0,'hp',15,0,0,2,2,8),(31,'무당','healing','치유술',2,'md_heal_2b','보호결계','보호 결계로 마방을 높인다.','🛡️','active','buff',14,0,'magical',0,'mag_defense',8,3,2,0,NULL,0,0,2,2,2,8),(32,'무당','healing','치유술',3,'md_heal_3a','대치유','강력한 치유 의식으로 대량 HP를 회복한다.','💖','active','heal',30,0,'magical',80,NULL,0,0,2,3,NULL,0,0,0,3,3,18),(33,'무당','healing','치유술',3,'md_heal_3b','생명의 축복','생명력을 강화하는 축복을 내린다.','🌸','passive',NULL,0,1,'magical',0,NULL,0,0,0,0,'hp',25,0,1,3,3,18),(34,'무당','healing','치유술',3,'md_heal_3c','해독의식','해독 의식으로 물방을 강화한다.','🍃','passive',NULL,0,1,'magical',0,NULL,0,0,0,0,'phys_defense',4,0,2,3,3,18),(35,'무당','healing','치유술',4,'md_heal_4','부활의 의식','죽은 자를 되살리는 궁극 치유술.','🌅','active','heal',60,0,'magical',150,NULL,0,0,4,4,NULL,0,0,1,4,4,30),(36,'무당','curse','저주술',1,'md_curse_1','약화저주','적의 방어력을 약화시키는 저주.','🔮','active','debuff',10,1.5,'magical',0,'defense',-5,3,0,3,NULL,0,0,1,1,1,1),(37,'무당','curse','저주술',2,'md_curse_2a','독기방출','독기를 방출하여 지속 피해를 준다.','☠️','active','attack',16,2.5,'magical',0,NULL,0,0,1,2,NULL,0,0,0,2,2,8),(38,'무당','curse','저주술',2,'md_curse_2b','저주확산','저주가 확산되어 범위 피해를 준다.','🌑','active','aoe',20,2,'magical',0,NULL,0,0,2,2,NULL,0,0,2,2,2,8),(39,'무당','curse','저주술',3,'md_curse_3a','혼란의 주문','적을 혼란에 빠뜨리는 주문.','🌀','active','debuff',22,2.8,'magical',0,'attack',-8,3,2,3,NULL,0,0,0,3,3,18),(40,'무당','curse','저주술',3,'md_curse_3b','원한응축','원한을 응축하여 마공을 높인다.','💢','passive',NULL,0,1,'magical',0,NULL,0,0,0,0,'mag_attack',7,0,1,3,3,18),(41,'무당','curse','저주술',3,'md_curse_3c','사령소환','사령을 소환하여 적을 공격한다.','👻','active','attack',26,3.5,'magical',0,NULL,0,0,2,3,NULL,0,0,2,3,3,18),(42,'무당','curse','저주술',4,'md_curse_4','망자의 저주','망자의 원한을 해방하는 궁극 저주술.','💀','active','aoe',55,6,'magical',0,'defense',-10,3,4,4,NULL,0,0,1,4,4,30),(43,'승려','diamond','금강술',1,'mk_diamond_1','철벽수호','몸을 강철처럼 단단하게 만든다.','🛡️','active','buff',10,0,'physical',0,'defense',10,3,2,0,NULL,0,0,1,1,1,1),(44,'승려','diamond','금강술',2,'mk_diamond_2a','강철피부','피부를 강철처럼 단련하여 물방을 높인다.','⬛','passive',NULL,0,1,'physical',0,NULL,0,0,0,0,'phys_defense',5,0,0,2,2,8),(45,'승려','diamond','금강술',2,'mk_diamond_2b','기공방어','기공으로 마방을 높인다.','🔵','passive',NULL,0,1,'physical',0,NULL,0,0,0,0,'mag_defense',4,0,2,2,2,8),(46,'승려','diamond','금강술',3,'mk_diamond_3a','불괴금강','부서지지 않는 금강의 몸을 얻는다.','💎','passive',NULL,0,1,'physical',0,NULL,0,0,0,0,'hp',30,0,0,3,3,18),(47,'승려','diamond','금강술',3,'mk_diamond_3b','반격자세','반격 자세로 물공을 높인다.','⚔️','passive',NULL,0,1,'physical',0,NULL,0,0,0,0,'phys_attack',5,0,1,3,3,18),(48,'승려','diamond','금강술',3,'mk_diamond_3c','기력회복','기력을 회복하여 HP를 되찾는다.','💚','active','heal',15,0,'physical',50,NULL,0,0,1,0,NULL,0,0,2,3,3,18),(49,'승려','diamond','금강술',4,'mk_diamond_4','금강불괴체','금강불괴의 몸을 완성하는 궁극기.','🏔️','active','buff',50,0,'physical',0,'defense',20,4,4,0,NULL,0,0,1,4,4,30),(50,'승려','arhat','나한권',1,'mk_arhat_1','금강권','금강의 힘을 담은 주먹으로 강타한다.','👊','active','attack',8,1.8,'physical',0,NULL,0,0,0,1,NULL,0,0,1,1,1,1),(51,'승려','arhat','나한권',2,'mk_arhat_2a','연타수련','연타로 공격력을 높인다.','💪','passive',NULL,0,1,'physical',0,NULL,0,0,0,0,'phys_attack',4,0,0,2,2,8),(52,'승려','arhat','나한권',2,'mk_arhat_2b','파사권','사악함을 부수는 강력한 권법.','✊','active','attack',18,2.8,'physical',0,NULL,0,0,1,1,NULL,0,0,2,2,2,8),(53,'승려','arhat','나한권',3,'mk_arhat_3a','백보신권','100보를 꿰뚫는 신권.','💫','active','attack',25,3.5,'physical',0,NULL,0,0,2,2,NULL,0,0,0,3,3,18),(54,'승려','arhat','나한권',3,'mk_arhat_3b','급소타격','급소를 노려 치명률을 높인다.','🎯','passive',NULL,0,1,'physical',0,NULL,0,0,0,0,'crit_rate',5,0,1,3,3,18),(55,'승려','arhat','나한권',3,'mk_arhat_3c','연환격','연속으로 강력한 타격을 가한다.','🔥','active','attack',22,3,'physical',0,NULL,0,0,1,1,NULL,0,0,2,3,3,18),(56,'승려','arhat','나한권',4,'mk_arhat_4','나한신권','나한의 힘을 깨워 초월적 일격.','☯️','active','attack',50,7,'physical',0,NULL,0,0,4,2,NULL,0,0,1,4,4,30),(57,'승려','zen','선법',1,'mk_zen_1','선정','깊은 선정에 들어 HP를 회복한다.','🧘','active','heal',10,0,'magical',30,NULL,0,0,1,0,NULL,0,0,1,1,1,1),(58,'승려','zen','선법',2,'mk_zen_2a','내공수련','내공을 수련하여 물공을 높인다.','💪','passive',NULL,0,1,'physical',0,NULL,0,0,0,0,'phys_attack',3,0,0,2,2,8),(59,'승려','zen','선법',2,'mk_zen_2b','명상','깊은 명상으로 MP를 높인다.','🕯️','passive',NULL,0,1,'magical',0,NULL,0,0,0,0,'mp',15,0,2,2,2,8),(60,'승려','zen','선법',3,'mk_zen_3a','기공파','기공을 모아 강력한 파동을 발사한다.','🌊','active','attack',20,3,'magical',0,NULL,0,0,2,3,NULL,0,0,0,3,3,18),(61,'승려','zen','선법',3,'mk_zen_3b','선정의 경지','선정의 경지에 올라 회피를 높인다.','☁️','passive',NULL,0,1,'magical',0,NULL,0,0,0,0,'evasion',4,0,1,3,3,18),(62,'승려','zen','선법',3,'mk_zen_3c','만병통치','모든 상처를 치유하는 의술.','🌟','active','heal',28,0,'magical',70,NULL,0,0,2,0,NULL,0,0,2,3,3,18),(63,'승려','zen','선법',4,'mk_zen_4','대자대비','대자대비의 경지에 오르는 궁극 선법.','☸️','active','heal',55,0,'magical',120,'attack',10,3,4,4,NULL,0,0,1,4,4,30),(64,'풍수사','fire','화염술',5,'ps_fire_5','태양폭풍','태양의 화염을 불러내어 광역 소각한다.','🌞','active','aoe',65,7.5,'magical',0,NULL,0,0,5,4,NULL,0,0,1,5,5,45),(65,'풍수사','fire','화염술',6,'ps_fire_6','천화멸세','천상의 불꽃으로 만물을 정화한다.','🔆','active','aoe',85,9,'magical',0,'attack',15,3,6,5,NULL,0,0,1,6,7,65),(66,'풍수사','fire','화염술',7,'ps_fire_7','화신강림','불의 신을 강림시키는 궁극 화염술.','🌅','active','aoe',110,12,'magical',0,'attack',25,4,8,5,NULL,0,0,1,7,10,85),(67,'풍수사','geomancy','풍수지리',5,'ps_geo_5','대지신호','대지의 신이 호위하여 전원 방어 강화.','🏔️','active','buff',60,0,'magical',0,'defense',18,4,4,4,NULL,0,0,1,5,5,45),(68,'풍수사','geomancy','풍수지리',6,'ps_geo_6','천지합일','천지의 기운을 합일시켜 대량 회복.','🌍','active','heal',80,0,'magical',120,'defense',12,3,5,4,NULL,0,0,1,6,7,65),(69,'풍수사','geomancy','풍수지리',7,'ps_geo_7','만물귀일','만물의 기운을 하나로 모으는 궁극 풍수.','☯️','active','heal',100,0,'magical',200,'defense',25,5,8,5,NULL,0,0,1,7,10,85),(70,'풍수사','dragon','용맥술',5,'ps_dragon_5','용왕강림','용왕의 힘을 빌려 적을 쓸어버린다.','🐲','active','attack',70,8.5,'magical',0,NULL,0,0,5,4,NULL,0,0,1,5,5,45),(71,'풍수사','dragon','용맥술',6,'ps_dragon_6','천룡격','하늘의 용이 내려와 적을 격파한다.','⚡','active','attack',90,10,'magical',0,'attack',12,3,6,4,NULL,0,0,1,6,7,65),(72,'풍수사','dragon','용맥술',7,'ps_dragon_7','용맥해방','모든 용맥을 해방하는 최종 궁극기.','🌊','active','aoe',120,14,'magical',0,NULL,0,0,8,5,NULL,0,0,1,7,10,85),(73,'무당','spirit','강신술',5,'md_spirit_5','대신강림','강력한 신을 강림시켜 적을 멸한다.','👹','active','attack',60,8,'magical',0,'attack',18,3,5,4,NULL,0,0,1,5,5,45),(74,'무당','spirit','강신술',6,'md_spirit_6','만신합체','만신의 힘을 빌려 초월적 일격.','⚔️','active','attack',80,10.5,'magical',0,'attack',22,4,6,4,NULL,0,0,1,6,7,65),(75,'무당','spirit','강신술',7,'md_spirit_7','천신일체','천상의 신과 하나 되는 궁극 강신.','🌟','active','aoe',110,13,'magical',0,'attack',30,5,8,5,NULL,0,0,1,7,10,85),(76,'무당','healing','치유술',5,'md_heal_5','성스러운 빛','성스러운 빛으로 전원 대량 회복.','✨','active','heal',55,0,'magical',100,NULL,0,0,4,4,NULL,0,0,1,5,5,45),(77,'무당','healing','치유술',6,'md_heal_6','천상의 축복','천상의 축복으로 부활 + 회복.','🌈','active','heal',75,0,'magical',160,'defense',15,4,5,4,NULL,0,0,1,6,7,65),(78,'무당','healing','치유술',7,'md_heal_7','윤회전생','생사를 초월하는 궁극 치유.','🔮','active','heal',100,0,'magical',250,'hp',50,5,8,5,NULL,0,0,1,7,10,85),(79,'무당','curse','저주술',5,'md_curse_5','원혼해방','원혼을 대량 해방하여 적을 괴멸.','💀','active','aoe',65,7,'magical',0,'defense',-15,4,5,4,NULL,0,0,1,5,5,45),(80,'무당','curse','저주술',6,'md_curse_6','저승사자','저승사자를 소환하여 적을 심판.','☠️','active','attack',85,10,'magical',0,'attack',-18,4,6,4,NULL,0,0,1,6,7,65),(81,'무당','curse','저주술',7,'md_curse_7','만귀야행','만 귀신이 행진하는 궁극 저주.','👻','active','aoe',110,12.5,'magical',0,'defense',-25,5,8,5,NULL,0,0,1,7,10,85),(82,'승려','diamond','금강술',5,'mk_diamond_5','금강신체','금강신의 몸을 얻어 절대 방어.','💎','active','buff',55,0,'physical',0,'defense',25,4,5,0,NULL,0,0,1,5,5,45),(83,'승려','diamond','금강술',6,'mk_diamond_6','천왕호법','사천왕의 호법을 받아 무적.','🏯','active','buff',75,0,'physical',0,'defense',35,5,6,0,'phys_defense',15,0,1,6,7,65),(84,'승려','diamond','금강술',7,'mk_diamond_7','금강불멸','금강불멸의 경지에 오르는 궁극기.','🌟','active','buff',100,0,'physical',100,'defense',50,6,8,0,'hp',100,0,1,7,10,85),(85,'승려','arhat','나한권',5,'mk_arhat_5','항마권','악마를 항복시키는 강력한 권법.','👊','active','attack',60,8,'physical',0,NULL,0,0,5,2,NULL,0,0,1,5,5,45),(86,'승려','arhat','나한권',6,'mk_arhat_6','천권','하늘을 가르는 신권.','💫','active','attack',80,10.5,'physical',0,'attack',15,3,6,2,NULL,0,0,1,6,7,65),(87,'승려','arhat','나한권',7,'mk_arhat_7','나한멸세권','만팔천 나한의 힘을 모은 궁극 권법.','☄️','active','aoe',110,14,'physical',0,NULL,0,0,8,3,NULL,0,0,1,7,10,85),(88,'승려','zen','선법',5,'mk_zen_5','무아지경','무아의 경지에 올라 전원 회복.','🧘','active','heal',55,0,'magical',90,'evasion',8,4,4,4,NULL,0,0,1,5,5,45),(89,'승려','zen','선법',6,'mk_zen_6','열반적정','열반의 고요함으로 대량 회복.','🕉️','active','heal',75,0,'magical',150,'defense',12,4,5,4,NULL,0,0,1,6,7,65),(90,'승려','zen','선법',7,'mk_zen_7','성불','성불의 경지에 오르는 궁극 선법.','☸️','active','heal',100,0,'magical',250,'attack',20,5,8,5,NULL,0,0,1,7,10,85),(91,'저승사자','reaper','사신술',1,'rp_reaper_1','사신의 낫','저승의 낫으로 적을 베어낸다.','💀','active','attack',8,2.2,'physical',0,NULL,0,0,0,1,NULL,0,0,1,1,1,1),(92,'저승사자','reaper','사신술',2,'rp_reaper_2a','혼백 추적','혼백을 추적하여 치명타율을 높인다.','👁️','passive',NULL,0,1,'physical',0,NULL,0,0,0,0,'crit_rate',4,0,0,2,2,8),(93,'저승사자','reaper','사신술',2,'rp_reaper_2b','사신참','빠른 참격으로 적을 베어버린다.','⚔️','active','attack',14,2.8,'physical',0,NULL,0,0,0,1,NULL,0,0,2,2,2,8),(94,'저승사자','reaper','사신술',3,'rp_reaper_3a','사명선고','사형 선고를 내려 적의 방어를 무시한다.','📜','active','attack',20,3.5,'physical',0,NULL,0,0,1,2,NULL,0,0,0,3,3,18),(95,'저승사자','reaper','사신술',3,'rp_reaper_3b','낫의 달인','낫 다루기의 달인이 되어 공격력 증가.','🌙','passive',NULL,0,1,'physical',0,NULL,0,0,0,0,'phys_attack',6,0,1,3,3,18),(96,'저승사자','reaper','사신술',3,'rp_reaper_3c','처형의 일격','HP가 낮은 적에게 추가 피해를 준다.','🗡️','active','attack',25,4.5,'physical',0,NULL,0,0,2,2,NULL,0,0,2,3,3,18),(97,'저승사자','reaper','사신술',4,'rp_reaper_4','영혼 수확','영혼을 수확하여 적을 즉사시킨다.','☠️','active','attack',45,6.5,'physical',0,NULL,0,0,3,2,NULL,0,0,1,4,4,30),(98,'저승사자','reaper','사신술',5,'rp_reaper_5','사신강림','사신이 강림하여 모든 것을 벤다.','🌑','active','attack',65,8.5,'physical',0,NULL,0,0,5,3,NULL,0,0,1,5,5,45),(99,'저승사자','reaper','사신술',6,'rp_reaper_6','황천의 심판','황천의 심판자로서 적을 처단.','⚖️','active','aoe',85,10.5,'physical',0,'defense',-20,3,6,3,NULL,0,0,1,6,7,65),(100,'저승사자','reaper','사신술',7,'rp_reaper_7','절대사신','절대 사신의 경지. 만물을 벤다.','🖤','active','aoe',110,14,'physical',0,NULL,0,0,8,4,NULL,0,0,1,7,10,85),(101,'저승사자','dark_curse','저주술',1,'rp_curse_1','원한의 손길','원한을 담은 손길로 적을 공격한다.','🖐️','active','attack',10,1.8,'magical',0,NULL,0,0,0,2,NULL,0,0,1,1,1,1),(102,'저승사자','dark_curse','저주술',2,'rp_curse_2a','저주 감염','저주를 퍼뜨려 적의 공격력을 낮춘다.','🦠','active','debuff',12,0,'magical',0,'attack',-5,3,2,3,NULL,0,0,0,2,2,8),(103,'저승사자','dark_curse','저주술',2,'rp_curse_2b','어둠의 손아귀','어둠으로 적을 움켜쥐어 피해를 준다.','🌑','active','attack',16,2.5,'magical',0,NULL,0,0,1,3,NULL,0,0,2,2,2,8),(104,'저승사자','dark_curse','저주술',3,'rp_curse_3a','마력 흡수','적의 마력을 흡수하여 MP를 회복한다.','💜','passive',NULL,0,1,'magical',0,NULL,0,0,0,0,'mag_attack',5,0,0,3,3,18),(105,'저승사자','dark_curse','저주술',3,'rp_curse_3b','생명력 착취','적의 생명력을 빼앗아 흡수한다.','🩸','active','attack',20,2,'magical',20,NULL,0,0,2,2,NULL,0,0,1,3,3,18),(106,'저승사자','dark_curse','저주술',3,'rp_curse_3c','악몽','악몽을 심어 적의 방어력을 낮춘다.','😈','active','debuff',18,0,'magical',0,'defense',-6,3,3,3,NULL,0,0,2,3,3,18),(107,'저승사자','dark_curse','저주술',4,'rp_curse_4','저주: 사멸','모든 것을 사멸시키는 저주.','💀','active','aoe',48,5.5,'magical',0,'defense',-10,4,4,3,NULL,0,0,1,4,4,30),(108,'저승사자','dark_curse','저주술',5,'rp_curse_5','원혼의 사슬','원혼의 사슬로 적을 속박한다.','⛓️','active','debuff',60,6,'magical',0,'attack',-18,4,5,3,NULL,0,0,1,5,5,45),(109,'저승사자','dark_curse','저주술',6,'rp_curse_6','저승의 불꽃','저승의 불꽃으로 적을 태운다.','🔮','active','aoe',80,9,'magical',0,'defense',-20,4,6,4,NULL,0,0,1,6,7,65),(110,'저승사자','dark_curse','저주술',7,'rp_curse_7','영원한 저주','영원히 풀리지 않는 궁극 저주.','🌀','active','aoe',105,12,'magical',0,'attack',-30,5,8,4,NULL,0,0,1,7,10,85),(111,'저승사자','undead','망자술',1,'rp_undead_1','영혼 갑옷','망자의 영혼으로 방어막을 만든다.','🛡️','active','buff',8,0,'magical',0,'defense',6,3,2,0,NULL,0,0,1,1,1,1),(112,'저승사자','undead','망자술',2,'rp_undead_2a','어둠 적응','어둠에 적응하여 회피율을 높인다.','🌑','passive',NULL,0,1,'magical',0,NULL,0,0,0,0,'evasion',4,0,0,2,2,8),(113,'저승사자','undead','망자술',2,'rp_undead_2b','망자의 힘','망자의 힘을 빌려 공격력을 높인다.','💪','active','buff',12,0,'magical',0,'attack',8,3,2,0,NULL,0,0,2,2,2,8),(114,'저승사자','undead','망자술',3,'rp_undead_3a','불사의 의지','죽음의 문턱에서 생존한다.','🔥','passive',NULL,0,1,'physical',0,NULL,0,0,0,0,'hp',15,0,0,3,3,18),(115,'저승사자','undead','망자술',3,'rp_undead_3b','영혼 흡수','쓰러진 적의 영혼을 흡수하여 HP 회복.','👻','active','heal',15,0,'magical',40,NULL,0,0,1,0,NULL,0,0,1,3,3,18),(116,'저승사자','undead','망자술',3,'rp_undead_3c','사령술','사령을 불러 공격력/방어력을 높인다.','💀','active','buff',20,0,'magical',0,'attack',10,3,3,0,NULL,0,0,2,3,3,18),(117,'저승사자','undead','망자술',4,'rp_undead_4','부활의 의식','망자의 힘으로 사망에서 부활한다.','☠️','active','buff',50,0,'magical',80,'defense',15,5,5,0,NULL,0,0,1,4,4,30),(118,'저승사자','undead','망자술',5,'rp_undead_5','저승의 권능','저승의 힘을 몸에 깃들게 한다.','🌑','active','buff',55,0,'magical',0,'attack',20,4,5,0,NULL,0,0,1,5,5,45),(119,'저승사자','undead','망자술',6,'rp_undead_6','사왕의 갑옷','사왕의 갑옷을 소환하여 무적.','👑','active','buff',75,0,'magical',60,'defense',35,5,6,0,'phys_defense',12,0,1,6,7,65),(120,'저승사자','undead','망자술',7,'rp_undead_7','사생결단','생과 사의 경계를 초월하는 궁극기.','💠','active','buff',100,0,'magical',150,'attack',30,6,8,0,'hp',80,0,1,7,10,85);
/*!40000 ALTER TABLE `skill_tree_nodes` ENABLE KEYS */;
UNLOCK TABLES;

--
-- Table structure for table `skills`
--

DROP TABLE IF EXISTS `skills`;
/*!40101 SET @saved_cs_client     = @@character_set_client */;
/*!50503 SET character_set_client = utf8mb4 */;
CREATE TABLE `skills` (
  `id` int NOT NULL AUTO_INCREMENT,
  `name` varchar(50) NOT NULL,
  `class_type` varchar(20) NOT NULL,
  `description` varchar(200) NOT NULL,
  `type` enum('attack','heal','buff') NOT NULL,
  `mp_cost` int NOT NULL DEFAULT '0',
  `damage_multiplier` float DEFAULT '1',
  `heal_amount` int DEFAULT '0',
  `buff_stat` varchar(20) DEFAULT NULL,
  `buff_value` int DEFAULT '0',
  `buff_duration` int DEFAULT '0',
  `required_level` int DEFAULT '1',
  `cooldown` int DEFAULT '0',
  PRIMARY KEY (`id`)
) ENGINE=InnoDB AUTO_INCREMENT=16 DEFAULT CHARSET=utf8mb4 COLLATE=utf8mb4_0900_ai_ci;
/*!40101 SET character_set_client = @saved_cs_client */;

--
-- Dumping data for table `skills`
--

LOCK TABLES `skills` WRITE;
/*!40000 ALTER TABLE `skills` DISABLE KEYS */;
INSERT INTO `skills` VALUES (1,'화염부','풍수사','불의 기운을 모아 적에게 화염을 날린다.','attack',10,2,0,NULL,0,0,1,0),(2,'수맥파','풍수사','대지의 수맥을 터뜨려 강력한 일격을 가한다.','attack',20,3,0,NULL,0,0,3,1),(3,'풍수결계','풍수사','풍수 결계를 펼쳐 방어력을 높인다.','buff',15,0,0,'defense',8,3,2,2),(4,'용맥폭발','풍수사','용맥의 힘을 폭발시켜 막대한 피해를 입힌다.','attack',40,5,0,NULL,0,0,6,3),(5,'기운회복','풍수사','자연의 기운을 흡수하여 체력을 회복한다.','heal',25,0,60,NULL,0,0,4,2),(6,'부적소환','무당','저주의 부적을 소환하여 적을 공격한다.','attack',8,1.8,0,NULL,0,0,1,0),(7,'영혼흡수','무당','적의 생명력을 흡수하여 피해를 주고 체력을 회복한다.','attack',18,2.2,30,NULL,0,0,3,1),(8,'신내림','무당','신의 힘을 빌려 공격력을 높인다.','buff',15,0,0,'attack',8,3,2,2),(9,'강신술','무당','강력한 영혼을 불러 적에게 큰 피해를 입힌다.','attack',35,4.5,0,NULL,0,0,6,3),(10,'치유의식','무당','치유의 의식을 행하여 체력을 회복한다.','heal',20,0,50,NULL,0,0,4,2),(11,'금강권','승려','금강의 힘을 담은 주먹으로 적을 강타한다.','attack',8,1.8,0,NULL,0,0,1,0),(12,'파사권','승려','사악함을 부수는 강력한 권법을 펼친다.','attack',18,2.8,0,NULL,0,0,3,1),(13,'철벽수호','승려','몸을 강철처럼 단단하게 만든다.','buff',12,0,0,'defense',12,3,2,2),(14,'나한신권','승려','나한의 힘을 깨워 초월적인 일격을 가한다.','attack',35,4,0,NULL,0,0,6,3),(15,'선정치유','승려','깊은 선정에 들어 체력을 크게 회복한다.','heal',20,0,80,NULL,0,0,4,2);
/*!40000 ALTER TABLE `skills` ENABLE KEYS */;
UNLOCK TABLES;

--
-- Table structure for table `special_dungeon_progress`
--

DROP TABLE IF EXISTS `special_dungeon_progress`;
/*!40101 SET @saved_cs_client     = @@character_set_client */;
/*!50503 SET character_set_client = utf8mb4 */;
CREATE TABLE `special_dungeon_progress` (
  `id` int NOT NULL AUTO_INCREMENT,
  `character_id` int NOT NULL,
  `dungeon_type` varchar(30) NOT NULL,
  `progress_value` int DEFAULT '0',
  `best_record` int DEFAULT '0',
  `total_clears` int DEFAULT '0',
  `reset_date` date DEFAULT NULL,
  `updated_at` timestamp NULL DEFAULT CURRENT_TIMESTAMP ON UPDATE CURRENT_TIMESTAMP,
  PRIMARY KEY (`id`),
  UNIQUE KEY `unique_char_type` (`character_id`,`dungeon_type`),
  CONSTRAINT `special_dungeon_progress_ibfk_1` FOREIGN KEY (`character_id`) REFERENCES `characters` (`id`) ON DELETE CASCADE
) ENGINE=InnoDB AUTO_INCREMENT=3 DEFAULT CHARSET=utf8mb4 COLLATE=utf8mb4_0900_ai_ci;
/*!40101 SET character_set_client = @saved_cs_client */;

--
-- Dumping data for table `special_dungeon_progress`
--

LOCK TABLES `special_dungeon_progress` WRITE;
/*!40000 ALTER TABLE `special_dungeon_progress` DISABLE KEYS */;
/*!40000 ALTER TABLE `special_dungeon_progress` ENABLE KEYS */;
UNLOCK TABLES;

--
-- Table structure for table `special_dungeon_types`
--

DROP TABLE IF EXISTS `special_dungeon_types`;
/*!40101 SET @saved_cs_client     = @@character_set_client */;
/*!50503 SET character_set_client = utf8mb4 */;
CREATE TABLE `special_dungeon_types` (
  `id` int NOT NULL AUTO_INCREMENT,
  `key_name` varchar(30) NOT NULL,
  `name` varchar(50) NOT NULL,
  `description` varchar(200) DEFAULT NULL,
  `battle_type` enum('srpg','card') NOT NULL DEFAULT 'srpg',
  `reset_type` enum('weekly','daily','per_boss') NOT NULL,
  `required_level` int DEFAULT '1',
  `stamina_cost` int DEFAULT '1',
  `icon` varchar(10) DEFAULT 0xF09F8FB0,
  `accent_color` varchar(10) DEFAULT '#a78bfa',
  `display_order` int DEFAULT '0',
  PRIMARY KEY (`id`),
  UNIQUE KEY `key_name` (`key_name`)
) ENGINE=InnoDB AUTO_INCREMENT=4 DEFAULT CHARSET=utf8mb4 COLLATE=utf8mb4_0900_ai_ci;
/*!40101 SET character_set_client = @saved_cs_client */;

--
-- Dumping data for table `special_dungeon_types`
--

LOCK TABLES `special_dungeon_types` WRITE;
/*!40000 ALTER TABLE `special_dungeon_types` DISABLE KEYS */;
INSERT INTO `special_dungeon_types` VALUES (1,'tower','무한의 탑','끝없이 이어지는 시련의 탑. 매주 월요일에 진행도가 초기화됩니다.','srpg','weekly',10,1,'🗼','#a78bfa',1),(2,'elemental','정령의 시련','매일 바뀌는 속성의 정령과 싸워 정수와 결정을 획득하세요.','card','daily',15,1,'🌀','#22d3ee',2),(3,'boss_raid','보스 토벌전','강력한 보스에 도전하세요. 각 보스는 하루 1회 도전 가능합니다.','srpg','per_boss',20,2,'💀','#f97316',3);
/*!40000 ALTER TABLE `special_dungeon_types` ENABLE KEYS */;
UNLOCK TABLES;

--
-- Table structure for table `stage_countries`
--

DROP TABLE IF EXISTS `stage_countries`;
/*!40101 SET @saved_cs_client     = @@character_set_client */;
/*!50503 SET character_set_client = utf8mb4 */;
CREATE TABLE `stage_countries` (
  `id` int NOT NULL AUTO_INCREMENT,
  `key_name` varchar(20) NOT NULL,
  `name` varchar(50) NOT NULL,
  `subtitle` varchar(100) DEFAULT NULL,
  `icon` varchar(10) DEFAULT 0xF09F8F94EFB88F,
  `display_order` int DEFAULT '0',
  `accent_color` varchar(20) DEFAULT '#d4a843',
  PRIMARY KEY (`id`),
  UNIQUE KEY `key_name` (`key_name`)
) ENGINE=InnoDB AUTO_INCREMENT=4 DEFAULT CHARSET=utf8mb4 COLLATE=utf8mb4_0900_ai_ci;
/*!40101 SET character_set_client = @saved_cs_client */;

--
-- Dumping data for table `stage_countries`
--

LOCK TABLES `stage_countries` WRITE;
/*!40000 ALTER TABLE `stage_countries` DISABLE KEYS */;
INSERT INTO `stage_countries` VALUES (1,'korea','한국 스테이지','한국 역사 속 전장을 누비며 강해지자','🏔️',1,'#d4a843'),(2,'japan','일본 스테이지','일본 열도의 역사를 관통하는 전장','⛩️',2,'#e84393'),(3,'china','중국 스테이지','대륙의 영웅호걸과 맞서 싸워라','🐉',3,'#e74c3c');
/*!40000 ALTER TABLE `stage_countries` ENABLE KEYS */;
UNLOCK TABLES;

--
-- Table structure for table `stage_groups`
--

DROP TABLE IF EXISTS `stage_groups`;
/*!40101 SET @saved_cs_client     = @@character_set_client */;
/*!50503 SET character_set_client = utf8mb4 */;
CREATE TABLE `stage_groups` (
  `id` int NOT NULL AUTO_INCREMENT,
  `key_name` varchar(50) NOT NULL,
  `name` varchar(100) NOT NULL,
  `description` varchar(300) DEFAULT NULL,
  `icon` varchar(10) DEFAULT 0xF09F97BAEFB88F,
  `era` varchar(50) DEFAULT NULL,
  `required_level` int DEFAULT '1',
  `display_order` int DEFAULT '0',
  `bg_color` varchar(20) DEFAULT '#1a1a2e',
  `country` varchar(20) DEFAULT 'korea',
  `accent_color` varchar(20) DEFAULT '#4ade80',
  PRIMARY KEY (`id`),
  UNIQUE KEY `key_name` (`key_name`)
) ENGINE=InnoDB AUTO_INCREMENT=31 DEFAULT CHARSET=utf8mb4 COLLATE=utf8mb4_0900_ai_ci;
/*!40101 SET character_set_client = @saved_cs_client */;

--
-- Dumping data for table `stage_groups`
--

LOCK TABLES `stage_groups` WRITE;
/*!40000 ALTER TABLE `stage_groups` DISABLE KEYS */;
INSERT INTO `stage_groups` VALUES (1,'gojoseon','고조선','단군의 개국신화가 깃든 태초의 땅','🏔️','고조선 (BC 2333)',1,1,'#2d1b0e','korea','#4ade80'),(2,'samhan','삼한','마한, 변한, 진한 세 부족의 전장','⚔️','삼한시대',3,2,'#1a2e1a','korea','#60a5fa'),(3,'goguryeo','고구려','북방의 기마민족, 광개토대왕의 영토','🐎','삼국시대',5,3,'#2e1a1a','korea','#f87171'),(4,'baekje','백제','한강 유역의 문화 강국','🌸','삼국시대',7,4,'#1a1a2e','korea','#fbbf24'),(5,'silla','신라','화랑도의 정신으로 삼국을 통일','👑','삼국시대',9,5,'#2e2e1a','korea','#c084fc'),(6,'balhae','발해','해동성국, 고구려를 계승한 대제국','🦁','남북국시대',11,6,'#1a2e2e','korea','#2dd4bf'),(7,'goryeo','고려','불교 문화가 꽃피운 고려 왕조','📿','고려시대',13,7,'#2e1a2e','korea','#818cf8'),(8,'joseon','조선','유교의 이상향, 오백년 조선 왕조','📜','조선시대',16,8,'#0e1a2e','korea','#fb923c'),(9,'imjin','임진왜란','이순신 장군과 의병들의 구국 전쟁','🛡️','조선시대',19,9,'#2e0e0e','korea','#fb7185'),(10,'modern','근대','격변의 시대, 새로운 힘이 깨어난다','🔥','근대',22,10,'#1a0e2e','korea','#38bdf8'),(11,'jomon','조몬','토기 문화의 여명, 고대 일본의 시작','🏺','조몬시대 (BC 14000)',1,11,'#1a1e2e','japan','#8b9dc3'),(12,'yayoi','야요이','벼농사와 철기가 전래된 새 시대','🌾','야요이시대',3,12,'#1e2e1a','japan','#6bcb77'),(13,'yamato','야마토','일본 통일 왕조의 탄생','⛩️','야마토시대',5,13,'#2e1e1a','japan','#e8a87c'),(14,'nara','나라','불교와 율령 국가의 전성기','🏛️','나라시대',7,14,'#2e1a1e','japan','#d4a5a5'),(15,'heian','헤이안','귀족 문화가 꽃핀 우아한 시대','🌸','헤이안시대',9,15,'#1e1a2e','japan','#c9b1ff'),(16,'kamakura','가마쿠라','무사 정권의 시작, 사무라이의 시대','⚔️','가마쿠라시대',11,16,'#2e0e0e','japan','#ff6b6b'),(17,'muromachi','무로마치','남북조의 혼란과 무사 문화','🏯','무로마치시대',13,17,'#0e2e1e','japan','#48c9b0'),(18,'sengoku','전국시대','천하통일을 향한 영웅들의 전쟁','🔥','전국시대',16,18,'#2e0e1a','japan','#ff4757'),(19,'edo','에도','도쿠가와 막부의 태평성대','🎎','에도시대',19,19,'#1e1a0e','japan','#ffa502'),(20,'meiji','메이지','개혁과 근대화의 격변기','⚡','메이지시대',22,20,'#0e1a2e','japan','#70a1ff'),(21,'xia_shang','하·상','중화 문명의 여명, 청동기의 시대','🐉','하·상 (BC 2070)',1,21,'#2e1e0e','china','#d4a574'),(22,'zhou','주','봉건제와 제자백가의 시대','📜','주나라',3,22,'#0e1e2e','china','#7ec8e3'),(23,'qin','진','시황제의 천하통일 제국','🏰','진나라',5,23,'#2e0e0e','china','#c0392b'),(24,'han','한','유방의 대한제국 400년','🐎','한나라',7,24,'#2e1a0e','china','#e74c3c'),(25,'three_kingdoms','삼국','위·촉·오 영웅들의 시대','⚔️','삼국시대',9,25,'#1e2e0e','china','#f39c12'),(26,'tang','당','세계 최대 제국, 찬란한 문화','👑','당나라',11,26,'#2e1e1e','china','#e67e22'),(27,'song','송','문치주의와 과학 기술의 황금기','🧭','송나라',13,27,'#0e2e2e','china','#1abc9c'),(28,'yuan','원','몽골 대제국의 중원 정복','🏹','원나라',16,28,'#1a0e2e','china','#2c3e50'),(29,'ming','명','한족의 부흥, 정화의 대항해','⛵','명나라',19,29,'#2e0e1e','china','#e84393'),(30,'qing','청','만주족의 마지막 왕조','🐲','청나라',22,30,'#1e0e2e','china','#6c5ce7');
/*!40000 ALTER TABLE `stage_groups` ENABLE KEYS */;
UNLOCK TABLES;

--
-- Table structure for table `stage_levels`
--

DROP TABLE IF EXISTS `stage_levels`;
/*!40101 SET @saved_cs_client     = @@character_set_client */;
/*!50503 SET character_set_client = utf8mb4 */;
CREATE TABLE `stage_levels` (
  `id` int NOT NULL AUTO_INCREMENT,
  `group_id` int NOT NULL,
  `stage_number` int NOT NULL,
  `name` varchar(100) NOT NULL,
  `description` varchar(300) DEFAULT NULL,
  `is_boss` tinyint(1) DEFAULT '0',
  `monster_count` int DEFAULT '3',
  `monster_level_min` int DEFAULT '1',
  `monster_level_max` int DEFAULT '3',
  `reward_exp` int DEFAULT '100',
  `reward_gold` int DEFAULT '50',
  `dungeon_key` varchar(50) DEFAULT NULL,
  `map_width` int DEFAULT '10',
  `map_height` int DEFAULT '10',
  `base_tile_type` varchar(20) DEFAULT 'grass',
  `tile_overrides` json DEFAULT NULL,
  `player_spawns` json DEFAULT NULL,
  `monster_spawns` json DEFAULT NULL,
  PRIMARY KEY (`id`),
  UNIQUE KEY `unique_group_stage` (`group_id`,`stage_number`),
  CONSTRAINT `stage_levels_ibfk_1` FOREIGN KEY (`group_id`) REFERENCES `stage_groups` (`id`) ON DELETE CASCADE
) ENGINE=InnoDB AUTO_INCREMENT=354 DEFAULT CHARSET=utf8mb4 COLLATE=utf8mb4_0900_ai_ci;
/*!40101 SET character_set_client = @saved_cs_client */;

--
-- Dumping data for table `stage_levels`
--

LOCK TABLES `stage_levels` WRITE;
/*!40000 ALTER TABLE `stage_levels` DISABLE KEYS */;
INSERT INTO `stage_levels` VALUES (1,1,1,'아사달 평원','태초의 빛이 비추는 아사달 평원. 단군왕검이 처음 도읍을 세운 이 광활한 들판에는 아직도 개국의 기운이 서려 있다. 약한 야수들이 배회하지만 방심하면 위험하다.',0,2,1,2,80,40,'kr_forest',8,8,'grass','[{\"type\": \"water\", \"coords\": [[4, 1], [4, 2], [4, 3], [5, 1], [5, 2], [5, 3], [6, 1], [6, 2], [6, 3]], \"height\": 2}, {\"type\": \"water\", \"coords\": [[4, 2], [4, 3], [4, 4], [5, 2], [5, 3], [5, 4], [6, 2], [6, 3], [6, 4]], \"height\": 2}, {\"type\": \"dark\", \"coords\": [[4, 5], [4, 6], [4, 7], [5, 5], [5, 6], [5, 7], [6, 5], [6, 6], [6, 7]], \"height\": 1}]','[{\"x\": 0, \"z\": 0}, {\"x\": 1, \"z\": 0}]','[{\"x\": 7, \"z\": 7}, {\"x\": 6, \"z\": 7}]'),(2,1,2,'신단수 아래','하늘과 땅을 잇는 신단수(神檀樹) 아래. 환웅이 처음 땅에 내려온 이 신성한 장소에서 자연의 수호자들이 침입자를 경계하고 있다.',0,2,1,2,90,45,'kr_forest',8,8,'grass','[{\"type\": \"water\", \"coords\": [[4, 4], [4, 5], [5, 4], [5, 5]], \"height\": 2}, {\"type\": \"grass\", \"coords\": [[1, 2]], \"height\": 2}, {\"type\": \"stone\", \"coords\": [[5, 4], [5, 5], [6, 4], [6, 5]], \"height\": 2}]','[{\"x\": 0, \"z\": 0}, {\"x\": 1, \"z\": 0}]','[{\"x\": 7, \"z\": 7}, {\"x\": 6, \"z\": 7}]'),(3,1,3,'환웅의 시련','환웅이 인간에게 내린 세 가지 시련의 장. 풍백, 우사, 운사의 힘이 소용돌이치는 이곳에서 살아남아야 진정한 전사로 인정받을 수 있다.',0,3,1,3,100,50,'kr_forest',9,9,'grass','[{\"type\": \"stone\", \"coords\": [[7, 3], [7, 4], [8, 3], [8, 4]], \"height\": 3}, {\"type\": \"grass\", \"coords\": [[6, 7], [6, 8], [7, 7], [7, 8], [8, 7], [8, 8]], \"height\": 2}, {\"type\": \"stone\", \"coords\": [[7, 2]], \"height\": 1}]','[{\"x\": 0, \"z\": 0}, {\"x\": 1, \"z\": 0}, {\"x\": 0, \"z\": 1}]','[{\"x\": 8, \"z\": 8}, {\"x\": 7, \"z\": 8}, {\"x\": 8, \"z\": 7}]'),(4,1,4,'쑥과 마늘의 동굴','곰과 호랑이가 인간이 되고자 백일간 수행한 동굴. 어둠 속에서 울리는 울음소리와 함께 동굴 깊은 곳의 마물들이 깨어나고 있다.',0,3,2,3,110,55,'kr_forest',9,8,'stone','[{\"type\": \"dirt\", \"coords\": [[5, 1], [5, 2], [6, 1], [6, 2]], \"height\": 3}, {\"type\": \"grass\", \"coords\": [[3, 3]], \"height\": 2}, {\"type\": \"dark\", \"coords\": [[2, 6]], \"height\": 3}]','[{\"x\": 0, \"z\": 0}, {\"x\": 1, \"z\": 0}, {\"x\": 0, \"z\": 1}]','[{\"x\": 8, \"z\": 7}, {\"x\": 7, \"z\": 7}, {\"x\": 8, \"z\": 6}]'),(5,1,5,'풍백의 언덕','바람을 다스리는 신 풍백이 머물던 언덕. 거센 바람이 끊임없이 불어오는 이곳에서는 바람에 실려 온 정령들과 마주하게 된다.',0,3,2,4,120,60,'kr_forest',10,8,'grass','[{\"type\": \"stone\", \"coords\": [[7, 1], [7, 2], [8, 1], [8, 2]], \"height\": 2}, {\"type\": \"dirt\", \"coords\": [[3, 3], [3, 4], [4, 3], [4, 4]], \"height\": 3}, {\"type\": \"dark\", \"coords\": [[4, 4], [4, 5], [4, 6], [5, 4], [5, 5], [5, 6], [6, 4], [6, 5], [6, 6]], \"height\": 3}]','[{\"x\": 0, \"z\": 0}, {\"x\": 1, \"z\": 0}, {\"x\": 0, \"z\": 1}]','[{\"x\": 9, \"z\": 7}, {\"x\": 8, \"z\": 7}, {\"x\": 9, \"z\": 6}]'),(6,1,6,'우사의 늪','비의 신 우사가 다스리는 안개 자욱한 늪지대. 발이 빠지는 질퍽한 땅 위로 수생 마물들이 도사리고 있다. 지형을 이용한 전략이 필요하다.',0,3,2,4,130,65,'kr_forest',10,9,'grass','[{\"type\": \"grass\", \"coords\": [[1, 3]], \"height\": 2}, {\"type\": \"water\", \"coords\": [[5, 7], [5, 8], [6, 7], [6, 8], [7, 7], [7, 8]], \"height\": 2}, {\"type\": \"dirt\", \"coords\": [[4, 4]], \"height\": 3}]','[{\"x\": 0, \"z\": 0}, {\"x\": 1, \"z\": 0}, {\"x\": 0, \"z\": 1}]','[{\"x\": 9, \"z\": 8}, {\"x\": 8, \"z\": 8}, {\"x\": 9, \"z\": 7}]'),(7,1,7,'운사의 산길','구름의 신 운사가 자욱한 안개로 감춘 비밀의 산길. 앞이 보이지 않는 험로를 따라가면 강력한 산짐승들이 기다리고 있다.',0,4,3,5,140,70,'kr_forest',10,10,'grass','[{\"type\": \"water\", \"coords\": [[3, 7], [3, 8], [3, 9], [4, 7], [4, 8], [4, 9], [5, 7], [5, 8], [5, 9]], \"height\": 2}, {\"type\": \"water\", \"coords\": [[7, 4], [7, 5], [8, 4], [8, 5]], \"height\": 2}, {\"type\": \"grass\", \"coords\": [[4, 5], [4, 6], [5, 5], [5, 6]], \"height\": 1}]','[{\"x\": 0, \"z\": 0}, {\"x\": 1, \"z\": 0}, {\"x\": 0, \"z\": 1}, {\"x\": 1, \"z\": 1}]','[{\"x\": 9, \"z\": 9}, {\"x\": 8, \"z\": 9}, {\"x\": 9, \"z\": 8}, {\"x\": 8, \"z\": 8}]'),(8,1,8,'비파산 전투','고조선의 서쪽 전략 요충지 비파산. 견고한 석벽과 험한 지형 사이로 적들이 매복하고 있다. 높은 곳을 선점하는 것이 승리의 열쇠다.',0,4,3,5,155,75,'kr_forest',10,10,'stone','[{\"type\": \"water\", \"coords\": [[3, 3], [3, 4], [4, 3], [4, 4]], \"height\": 2}, {\"type\": \"stone\", \"coords\": [[2, 4], [2, 5], [3, 4], [3, 5]], \"height\": 2}, {\"type\": \"water\", \"coords\": [[6, 3], [6, 4], [7, 3], [7, 4]], \"height\": 2}]','[{\"x\": 0, \"z\": 0}, {\"x\": 1, \"z\": 0}, {\"x\": 0, \"z\": 1}, {\"x\": 1, \"z\": 1}]','[{\"x\": 9, \"z\": 9}, {\"x\": 8, \"z\": 9}, {\"x\": 9, \"z\": 8}, {\"x\": 8, \"z\": 8}]'),(9,1,9,'왕검성 외곽','왕검성으로 통하는 마지막 관문. 수도를 지키려는 수호자들이 총력을 기울여 방어하고 있다. 이곳을 돌파해야 최종 시련에 도전할 수 있다.',0,4,3,5,170,80,'kr_forest',10,10,'grass','[{\"type\": \"water\", \"coords\": [[3, 7], [3, 8], [4, 7], [4, 8]], \"height\": 2}, {\"type\": \"water\", \"coords\": [[6, 4], [6, 5], [6, 6], [7, 4], [7, 5], [7, 6], [8, 4], [8, 5], [8, 6]], \"height\": 2}, {\"type\": \"stone\", \"coords\": [[7, 2]], \"height\": 3}]','[{\"x\": 0, \"z\": 0}, {\"x\": 1, \"z\": 0}, {\"x\": 0, \"z\": 1}, {\"x\": 1, \"z\": 1}]','[{\"x\": 9, \"z\": 9}, {\"x\": 8, \"z\": 9}, {\"x\": 9, \"z\": 8}, {\"x\": 8, \"z\": 8}]'),(10,1,10,'단군의 시련','고조선의 개국자 단군왕검이 후대 전사들을 위해 남긴 최후의 시험장. 신성한 기운이 가득한 이 전장에서 역사의 첫 장을 장식할 영웅이 탄생한다.',1,5,4,6,250,120,'kr_forest',12,12,'grass','[{\"type\": \"water\", \"coords\": [[10, 9]], \"height\": 2}, {\"type\": \"grass\", \"coords\": [[7, 7], [7, 8], [7, 9], [8, 7], [8, 8], [8, 9], [9, 7], [9, 8], [9, 9]], \"height\": 2}, {\"type\": \"water\", \"coords\": [[9, 9]], \"height\": 1}, {\"type\": \"stone\", \"coords\": [[6, 6], [5, 6], [6, 5], [5, 5]], \"height\": 3}]','[{\"x\": 0, \"z\": 0}, {\"x\": 1, \"z\": 0}, {\"x\": 0, \"z\": 1}, {\"x\": 1, \"z\": 1}]','[{\"x\": 11, \"z\": 11}, {\"x\": 10, \"z\": 11}, {\"x\": 11, \"z\": 10}, {\"x\": 10, \"z\": 10}, {\"x\": 11, \"z\": 9}]'),(11,2,1,'마한 촌락','마한 78개 소국 중 하나의 작은 촌락. 초가지붕 아래 평화로워 보이지만, 밤이 되면 주변 산에서 내려온 마물들이 마을을 위협한다.',0,2,3,4,100,50,'kr_forest',8,8,'grass','[{\"type\": \"water\", \"coords\": [[4, 1], [4, 2], [4, 3], [5, 1], [5, 2], [5, 3], [6, 1], [6, 2], [6, 3]], \"height\": 2}, {\"type\": \"water\", \"coords\": [[4, 2], [4, 3], [4, 4], [5, 2], [5, 3], [5, 4], [6, 2], [6, 3], [6, 4]], \"height\": 2}, {\"type\": \"dark\", \"coords\": [[4, 5], [4, 6], [4, 7], [5, 5], [5, 6], [5, 7], [6, 5], [6, 6], [6, 7]], \"height\": 1}]','[{\"x\": 0, \"z\": 0}, {\"x\": 1, \"z\": 0}]','[{\"x\": 7, \"z\": 7}, {\"x\": 6, \"z\": 7}]'),(12,2,2,'변한 대장간','삼한 시대 철기문화의 중심지인 변한의 대장간. 붉게 달궈진 쇳물 사이로 불의 정령들이 출몰하며, 강인한 전사만이 이 열기를 견딜 수 있다.',0,3,3,5,110,55,'kr_forest',8,9,'stone','[{\"type\": \"dirt\", \"coords\": [[5, 4], [5, 5], [6, 4], [6, 5]], \"height\": 2}, {\"type\": \"water\", \"coords\": [[5, 6], [5, 7], [6, 6], [6, 7]], \"height\": 2}, {\"type\": \"dirt\", \"coords\": [[4, 5]], \"height\": 2}]','[{\"x\": 0, \"z\": 0}, {\"x\": 1, \"z\": 0}, {\"x\": 0, \"z\": 1}]','[{\"x\": 7, \"z\": 8}, {\"x\": 6, \"z\": 8}, {\"x\": 7, \"z\": 7}]'),(13,2,3,'진한 의례장','진한 부족이 하늘에 제사를 올리던 신성한 의례장. 영적인 기운이 가득한 이곳에서는 고대의 제물들이 되살아나 침입자를 막아선다.',0,3,4,5,120,60,'kr_forest',9,9,'grass','[{\"type\": \"stone\", \"coords\": [[7, 3], [7, 4], [8, 3], [8, 4]], \"height\": 3}, {\"type\": \"grass\", \"coords\": [[6, 7], [6, 8], [7, 7], [7, 8], [8, 7], [8, 8]], \"height\": 2}, {\"type\": \"stone\", \"coords\": [[7, 2]], \"height\": 1}]','[{\"x\": 0, \"z\": 0}, {\"x\": 1, \"z\": 0}, {\"x\": 0, \"z\": 1}]','[{\"x\": 8, \"z\": 8}, {\"x\": 7, \"z\": 8}, {\"x\": 8, \"z\": 7}]'),(14,2,4,'소도','천군(天君)이 다스리는 소도(蘇塗). 솟대가 세워진 이 신성불가침의 영역에 들어선 순간, 하늘의 수호신들이 시련을 내린다.',0,3,4,6,130,65,'kr_forest',10,9,'grass','[{\"type\": \"grass\", \"coords\": [[8, 3], [8, 4], [9, 3], [9, 4]], \"height\": 2}, {\"type\": \"dirt\", \"coords\": [[6, 7], [6, 8], [7, 7], [7, 8], [8, 7], [8, 8]], \"height\": 2}, {\"type\": \"stone\", \"coords\": [[2, 6], [2, 7], [2, 8], [3, 6], [3, 7], [3, 8], [4, 6], [4, 7], [4, 8]], \"height\": 1}]','[{\"x\": 0, \"z\": 0}, {\"x\": 1, \"z\": 0}, {\"x\": 0, \"z\": 1}]','[{\"x\": 9, \"z\": 8}, {\"x\": 8, \"z\": 8}, {\"x\": 9, \"z\": 7}]'),(15,2,5,'두레 전장','삼한의 부족들이 연합하여 싸운 대규모 전쟁터. 두레의 정신으로 뭉친 전사들의 함성이 울려 퍼지는 광활한 전장이다.',0,3,4,6,140,70,'kr_forest',10,10,'grass','[{\"type\": \"water\", \"coords\": [[2, 6]], \"height\": 2}, {\"type\": \"dirt\", \"coords\": [[8, 4], [8, 5], [9, 4], [9, 5]], \"height\": 2}, {\"type\": \"dark\", \"coords\": [[2, 7]], \"height\": 2}]','[{\"x\": 0, \"z\": 0}, {\"x\": 1, \"z\": 0}, {\"x\": 0, \"z\": 1}]','[{\"x\": 9, \"z\": 9}, {\"x\": 8, \"z\": 9}, {\"x\": 9, \"z\": 8}]'),(16,2,6,'철의 계곡','변한의 깊은 철광산 계곡. 쇳덩어리와 광석이 빛나는 어두운 갱도 속에서 지하의 마물들이 광맥을 지키고 있다.',0,4,5,7,155,75,'kr_forest',10,10,'stone','[{\"type\": \"water\", \"coords\": [[3, 2], [3, 3], [3, 4], [4, 2], [4, 3], [4, 4], [5, 2], [5, 3], [5, 4]], \"height\": 2}, {\"type\": \"grass\", \"coords\": [[3, 4], [3, 5], [4, 4], [4, 5]], \"height\": 2}, {\"type\": \"dirt\", \"coords\": [[3, 6], [3, 7], [3, 8], [4, 6], [4, 7], [4, 8], [5, 6], [5, 7], [5, 8]], \"height\": 3}]','[{\"x\": 0, \"z\": 0}, {\"x\": 1, \"z\": 0}, {\"x\": 0, \"z\": 1}, {\"x\": 1, \"z\": 1}]','[{\"x\": 9, \"z\": 9}, {\"x\": 8, \"z\": 9}, {\"x\": 9, \"z\": 8}, {\"x\": 8, \"z\": 8}]'),(17,2,7,'제천 의식장','삼한의 제천 행사 영고, 동맹, 무천이 열리는 의식의 장. 하늘에 기원하는 제사 중 깨어난 고대의 영혼들과 맞서 싸워야 한다.',0,4,5,7,170,80,'kr_forest',10,10,'grass','[{\"type\": \"water\", \"coords\": [[3, 7], [3, 8], [3, 9], [4, 7], [4, 8], [4, 9], [5, 7], [5, 8], [5, 9]], \"height\": 2}, {\"type\": \"water\", \"coords\": [[7, 4], [7, 5], [8, 4], [8, 5]], \"height\": 2}, {\"type\": \"grass\", \"coords\": [[4, 5], [4, 6], [5, 5], [5, 6]], \"height\": 1}]','[{\"x\": 0, \"z\": 0}, {\"x\": 1, \"z\": 0}, {\"x\": 0, \"z\": 1}, {\"x\": 1, \"z\": 1}]','[{\"x\": 9, \"z\": 9}, {\"x\": 8, \"z\": 9}, {\"x\": 9, \"z\": 8}, {\"x\": 8, \"z\": 8}]'),(18,2,8,'목지국 성벽','마한 연맹의 수도 목지국을 둘러싼 견고한 성벽. 수도를 지키려는 정예 수비대와 성벽에 깃든 수호 영혼들이 방어선을 형성한다.',0,4,5,8,185,90,'kr_forest',10,10,'stone','[{\"type\": \"water\", \"coords\": [[3, 3], [3, 4], [4, 3], [4, 4]], \"height\": 2}, {\"type\": \"stone\", \"coords\": [[2, 4], [2, 5], [3, 4], [3, 5]], \"height\": 2}, {\"type\": \"water\", \"coords\": [[6, 3], [6, 4], [7, 3], [7, 4]], \"height\": 2}]','[{\"x\": 0, \"z\": 0}, {\"x\": 1, \"z\": 0}, {\"x\": 0, \"z\": 1}, {\"x\": 1, \"z\": 1}]','[{\"x\": 9, \"z\": 9}, {\"x\": 8, \"z\": 9}, {\"x\": 9, \"z\": 8}, {\"x\": 8, \"z\": 8}]'),(19,2,9,'구야국 항구','가야의 전신인 구야국의 번화한 항구. 해상 무역으로 부를 쌓은 이 도시를 노리는 해적과 수생 마물들이 포구 주변에 출몰한다.',0,4,6,8,200,95,'kr_forest',10,10,'stone','[{\"type\": \"water\", \"coords\": [[3, 7], [3, 8], [4, 7], [4, 8]], \"height\": 2}, {\"type\": \"water\", \"coords\": [[6, 4], [6, 5], [6, 6], [7, 4], [7, 5], [7, 6], [8, 4], [8, 5], [8, 6]], \"height\": 2}, {\"type\": \"stone\", \"coords\": [[7, 2]], \"height\": 3}]','[{\"x\": 0, \"z\": 0}, {\"x\": 1, \"z\": 0}, {\"x\": 0, \"z\": 1}, {\"x\": 1, \"z\": 1}]','[{\"x\": 9, \"z\": 9}, {\"x\": 8, \"z\": 9}, {\"x\": 9, \"z\": 8}, {\"x\": 8, \"z\": 8}]'),(20,2,10,'삼한 왕의 결전','마한, 변한, 진한 세 부족의 운명을 건 최후의 대결전. 각 부족의 최강 전사들과 고대의 수호신이 총출동하는 역사적 전투의 장이다.',1,5,6,9,300,150,'kr_forest',12,12,'grass','[{\"type\": \"water\", \"coords\": [[10, 9]], \"height\": 2}, {\"type\": \"grass\", \"coords\": [[7, 7], [7, 8], [7, 9], [8, 7], [8, 8], [8, 9], [9, 7], [9, 8], [9, 9]], \"height\": 2}, {\"type\": \"water\", \"coords\": [[9, 9]], \"height\": 1}, {\"type\": \"stone\", \"coords\": [[6, 6], [5, 6], [6, 5], [5, 5]], \"height\": 3}]','[{\"x\": 0, \"z\": 0}, {\"x\": 1, \"z\": 0}, {\"x\": 0, \"z\": 1}, {\"x\": 1, \"z\": 1}]','[{\"x\": 11, \"z\": 11}, {\"x\": 10, \"z\": 11}, {\"x\": 11, \"z\": 10}, {\"x\": 10, \"z\": 10}, {\"x\": 11, \"z\": 9}]'),(21,3,1,'졸본성','고구려의 시조 주몽이 세운 첫 번째 수도 졸본성. 건국의 기상이 서린 이 산성에서 북방의 맹수들과 첫 전투가 시작된다.',0,3,5,7,140,70,'kr_mountain',9,9,'stone','[{\"type\": \"stone\", \"coords\": [[6, 3], [6, 4], [6, 5], [7, 3], [7, 4], [7, 5], [8, 3], [8, 4], [8, 5]], \"height\": 3}, {\"type\": \"grass\", \"coords\": [[6, 7], [6, 8], [7, 7], [7, 8]], \"height\": 2}, {\"type\": \"stone\", \"coords\": [[5, 4], [5, 5], [6, 4], [6, 5]], \"height\": 3}]','[{\"x\": 0, \"z\": 0}, {\"x\": 1, \"z\": 0}, {\"x\": 0, \"z\": 1}]','[{\"x\": 8, \"z\": 8}, {\"x\": 7, \"z\": 8}, {\"x\": 8, \"z\": 7}]'),(22,3,2,'국내성 외곽','유리왕이 천도한 두 번째 수도 국내성의 외곽 방어 진지. 주변 부족들의 끊임없는 침공에 맞서 성을 지켜내야 한다.',0,3,5,7,150,75,'kr_mountain',9,9,'stone','[{\"type\": \"stone\", \"coords\": [[7, 7], [7, 8], [8, 7], [8, 8]], \"height\": 3}, {\"type\": \"dirt\", \"coords\": [[3, 7], [3, 8], [4, 7], [4, 8]], \"height\": 2}, {\"type\": \"dark\", \"coords\": [[6, 3]], \"height\": 1}]','[{\"x\": 0, \"z\": 0}, {\"x\": 1, \"z\": 0}, {\"x\": 0, \"z\": 1}]','[{\"x\": 8, \"z\": 8}, {\"x\": 7, \"z\": 8}, {\"x\": 8, \"z\": 7}]'),(23,3,3,'환도산성','천혜의 요새 환도산성. 험준한 산세를 이용한 난공불락의 산성이지만, 산 속의 마물들도 함께 상대해야 하는 험난한 전투가 기다린다.',0,3,6,8,165,80,'kr_mountain',10,10,'stone','[{\"type\": \"water\", \"coords\": [[2, 6], [2, 7], [3, 6], [3, 7]], \"height\": 2}, {\"type\": \"dirt\", \"coords\": [[8, 4]], \"height\": 2}, {\"type\": \"dark\", \"coords\": [[7, 2], [7, 3], [7, 4], [8, 2], [8, 3], [8, 4], [9, 2], [9, 3], [9, 4]], \"height\": 3}]','[{\"x\": 0, \"z\": 0}, {\"x\": 1, \"z\": 0}, {\"x\": 0, \"z\": 1}]','[{\"x\": 9, \"z\": 9}, {\"x\": 8, \"z\": 9}, {\"x\": 9, \"z\": 8}]'),(24,3,4,'요동 벌판','만주 벌판을 호령하던 고구려 기마대가 누빈 광활한 요동 벌판. 끝없이 펼쳐진 초원에서 기동력이 승패를 가른다.',0,3,6,8,175,85,'kr_mountain',10,10,'grass','[{\"type\": \"water\", \"coords\": [[2, 2]], \"height\": 2}, {\"type\": \"grass\", \"coords\": [[4, 4], [4, 5], [5, 4], [5, 5]], \"height\": 2}, {\"type\": \"stone\", \"coords\": [[8, 8], [8, 9], [9, 8], [9, 9]], \"height\": 1}]','[{\"x\": 0, \"z\": 0}, {\"x\": 1, \"z\": 0}, {\"x\": 0, \"z\": 1}]','[{\"x\": 9, \"z\": 9}, {\"x\": 8, \"z\": 9}, {\"x\": 9, \"z\": 8}]'),(25,3,5,'살수대첩','수나라 113만 대군을 30만으로 격파한 전설의 전장. 을지문덕 장군의 지략이 깃든 살수에서 적을 유인하고 섬멸하라.',0,4,7,9,190,90,'kr_mountain',10,10,'grass','[{\"type\": \"water\", \"coords\": [[2, 6]], \"height\": 2}, {\"type\": \"dirt\", \"coords\": [[8, 4], [8, 5], [9, 4], [9, 5]], \"height\": 2}, {\"type\": \"dark\", \"coords\": [[2, 7]], \"height\": 2}]','[{\"x\": 0, \"z\": 0}, {\"x\": 1, \"z\": 0}, {\"x\": 0, \"z\": 1}, {\"x\": 1, \"z\": 1}]','[{\"x\": 9, \"z\": 9}, {\"x\": 8, \"z\": 9}, {\"x\": 9, \"z\": 8}, {\"x\": 8, \"z\": 8}]'),(26,3,6,'안시성','당 태종의 20만 대군을 88일간 막아낸 철벽 안시성. 성주 양만춘의 불굴의 의지가 서린 이곳에서 압도적인 적과 맞서야 한다.',0,4,7,9,205,95,'kr_mountain',10,10,'stone','[{\"type\": \"water\", \"coords\": [[3, 2], [3, 3], [3, 4], [4, 2], [4, 3], [4, 4], [5, 2], [5, 3], [5, 4]], \"height\": 2}, {\"type\": \"grass\", \"coords\": [[3, 4], [3, 5], [4, 4], [4, 5]], \"height\": 2}, {\"type\": \"dirt\", \"coords\": [[3, 6], [3, 7], [3, 8], [4, 6], [4, 7], [4, 8], [5, 6], [5, 7], [5, 8]], \"height\": 3}]','[{\"x\": 0, \"z\": 0}, {\"x\": 1, \"z\": 0}, {\"x\": 0, \"z\": 1}, {\"x\": 1, \"z\": 1}]','[{\"x\": 9, \"z\": 9}, {\"x\": 8, \"z\": 9}, {\"x\": 9, \"z\": 8}, {\"x\": 8, \"z\": 8}]'),(27,3,7,'평양성 내성','고구려 마지막 수도 평양성의 내성. 최후의 방어전이 벌어지는 이곳에서 왕성을 사수하기 위한 결사적인 전투가 펼쳐진다.',0,4,7,10,220,100,'kr_mountain',10,10,'stone','[{\"type\": \"water\", \"coords\": [[3, 7], [3, 8], [3, 9], [4, 7], [4, 8], [4, 9], [5, 7], [5, 8], [5, 9]], \"height\": 2}, {\"type\": \"water\", \"coords\": [[7, 4], [7, 5], [8, 4], [8, 5]], \"height\": 2}, {\"type\": \"grass\", \"coords\": [[4, 5], [4, 6], [5, 5], [5, 6]], \"height\": 1}]','[{\"x\": 0, \"z\": 0}, {\"x\": 1, \"z\": 0}, {\"x\": 0, \"z\": 1}, {\"x\": 1, \"z\": 1}]','[{\"x\": 9, \"z\": 9}, {\"x\": 8, \"z\": 9}, {\"x\": 9, \"z\": 8}, {\"x\": 8, \"z\": 8}]'),(28,3,8,'광개토대왕릉','정복왕 광개토대왕의 능 주변. 대왕의 위엄과 기운이 서려 있어 강력한 수호 영혼들이 무덤을 지키고 있다.',0,4,8,10,235,110,'kr_mountain',10,10,'stone','[{\"type\": \"water\", \"coords\": [[3, 3], [3, 4], [4, 3], [4, 4]], \"height\": 2}, {\"type\": \"stone\", \"coords\": [[2, 4], [2, 5], [3, 4], [3, 5]], \"height\": 2}, {\"type\": \"water\", \"coords\": [[6, 3], [6, 4], [7, 3], [7, 4]], \"height\": 2}]','[{\"x\": 0, \"z\": 0}, {\"x\": 1, \"z\": 0}, {\"x\": 0, \"z\": 1}, {\"x\": 1, \"z\": 1}]','[{\"x\": 9, \"z\": 9}, {\"x\": 8, \"z\": 9}, {\"x\": 9, \"z\": 8}, {\"x\": 8, \"z\": 8}]'),(29,3,9,'장수왕의 남진','장수왕의 남하 정책으로 한강 유역까지 진격하는 대진격전. 남쪽으로 영토를 넓히며 적의 저항을 물리쳐야 한다.',0,4,8,11,250,115,'kr_mountain',10,10,'grass','[{\"type\": \"water\", \"coords\": [[3, 7], [3, 8], [4, 7], [4, 8]], \"height\": 2}, {\"type\": \"water\", \"coords\": [[6, 4], [6, 5], [6, 6], [7, 4], [7, 5], [7, 6], [8, 4], [8, 5], [8, 6]], \"height\": 2}, {\"type\": \"stone\", \"coords\": [[7, 2]], \"height\": 3}]','[{\"x\": 0, \"z\": 0}, {\"x\": 1, \"z\": 0}, {\"x\": 0, \"z\": 1}, {\"x\": 1, \"z\": 1}]','[{\"x\": 9, \"z\": 9}, {\"x\": 8, \"z\": 9}, {\"x\": 9, \"z\": 8}, {\"x\": 8, \"z\": 8}]'),(30,3,10,'을지문덕의 결전','살수에서 을지문덕 장군이 펼치는 마지막 결전. 적을 깊숙이 유인한 뒤 물길을 터뜨려 섬멸하는 역사적 전투를 재현한다.',0,5,8,11,280,125,'kr_mountain',12,10,'grass','[{\"type\": \"stone\", \"coords\": [[6, 2], [6, 3], [6, 4], [7, 2], [7, 3], [7, 4], [8, 2], [8, 3], [8, 4]], \"height\": 2}, {\"type\": \"grass\", \"coords\": [[1, 5], [1, 6], [1, 7], [2, 5], [2, 6], [2, 7], [3, 5], [3, 6], [3, 7]], \"height\": 2}, {\"type\": \"water\", \"coords\": [[2, 5], [2, 6], [2, 7], [3, 5], [3, 6], [3, 7], [4, 5], [4, 6], [4, 7]], \"height\": 2}]','[{\"x\": 0, \"z\": 0}, {\"x\": 1, \"z\": 0}, {\"x\": 0, \"z\": 1}, {\"x\": 1, \"z\": 1}]','[{\"x\": 11, \"z\": 9}, {\"x\": 10, \"z\": 9}, {\"x\": 11, \"z\": 8}, {\"x\": 10, \"z\": 8}, {\"x\": 11, \"z\": 7}]'),(31,3,11,'연개소문의 시련','연개소문의 철권통치와 야망이 깃든 전장. 독재자의 군대는 강력하지만, 그 야망만큼이나 위험한 마물들도 깨어나고 있다.',0,5,9,12,310,135,'kr_mountain',12,10,'stone','[{\"type\": \"stone\", \"coords\": [[6, 6], [6, 7], [7, 6], [7, 7]], \"height\": 2}, {\"type\": \"water\", \"coords\": [[5, 5], [5, 6], [5, 7], [6, 5], [6, 6], [6, 7], [7, 5], [7, 6], [7, 7]], \"height\": 3}, {\"type\": \"stone\", \"coords\": [[4, 4], [4, 5], [4, 6], [5, 4], [5, 5], [5, 6], [6, 4], [6, 5], [6, 6]], \"height\": 3}]','[{\"x\": 0, \"z\": 0}, {\"x\": 1, \"z\": 0}, {\"x\": 0, \"z\": 1}, {\"x\": 1, \"z\": 1}]','[{\"x\": 11, \"z\": 9}, {\"x\": 10, \"z\": 9}, {\"x\": 11, \"z\": 8}, {\"x\": 10, \"z\": 8}, {\"x\": 11, \"z\": 7}]'),(32,3,12,'고구려 최후의 전투','700년 대제국 고구려 최후의 날. 내부 분열과 외세의 공격 속에서 제국의 마지막 빛을 지키기 위한 처절한 사투가 벌어진다.',1,6,9,13,400,200,'kr_mountain',12,12,'stone','[{\"type\": \"water\", \"coords\": [[1, 9], [1, 10], [1, 11], [2, 9], [2, 10], [2, 11], [3, 9], [3, 10], [3, 11]], \"height\": 2}, {\"type\": \"grass\", \"coords\": [[6, 7]], \"height\": 2}, {\"type\": \"water\", \"coords\": [[2, 5], [2, 6], [3, 5], [3, 6]], \"height\": 3}, {\"type\": \"stone\", \"coords\": [[6, 6], [5, 6], [6, 5], [5, 5]], \"height\": 3}]','[{\"x\": 0, \"z\": 0}, {\"x\": 1, \"z\": 0}, {\"x\": 0, \"z\": 1}, {\"x\": 1, \"z\": 1}]','[{\"x\": 11, \"z\": 11}, {\"x\": 10, \"z\": 11}, {\"x\": 11, \"z\": 10}, {\"x\": 10, \"z\": 10}, {\"x\": 11, \"z\": 9}, {\"x\": 10, \"z\": 9}]'),(33,4,1,'위례성','온조가 한강 유역에 세운 백제의 첫 도읍 위례성. 강변의 비옥한 평야에서 새 왕국의 기초를 닦으며 주변의 위협을 물리쳐야 한다.',0,3,7,9,170,85,'kr_swamp',9,9,'grass','[{\"type\": \"stone\", \"coords\": [[6, 3], [6, 4], [6, 5], [7, 3], [7, 4], [7, 5], [8, 3], [8, 4], [8, 5]], \"height\": 3}, {\"type\": \"grass\", \"coords\": [[6, 7], [6, 8], [7, 7], [7, 8]], \"height\": 2}, {\"type\": \"stone\", \"coords\": [[5, 4], [5, 5], [6, 4], [6, 5]], \"height\": 3}]','[{\"x\": 0, \"z\": 0}, {\"x\": 1, \"z\": 0}, {\"x\": 0, \"z\": 1}]','[{\"x\": 8, \"z\": 8}, {\"x\": 7, \"z\": 8}, {\"x\": 8, \"z\": 7}]'),(34,4,2,'한산 기슭','새로운 터전을 마련한 한산 기슭의 방어전. 산 아래로 밀려오는 마물들의 공격을 막아내며 영토를 확보해야 한다.',0,3,7,9,180,90,'kr_swamp',9,9,'grass','[{\"type\": \"stone\", \"coords\": [[7, 7], [7, 8], [8, 7], [8, 8]], \"height\": 3}, {\"type\": \"dirt\", \"coords\": [[3, 7], [3, 8], [4, 7], [4, 8]], \"height\": 2}, {\"type\": \"dark\", \"coords\": [[6, 3]], \"height\": 1}]','[{\"x\": 0, \"z\": 0}, {\"x\": 1, \"z\": 0}, {\"x\": 0, \"z\": 1}]','[{\"x\": 8, \"z\": 8}, {\"x\": 7, \"z\": 8}, {\"x\": 8, \"z\": 7}]'),(35,4,3,'웅진 도하','금강을 건너 웅진으로 천도하는 격류의 전투. 강물 위에서 벌어지는 위험천만한 도하 작전에서 적의 방해를 뚫고 나아가라.',0,3,8,10,195,95,'kr_swamp',10,10,'grass','[{\"type\": \"water\", \"coords\": [[2, 6], [2, 7], [3, 6], [3, 7]], \"height\": 2}, {\"type\": \"dirt\", \"coords\": [[8, 4]], \"height\": 2}, {\"type\": \"dark\", \"coords\": [[7, 2], [7, 3], [7, 4], [8, 2], [8, 3], [8, 4], [9, 2], [9, 3], [9, 4]], \"height\": 3}]','[{\"x\": 0, \"z\": 0}, {\"x\": 1, \"z\": 0}, {\"x\": 0, \"z\": 1}]','[{\"x\": 9, \"z\": 9}, {\"x\": 8, \"z\": 9}, {\"x\": 9, \"z\": 8}]'),(36,4,4,'사비성 공방','백제의 마지막 수도 사비성에서 벌어지는 치열한 공방전. 성벽 위에서 쏟아지는 화살과 마법 공격 속에서 성을 지켜내야 한다.',0,3,8,10,205,100,'kr_swamp',10,10,'grass','[{\"type\": \"water\", \"coords\": [[2, 2]], \"height\": 2}, {\"type\": \"grass\", \"coords\": [[4, 4], [4, 5], [5, 4], [5, 5]], \"height\": 2}, {\"type\": \"stone\", \"coords\": [[8, 8], [8, 9], [9, 8], [9, 9]], \"height\": 1}]','[{\"x\": 0, \"z\": 0}, {\"x\": 1, \"z\": 0}, {\"x\": 0, \"z\": 1}]','[{\"x\": 9, \"z\": 9}, {\"x\": 8, \"z\": 9}, {\"x\": 9, \"z\": 8}]'),(37,4,5,'무령왕릉','백제 25대 무령왕의 능. 정교한 벽돌무덤 속에 잠든 왕의 수호령들이 깨어나 침입자를 시험한다. 백제 문화의 정수를 느낄 수 있는 곳이다.',0,4,8,11,220,105,'kr_swamp',10,10,'stone','[{\"type\": \"water\", \"coords\": [[2, 6]], \"height\": 2}, {\"type\": \"dirt\", \"coords\": [[8, 4], [8, 5], [9, 4], [9, 5]], \"height\": 2}, {\"type\": \"dark\", \"coords\": [[2, 7]], \"height\": 2}]','[{\"x\": 0, \"z\": 0}, {\"x\": 1, \"z\": 0}, {\"x\": 0, \"z\": 1}, {\"x\": 1, \"z\": 1}]','[{\"x\": 9, \"z\": 9}, {\"x\": 8, \"z\": 9}, {\"x\": 9, \"z\": 8}, {\"x\": 8, \"z\": 8}]'),(38,4,6,'미륵사 터','동양 최대 사찰이었던 미륵사의 폐허. 거대한 석탑 사이로 깃든 불교의 수호신과 마물들이 뒤섞여 혼돈의 전장을 만든다.',0,4,9,11,235,110,'kr_swamp',10,10,'stone','[{\"type\": \"water\", \"coords\": [[3, 2], [3, 3], [3, 4], [4, 2], [4, 3], [4, 4], [5, 2], [5, 3], [5, 4]], \"height\": 2}, {\"type\": \"grass\", \"coords\": [[3, 4], [3, 5], [4, 4], [4, 5]], \"height\": 2}, {\"type\": \"dirt\", \"coords\": [[3, 6], [3, 7], [3, 8], [4, 6], [4, 7], [4, 8], [5, 6], [5, 7], [5, 8]], \"height\": 3}]','[{\"x\": 0, \"z\": 0}, {\"x\": 1, \"z\": 0}, {\"x\": 0, \"z\": 1}, {\"x\": 1, \"z\": 1}]','[{\"x\": 9, \"z\": 9}, {\"x\": 8, \"z\": 9}, {\"x\": 9, \"z\": 8}, {\"x\": 8, \"z\": 8}]'),(39,4,7,'백마강 전투','삼천 궁녀의 전설이 서린 백마강가. 낙화암의 슬픈 역사가 깃든 이곳에서 강물에서 솟아오른 원혼들과 맞서 싸워야 한다.',0,4,9,12,250,120,'kr_swamp',10,10,'grass','[{\"type\": \"water\", \"coords\": [[3, 7], [3, 8], [3, 9], [4, 7], [4, 8], [4, 9], [5, 7], [5, 8], [5, 9]], \"height\": 2}, {\"type\": \"water\", \"coords\": [[7, 4], [7, 5], [8, 4], [8, 5]], \"height\": 2}, {\"type\": \"grass\", \"coords\": [[4, 5], [4, 6], [5, 5], [5, 6]], \"height\": 1}]','[{\"x\": 0, \"z\": 0}, {\"x\": 1, \"z\": 0}, {\"x\": 0, \"z\": 1}, {\"x\": 1, \"z\": 1}]','[{\"x\": 9, \"z\": 9}, {\"x\": 8, \"z\": 9}, {\"x\": 9, \"z\": 8}, {\"x\": 8, \"z\": 8}]'),(40,4,8,'관산성','성왕이 전사한 비극의 전장 관산성. 왕의 원통한 기운이 서려 있어 강력한 원령들이 출몰하는 위험한 곳이다.',0,4,9,12,265,125,'kr_swamp',10,10,'stone','[{\"type\": \"water\", \"coords\": [[3, 3], [3, 4], [4, 3], [4, 4]], \"height\": 2}, {\"type\": \"stone\", \"coords\": [[2, 4], [2, 5], [3, 4], [3, 5]], \"height\": 2}, {\"type\": \"water\", \"coords\": [[6, 3], [6, 4], [7, 3], [7, 4]], \"height\": 2}]','[{\"x\": 0, \"z\": 0}, {\"x\": 1, \"z\": 0}, {\"x\": 0, \"z\": 1}, {\"x\": 1, \"z\": 1}]','[{\"x\": 9, \"z\": 9}, {\"x\": 8, \"z\": 9}, {\"x\": 9, \"z\": 8}, {\"x\": 8, \"z\": 8}]'),(41,4,9,'황산벌 전야','계백 장군이 결사대 5천을 이끌고 최후의 전투를 벌인 황산벌. 죽음을 각오한 전사들의 기백이 서린 비장한 전장이다.',0,5,10,13,280,135,'kr_swamp',12,10,'grass','[{\"type\": \"stone\", \"coords\": [[5, 6], [5, 7], [5, 8], [6, 6], [6, 7], [6, 8], [7, 6], [7, 7], [7, 8]], \"height\": 2}, {\"type\": \"dirt\", \"coords\": [[6, 5], [6, 6], [6, 7], [7, 5], [7, 6], [7, 7], [8, 5], [8, 6], [8, 7]], \"height\": 2}, {\"type\": \"grass\", \"coords\": [[10, 6]], \"height\": 1}]','[{\"x\": 0, \"z\": 0}, {\"x\": 1, \"z\": 0}, {\"x\": 0, \"z\": 1}, {\"x\": 1, \"z\": 1}]','[{\"x\": 11, \"z\": 9}, {\"x\": 10, \"z\": 9}, {\"x\": 11, \"z\": 8}, {\"x\": 10, \"z\": 8}, {\"x\": 11, \"z\": 7}]'),(42,4,10,'계백 장군의 결전','백제 최후의 충신 계백 장군과의 결전. 처자식까지 스스로 베어 물러설 곳 없는 장군의 결의와 맞서는 최종 보스전이다.',1,5,10,14,420,210,'kr_swamp',12,12,'grass','[{\"type\": \"water\", \"coords\": [[10, 9]], \"height\": 2}, {\"type\": \"grass\", \"coords\": [[7, 7], [7, 8], [7, 9], [8, 7], [8, 8], [8, 9], [9, 7], [9, 8], [9, 9]], \"height\": 2}, {\"type\": \"water\", \"coords\": [[9, 9]], \"height\": 1}, {\"type\": \"stone\", \"coords\": [[6, 6], [5, 6], [6, 5], [5, 5]], \"height\": 3}]','[{\"x\": 0, \"z\": 0}, {\"x\": 1, \"z\": 0}, {\"x\": 0, \"z\": 1}, {\"x\": 1, \"z\": 1}]','[{\"x\": 11, \"z\": 11}, {\"x\": 10, \"z\": 11}, {\"x\": 11, \"z\": 10}, {\"x\": 10, \"z\": 10}, {\"x\": 11, \"z\": 9}]'),(43,5,1,'경주 남산','신라의 성스러운 산 경주 남산. 수많은 불상과 탑이 세워진 이 영험한 산에서 불교의 수호신들이 침입자를 시험한다.',0,3,9,11,200,100,'kr_temple',9,9,'grass','[{\"type\": \"stone\", \"coords\": [[6, 3], [6, 4], [6, 5], [7, 3], [7, 4], [7, 5], [8, 3], [8, 4], [8, 5]], \"height\": 3}, {\"type\": \"grass\", \"coords\": [[6, 7], [6, 8], [7, 7], [7, 8]], \"height\": 2}, {\"type\": \"stone\", \"coords\": [[5, 4], [5, 5], [6, 4], [6, 5]], \"height\": 3}]','[{\"x\": 0, \"z\": 0}, {\"x\": 1, \"z\": 0}, {\"x\": 0, \"z\": 1}]','[{\"x\": 8, \"z\": 8}, {\"x\": 7, \"z\": 8}, {\"x\": 8, \"z\": 7}]'),(44,5,2,'화랑 수련장','화랑도가 심신을 수련하던 훈련장. 세속오계의 정신 아래 단련된 화랑들의 영혼이 깃들어 있어, 진정한 전사만이 통과할 수 있다.',0,3,9,11,210,105,'kr_temple',9,9,'grass','[{\"type\": \"stone\", \"coords\": [[7, 7], [7, 8], [8, 7], [8, 8]], \"height\": 3}, {\"type\": \"dirt\", \"coords\": [[3, 7], [3, 8], [4, 7], [4, 8]], \"height\": 2}, {\"type\": \"dark\", \"coords\": [[6, 3]], \"height\": 1}]','[{\"x\": 0, \"z\": 0}, {\"x\": 1, \"z\": 0}, {\"x\": 0, \"z\": 1}]','[{\"x\": 8, \"z\": 8}, {\"x\": 7, \"z\": 8}, {\"x\": 8, \"z\": 7}]'),(45,5,3,'첨성대 주변','동양 최고(最古)의 천문대 첨성대 주변. 별의 기운이 모이는 이 신비로운 장소에서 천체의 힘을 품은 마물들이 출현한다.',0,3,10,12,225,110,'kr_temple',10,10,'stone','[{\"type\": \"water\", \"coords\": [[2, 6], [2, 7], [3, 6], [3, 7]], \"height\": 2}, {\"type\": \"dirt\", \"coords\": [[8, 4]], \"height\": 2}, {\"type\": \"dark\", \"coords\": [[7, 2], [7, 3], [7, 4], [8, 2], [8, 3], [8, 4], [9, 2], [9, 3], [9, 4]], \"height\": 3}]','[{\"x\": 0, \"z\": 0}, {\"x\": 1, \"z\": 0}, {\"x\": 0, \"z\": 1}]','[{\"x\": 9, \"z\": 9}, {\"x\": 8, \"z\": 9}, {\"x\": 9, \"z\": 8}]'),(46,5,4,'불국사 경내','부처의 나라를 현세에 구현한 불국사 경내. 청운교와 백운교를 건너면 극락의 수호자들이 기다리는 환상적인 전장이 펼쳐진다.',0,3,10,12,235,115,'kr_temple',10,10,'stone','[{\"type\": \"water\", \"coords\": [[2, 2]], \"height\": 2}, {\"type\": \"grass\", \"coords\": [[4, 4], [4, 5], [5, 4], [5, 5]], \"height\": 2}, {\"type\": \"stone\", \"coords\": [[8, 8], [8, 9], [9, 8], [9, 9]], \"height\": 1}]','[{\"x\": 0, \"z\": 0}, {\"x\": 1, \"z\": 0}, {\"x\": 0, \"z\": 1}]','[{\"x\": 9, \"z\": 9}, {\"x\": 8, \"z\": 9}, {\"x\": 9, \"z\": 8}]'),(47,5,5,'석굴암 석실','동해의 일출을 바라보는 석굴암의 신비로운 석실. 본존불의 자비로운 기운과 함께 석굴 속 깊은 곳의 암흑 마물들이 공존하는 곳이다.',0,4,10,13,250,120,'kr_temple',10,10,'stone','[{\"type\": \"water\", \"coords\": [[2, 6]], \"height\": 2}, {\"type\": \"dirt\", \"coords\": [[8, 4], [8, 5], [9, 4], [9, 5]], \"height\": 2}, {\"type\": \"dark\", \"coords\": [[2, 7]], \"height\": 2}]','[{\"x\": 0, \"z\": 0}, {\"x\": 1, \"z\": 0}, {\"x\": 0, \"z\": 1}, {\"x\": 1, \"z\": 1}]','[{\"x\": 9, \"z\": 9}, {\"x\": 8, \"z\": 9}, {\"x\": 9, \"z\": 8}, {\"x\": 8, \"z\": 8}]'),(48,5,6,'대릉원','신라 왕들이 잠든 대릉원의 고분군. 황금 보관과 유물들을 지키는 고대 왕들의 수호령이 무덤 사이를 떠돌고 있다.',0,4,11,13,265,130,'kr_temple',10,10,'grass','[{\"type\": \"water\", \"coords\": [[3, 2], [3, 3], [3, 4], [4, 2], [4, 3], [4, 4], [5, 2], [5, 3], [5, 4]], \"height\": 2}, {\"type\": \"grass\", \"coords\": [[3, 4], [3, 5], [4, 4], [4, 5]], \"height\": 2}, {\"type\": \"dirt\", \"coords\": [[3, 6], [3, 7], [3, 8], [4, 6], [4, 7], [4, 8], [5, 6], [5, 7], [5, 8]], \"height\": 3}]','[{\"x\": 0, \"z\": 0}, {\"x\": 1, \"z\": 0}, {\"x\": 0, \"z\": 1}, {\"x\": 1, \"z\": 1}]','[{\"x\": 9, \"z\": 9}, {\"x\": 8, \"z\": 9}, {\"x\": 9, \"z\": 8}, {\"x\": 8, \"z\": 8}]'),(49,5,7,'김유신의 출전','삼국통일의 영웅 김유신 장군과 함께하는 출정. 장군의 명검 기운이 서린 전장에서 적군을 무찔러야 한다.',0,4,11,14,280,135,'kr_temple',10,10,'grass','[{\"type\": \"water\", \"coords\": [[3, 7], [3, 8], [3, 9], [4, 7], [4, 8], [4, 9], [5, 7], [5, 8], [5, 9]], \"height\": 2}, {\"type\": \"water\", \"coords\": [[7, 4], [7, 5], [8, 4], [8, 5]], \"height\": 2}, {\"type\": \"grass\", \"coords\": [[4, 5], [4, 6], [5, 5], [5, 6]], \"height\": 1}]','[{\"x\": 0, \"z\": 0}, {\"x\": 1, \"z\": 0}, {\"x\": 0, \"z\": 1}, {\"x\": 1, \"z\": 1}]','[{\"x\": 9, \"z\": 9}, {\"x\": 8, \"z\": 9}, {\"x\": 9, \"z\": 8}, {\"x\": 8, \"z\": 8}]'),(50,5,8,'매소성 전투','675년 당군 20만을 격파한 매소성 결전지. 나당전쟁의 승리를 결정지은 이 역사적 전장에서 외세의 침략을 물리쳐라.',0,4,11,14,295,140,'kr_temple',10,10,'grass','[{\"type\": \"water\", \"coords\": [[3, 3], [3, 4], [4, 3], [4, 4]], \"height\": 2}, {\"type\": \"stone\", \"coords\": [[2, 4], [2, 5], [3, 4], [3, 5]], \"height\": 2}, {\"type\": \"water\", \"coords\": [[6, 3], [6, 4], [7, 3], [7, 4]], \"height\": 2}]','[{\"x\": 0, \"z\": 0}, {\"x\": 1, \"z\": 0}, {\"x\": 0, \"z\": 1}, {\"x\": 1, \"z\": 1}]','[{\"x\": 9, \"z\": 9}, {\"x\": 8, \"z\": 9}, {\"x\": 9, \"z\": 8}, {\"x\": 8, \"z\": 8}]'),(51,5,9,'기벌포 해전','신라 수군이 당나라 함대를 격파한 기벌포 해전. 파도 위에서 벌어지는 해상 전투에서 적 함대를 침몰시켜야 한다.',0,5,12,15,310,150,'kr_temple',12,10,'stone','[{\"type\": \"stone\", \"coords\": [[5, 6], [5, 7], [5, 8], [6, 6], [6, 7], [6, 8], [7, 6], [7, 7], [7, 8]], \"height\": 2}, {\"type\": \"dirt\", \"coords\": [[6, 5], [6, 6], [6, 7], [7, 5], [7, 6], [7, 7], [8, 5], [8, 6], [8, 7]], \"height\": 2}, {\"type\": \"grass\", \"coords\": [[10, 6]], \"height\": 1}]','[{\"x\": 0, \"z\": 0}, {\"x\": 1, \"z\": 0}, {\"x\": 0, \"z\": 1}, {\"x\": 1, \"z\": 1}]','[{\"x\": 11, \"z\": 9}, {\"x\": 10, \"z\": 9}, {\"x\": 11, \"z\": 8}, {\"x\": 10, \"z\": 8}, {\"x\": 11, \"z\": 7}]'),(52,5,10,'비담의 난','선덕여왕에 반기를 든 비담의 난. 왕궁을 향해 진격하는 반란군과 여왕을 지키려는 충신들의 혈전이 펼쳐진다.',0,5,12,15,330,155,'kr_temple',12,10,'stone','[{\"type\": \"stone\", \"coords\": [[6, 2], [6, 3], [6, 4], [7, 2], [7, 3], [7, 4], [8, 2], [8, 3], [8, 4]], \"height\": 2}, {\"type\": \"grass\", \"coords\": [[1, 5], [1, 6], [1, 7], [2, 5], [2, 6], [2, 7], [3, 5], [3, 6], [3, 7]], \"height\": 2}, {\"type\": \"water\", \"coords\": [[2, 5], [2, 6], [2, 7], [3, 5], [3, 6], [3, 7], [4, 5], [4, 6], [4, 7]], \"height\": 2}]','[{\"x\": 0, \"z\": 0}, {\"x\": 1, \"z\": 0}, {\"x\": 0, \"z\": 1}, {\"x\": 1, \"z\": 1}]','[{\"x\": 11, \"z\": 9}, {\"x\": 10, \"z\": 9}, {\"x\": 11, \"z\": 8}, {\"x\": 10, \"z\": 8}, {\"x\": 11, \"z\": 7}]'),(53,5,11,'문무왕 해중릉','죽어서 동해의 용이 되어 나라를 지키겠다는 문무왕의 해중릉. 바다 속에서 깨어난 용왕의 시련을 견뎌내야 한다.',0,5,13,16,350,165,'kr_temple',12,10,'stone','[{\"type\": \"stone\", \"coords\": [[6, 6], [6, 7], [7, 6], [7, 7]], \"height\": 2}, {\"type\": \"water\", \"coords\": [[5, 5], [5, 6], [5, 7], [6, 5], [6, 6], [6, 7], [7, 5], [7, 6], [7, 7]], \"height\": 3}, {\"type\": \"stone\", \"coords\": [[4, 4], [4, 5], [4, 6], [5, 4], [5, 5], [5, 6], [6, 4], [6, 5], [6, 6]], \"height\": 3}]','[{\"x\": 0, \"z\": 0}, {\"x\": 1, \"z\": 0}, {\"x\": 0, \"z\": 1}, {\"x\": 1, \"z\": 1}]','[{\"x\": 11, \"z\": 9}, {\"x\": 10, \"z\": 9}, {\"x\": 11, \"z\": 8}, {\"x\": 10, \"z\": 8}, {\"x\": 11, \"z\": 7}]'),(54,5,12,'삼국통일 대전','백제와 고구려를 멸하고 당군까지 물리친 삼국통일의 최종 대전. 천년 전쟁의 종결을 알리는 장엄한 최후의 결전이다.',1,6,13,17,500,250,'kr_temple',12,12,'grass','[{\"type\": \"water\", \"coords\": [[1, 9], [1, 10], [1, 11], [2, 9], [2, 10], [2, 11], [3, 9], [3, 10], [3, 11]], \"height\": 2}, {\"type\": \"grass\", \"coords\": [[6, 7]], \"height\": 2}, {\"type\": \"water\", \"coords\": [[2, 5], [2, 6], [3, 5], [3, 6]], \"height\": 3}, {\"type\": \"stone\", \"coords\": [[6, 6], [5, 6], [6, 5], [5, 5]], \"height\": 3}]','[{\"x\": 0, \"z\": 0}, {\"x\": 1, \"z\": 0}, {\"x\": 0, \"z\": 1}, {\"x\": 1, \"z\": 1}]','[{\"x\": 11, \"z\": 11}, {\"x\": 10, \"z\": 11}, {\"x\": 11, \"z\": 10}, {\"x\": 10, \"z\": 10}, {\"x\": 11, \"z\": 9}, {\"x\": 10, \"z\": 9}]'),(55,6,1,'동모산','대조영이 발해를 건국한 성스러운 동모산. 만주 벌판을 호령한 해동성국의 기상이 서린 이곳에서 새로운 도전이 시작된다.',0,3,11,13,240,120,'kr_mountain',9,9,'stone','[{\"type\": \"stone\", \"coords\": [[6, 3], [6, 4], [6, 5], [7, 3], [7, 4], [7, 5], [8, 3], [8, 4], [8, 5]], \"height\": 3}, {\"type\": \"grass\", \"coords\": [[6, 7], [6, 8], [7, 7], [7, 8]], \"height\": 2}, {\"type\": \"stone\", \"coords\": [[5, 4], [5, 5], [6, 4], [6, 5]], \"height\": 3}]','[{\"x\": 0, \"z\": 0}, {\"x\": 1, \"z\": 0}, {\"x\": 0, \"z\": 1}]','[{\"x\": 8, \"z\": 8}, {\"x\": 7, \"z\": 8}, {\"x\": 8, \"z\": 7}]'),(56,6,2,'상경용천부','발해의 찬란한 수도 상경용천부. 당나라 장안을 본떠 만든 거대한 도성에서 수도를 지키는 정예 수비대와 맞선다.',0,3,11,13,255,125,'kr_mountain',10,10,'stone','[{\"type\": \"water\", \"coords\": [[2, 2], [2, 3], [3, 2], [3, 3]], \"height\": 2}, {\"type\": \"dark\", \"coords\": [[5, 4]], \"height\": 1}, {\"type\": \"stone\", \"coords\": [[6, 3], [6, 4], [6, 5], [7, 3], [7, 4], [7, 5], [8, 3], [8, 4], [8, 5]], \"height\": 2}]','[{\"x\": 0, \"z\": 0}, {\"x\": 1, \"z\": 0}, {\"x\": 0, \"z\": 1}]','[{\"x\": 9, \"z\": 9}, {\"x\": 8, \"z\": 9}, {\"x\": 9, \"z\": 8}]'),(57,6,3,'중경현덕부','발해 5경 중 하나인 중경현덕부. 교역의 중심지였던 이곳에서 실크로드를 통해 유입된 이국의 마물들과 전투를 벌인다.',0,3,12,14,270,130,'kr_mountain',10,10,'stone','[{\"type\": \"water\", \"coords\": [[2, 6], [2, 7], [3, 6], [3, 7]], \"height\": 2}, {\"type\": \"dirt\", \"coords\": [[8, 4]], \"height\": 2}, {\"type\": \"dark\", \"coords\": [[7, 2], [7, 3], [7, 4], [8, 2], [8, 3], [8, 4], [9, 2], [9, 3], [9, 4]], \"height\": 3}]','[{\"x\": 0, \"z\": 0}, {\"x\": 1, \"z\": 0}, {\"x\": 0, \"z\": 1}]','[{\"x\": 9, \"z\": 9}, {\"x\": 8, \"z\": 9}, {\"x\": 9, \"z\": 8}]'),(58,6,4,'장문휴의 원정','장문휴 장군이 당나라 등주를 공격한 해상 원정의 전장. 거친 바다를 건너 적진에 상륙하는 대담한 작전에 참여하라.',0,4,12,14,285,140,'kr_mountain',10,10,'stone','[{\"type\": \"water\", \"coords\": [[2, 2]], \"height\": 2}, {\"type\": \"grass\", \"coords\": [[4, 4], [4, 5], [5, 4], [5, 5]], \"height\": 2}, {\"type\": \"stone\", \"coords\": [[8, 8], [8, 9], [9, 8], [9, 9]], \"height\": 1}]','[{\"x\": 0, \"z\": 0}, {\"x\": 1, \"z\": 0}, {\"x\": 0, \"z\": 1}, {\"x\": 1, \"z\": 1}]','[{\"x\": 9, \"z\": 9}, {\"x\": 8, \"z\": 9}, {\"x\": 9, \"z\": 8}, {\"x\": 8, \"z\": 8}]'),(59,6,5,'대조영의 전장','건국 영웅 대조영이 영주에서 동모산까지 싸워온 건국 전쟁의 재현. 추격하는 당군을 물리치며 새 나라의 터전을 마련하라.',0,4,12,15,300,145,'kr_mountain',10,10,'grass','[{\"type\": \"water\", \"coords\": [[2, 6]], \"height\": 2}, {\"type\": \"dirt\", \"coords\": [[8, 4], [8, 5], [9, 4], [9, 5]], \"height\": 2}, {\"type\": \"dark\", \"coords\": [[2, 7]], \"height\": 2}]','[{\"x\": 0, \"z\": 0}, {\"x\": 1, \"z\": 0}, {\"x\": 0, \"z\": 1}, {\"x\": 1, \"z\": 1}]','[{\"x\": 9, \"z\": 9}, {\"x\": 8, \"z\": 9}, {\"x\": 9, \"z\": 8}, {\"x\": 8, \"z\": 8}]'),(60,6,6,'대무예의 진격','대무예 왕의 영토 확장 전쟁. 북으로 흑수말갈, 서로 거란과 맞서며 해동성국의 광활한 영토를 개척하는 전장이다.',0,4,13,15,315,155,'kr_mountain',10,10,'grass','[{\"type\": \"water\", \"coords\": [[3, 2], [3, 3], [3, 4], [4, 2], [4, 3], [4, 4], [5, 2], [5, 3], [5, 4]], \"height\": 2}, {\"type\": \"grass\", \"coords\": [[3, 4], [3, 5], [4, 4], [4, 5]], \"height\": 2}, {\"type\": \"dirt\", \"coords\": [[3, 6], [3, 7], [3, 8], [4, 6], [4, 7], [4, 8], [5, 6], [5, 7], [5, 8]], \"height\": 3}]','[{\"x\": 0, \"z\": 0}, {\"x\": 1, \"z\": 0}, {\"x\": 0, \"z\": 1}, {\"x\": 1, \"z\": 1}]','[{\"x\": 9, \"z\": 9}, {\"x\": 8, \"z\": 9}, {\"x\": 9, \"z\": 8}, {\"x\": 8, \"z\": 8}]'),(61,6,7,'거란 접경','북방 유목 민족 거란과의 접경 지대. 초원의 기마 전사들이 끊임없이 국경을 침범하는 긴장감 넘치는 전장이다.',0,4,13,16,330,160,'kr_mountain',10,10,'grass','[{\"type\": \"water\", \"coords\": [[3, 7], [3, 8], [3, 9], [4, 7], [4, 8], [4, 9], [5, 7], [5, 8], [5, 9]], \"height\": 2}, {\"type\": \"water\", \"coords\": [[7, 4], [7, 5], [8, 4], [8, 5]], \"height\": 2}, {\"type\": \"grass\", \"coords\": [[4, 5], [4, 6], [5, 5], [5, 6]], \"height\": 1}]','[{\"x\": 0, \"z\": 0}, {\"x\": 1, \"z\": 0}, {\"x\": 0, \"z\": 1}, {\"x\": 1, \"z\": 1}]','[{\"x\": 9, \"z\": 9}, {\"x\": 8, \"z\": 9}, {\"x\": 9, \"z\": 8}, {\"x\": 8, \"z\": 8}]'),(62,6,8,'선왕의 전성기','선왕 대인수 시대 발해의 전성기를 재현한 전투. 해동성국의 최전성기 군대와 겨루며 전력의 한계를 시험받는다.',0,5,14,16,350,170,'kr_mountain',10,10,'stone','[{\"type\": \"water\", \"coords\": [[3, 3], [3, 4], [4, 3], [4, 4]], \"height\": 2}, {\"type\": \"stone\", \"coords\": [[2, 4], [2, 5], [3, 4], [3, 5]], \"height\": 2}, {\"type\": \"water\", \"coords\": [[6, 3], [6, 4], [7, 3], [7, 4]], \"height\": 2}]','[{\"x\": 0, \"z\": 0}, {\"x\": 1, \"z\": 0}, {\"x\": 0, \"z\": 1}, {\"x\": 1, \"z\": 1}]','[{\"x\": 9, \"z\": 9}, {\"x\": 8, \"z\": 9}, {\"x\": 9, \"z\": 8}, {\"x\": 8, \"z\": 8}, {\"x\": 9, \"z\": 7}]'),(63,6,9,'발해 말기 전투','멸망 직전 거란의 침공에 맞서는 발해의 사투. 내부 분열과 외세의 공격 속에서 마지막까지 나라를 지키려는 처절한 전투다.',0,5,14,17,370,180,'kr_mountain',12,10,'stone','[{\"type\": \"stone\", \"coords\": [[5, 6], [5, 7], [5, 8], [6, 6], [6, 7], [6, 8], [7, 6], [7, 7], [7, 8]], \"height\": 2}, {\"type\": \"dirt\", \"coords\": [[6, 5], [6, 6], [6, 7], [7, 5], [7, 6], [7, 7], [8, 5], [8, 6], [8, 7]], \"height\": 2}, {\"type\": \"grass\", \"coords\": [[10, 6]], \"height\": 1}]','[{\"x\": 0, \"z\": 0}, {\"x\": 1, \"z\": 0}, {\"x\": 0, \"z\": 1}, {\"x\": 1, \"z\": 1}]','[{\"x\": 11, \"z\": 9}, {\"x\": 10, \"z\": 9}, {\"x\": 11, \"z\": 8}, {\"x\": 10, \"z\": 8}, {\"x\": 11, \"z\": 7}]'),(64,6,10,'해동성국 최후','해동성국 발해 최후의 전쟁. 거란 야율아보기의 대군에 맞선 마지막 방어전. 229년 대제국의 운명이 이 전투에 달려있다.',1,6,15,18,550,275,'kr_mountain',12,12,'stone','[{\"type\": \"water\", \"coords\": [[10, 9]], \"height\": 2}, {\"type\": \"grass\", \"coords\": [[7, 7], [7, 8], [7, 9], [8, 7], [8, 8], [8, 9], [9, 7], [9, 8], [9, 9]], \"height\": 2}, {\"type\": \"water\", \"coords\": [[9, 9]], \"height\": 1}, {\"type\": \"stone\", \"coords\": [[6, 6], [5, 6], [6, 5], [5, 5]], \"height\": 3}]','[{\"x\": 0, \"z\": 0}, {\"x\": 1, \"z\": 0}, {\"x\": 0, \"z\": 1}, {\"x\": 1, \"z\": 1}]','[{\"x\": 11, \"z\": 11}, {\"x\": 10, \"z\": 11}, {\"x\": 11, \"z\": 10}, {\"x\": 10, \"z\": 10}, {\"x\": 11, \"z\": 9}, {\"x\": 10, \"z\": 9}]'),(65,7,1,'송악산','왕건이 후삼국 통일의 꿈을 품고 올랐던 송악산. 산 정상에서 펼쳐지는 전투에서 통일의 기운을 얻어야 한다.',0,3,13,15,280,140,'kr_spirit',9,9,'grass','[{\"type\": \"stone\", \"coords\": [[6, 3], [6, 4], [6, 5], [7, 3], [7, 4], [7, 5], [8, 3], [8, 4], [8, 5]], \"height\": 3}, {\"type\": \"grass\", \"coords\": [[6, 7], [6, 8], [7, 7], [7, 8]], \"height\": 2}, {\"type\": \"stone\", \"coords\": [[5, 4], [5, 5], [6, 4], [6, 5]], \"height\": 3}]','[{\"x\": 0, \"z\": 0}, {\"x\": 1, \"z\": 0}, {\"x\": 0, \"z\": 1}]','[{\"x\": 8, \"z\": 8}, {\"x\": 7, \"z\": 8}, {\"x\": 8, \"z\": 7}]'),(66,7,2,'개경 시가전','고려의 수도 개경(개성)의 시가지에서 벌어지는 치열한 전투. 좁은 골목과 높은 성벽 사이에서 전략적 교전이 펼쳐진다.',0,3,13,15,295,145,'kr_spirit',10,10,'stone','[{\"type\": \"water\", \"coords\": [[2, 2], [2, 3], [3, 2], [3, 3]], \"height\": 2}, {\"type\": \"dark\", \"coords\": [[5, 4]], \"height\": 1}, {\"type\": \"stone\", \"coords\": [[6, 3], [6, 4], [6, 5], [7, 3], [7, 4], [7, 5], [8, 3], [8, 4], [8, 5]], \"height\": 2}]','[{\"x\": 0, \"z\": 0}, {\"x\": 1, \"z\": 0}, {\"x\": 0, \"z\": 1}]','[{\"x\": 9, \"z\": 9}, {\"x\": 8, \"z\": 9}, {\"x\": 9, \"z\": 8}]'),(67,7,3,'서경 전투','묘청이 서경(평양) 천도를 주장하며 일으킨 전쟁. 수도 이전을 둘러싼 정치적 갈등이 전장 위의 마물들과 뒤엉킨다.',0,3,14,16,310,155,'kr_spirit',10,10,'stone','[{\"type\": \"water\", \"coords\": [[2, 6], [2, 7], [3, 6], [3, 7]], \"height\": 2}, {\"type\": \"dirt\", \"coords\": [[8, 4]], \"height\": 2}, {\"type\": \"dark\", \"coords\": [[7, 2], [7, 3], [7, 4], [8, 2], [8, 3], [8, 4], [9, 2], [9, 3], [9, 4]], \"height\": 3}]','[{\"x\": 0, \"z\": 0}, {\"x\": 1, \"z\": 0}, {\"x\": 0, \"z\": 1}]','[{\"x\": 9, \"z\": 9}, {\"x\": 8, \"z\": 9}, {\"x\": 9, \"z\": 8}]'),(68,7,4,'귀주대첩','1019년 강감찬 장군이 거란 10만 대군을 섬멸한 귀주대첩의 전장. 대원수의 지략을 이어받아 압도적인 적을 무찔러라.',0,4,14,16,330,160,'kr_spirit',10,10,'grass','[{\"type\": \"water\", \"coords\": [[2, 2]], \"height\": 2}, {\"type\": \"grass\", \"coords\": [[4, 4], [4, 5], [5, 4], [5, 5]], \"height\": 2}, {\"type\": \"stone\", \"coords\": [[8, 8], [8, 9], [9, 8], [9, 9]], \"height\": 1}]','[{\"x\": 0, \"z\": 0}, {\"x\": 1, \"z\": 0}, {\"x\": 0, \"z\": 1}, {\"x\": 1, \"z\": 1}]','[{\"x\": 9, \"z\": 9}, {\"x\": 8, \"z\": 9}, {\"x\": 9, \"z\": 8}, {\"x\": 8, \"z\": 8}]'),(69,7,5,'처인성 전투','1232년 몽골군 사령관 살리타이가 전사한 처인성 전투. 승려 김윤후의 활약처럼 작은 성에서 거대한 적을 물리쳐야 한다.',0,4,14,17,345,170,'kr_spirit',10,10,'stone','[{\"type\": \"water\", \"coords\": [[2, 6]], \"height\": 2}, {\"type\": \"dirt\", \"coords\": [[8, 4], [8, 5], [9, 4], [9, 5]], \"height\": 2}, {\"type\": \"dark\", \"coords\": [[2, 7]], \"height\": 2}]','[{\"x\": 0, \"z\": 0}, {\"x\": 1, \"z\": 0}, {\"x\": 0, \"z\": 1}, {\"x\": 1, \"z\": 1}]','[{\"x\": 9, \"z\": 9}, {\"x\": 8, \"z\": 9}, {\"x\": 9, \"z\": 8}, {\"x\": 8, \"z\": 8}]'),(70,7,6,'삼별초 항쟁','몽골에 끝까지 항전한 삼별초의 전장. 진도와 제주도를 거치며 최후까지 저항하는 불굴의 전사들과 함께 싸운다.',0,4,15,17,360,175,'kr_spirit',10,10,'stone','[{\"type\": \"water\", \"coords\": [[3, 2], [3, 3], [3, 4], [4, 2], [4, 3], [4, 4], [5, 2], [5, 3], [5, 4]], \"height\": 2}, {\"type\": \"grass\", \"coords\": [[3, 4], [3, 5], [4, 4], [4, 5]], \"height\": 2}, {\"type\": \"dirt\", \"coords\": [[3, 6], [3, 7], [3, 8], [4, 6], [4, 7], [4, 8], [5, 6], [5, 7], [5, 8]], \"height\": 3}]','[{\"x\": 0, \"z\": 0}, {\"x\": 1, \"z\": 0}, {\"x\": 0, \"z\": 1}, {\"x\": 1, \"z\": 1}]','[{\"x\": 9, \"z\": 9}, {\"x\": 8, \"z\": 9}, {\"x\": 9, \"z\": 8}, {\"x\": 8, \"z\": 8}]'),(71,7,7,'팔만대장경 수호','8만 장의 목판에 새긴 팔만대장경을 지키는 전투. 해인사를 침범하는 마물들로부터 인류 문화유산을 수호해야 한다.',0,4,15,18,380,185,'kr_spirit',10,10,'stone','[{\"type\": \"water\", \"coords\": [[3, 7], [3, 8], [3, 9], [4, 7], [4, 8], [4, 9], [5, 7], [5, 8], [5, 9]], \"height\": 2}, {\"type\": \"water\", \"coords\": [[7, 4], [7, 5], [8, 4], [8, 5]], \"height\": 2}, {\"type\": \"grass\", \"coords\": [[4, 5], [4, 6], [5, 5], [5, 6]], \"height\": 1}]','[{\"x\": 0, \"z\": 0}, {\"x\": 1, \"z\": 0}, {\"x\": 0, \"z\": 1}, {\"x\": 1, \"z\": 1}]','[{\"x\": 9, \"z\": 9}, {\"x\": 8, \"z\": 9}, {\"x\": 9, \"z\": 8}, {\"x\": 8, \"z\": 8}]'),(72,7,8,'강화도 항전','몽골의 침공에 맞서 39년간 버텨낸 강화도 항전. 바다로 둘러싸인 요새에서 끊임없는 공격을 막아내는 지구전이다.',0,5,16,18,400,195,'kr_spirit',10,10,'stone','[{\"type\": \"water\", \"coords\": [[3, 3], [3, 4], [4, 3], [4, 4]], \"height\": 2}, {\"type\": \"stone\", \"coords\": [[2, 4], [2, 5], [3, 4], [3, 5]], \"height\": 2}, {\"type\": \"water\", \"coords\": [[6, 3], [6, 4], [7, 3], [7, 4]], \"height\": 2}]','[{\"x\": 0, \"z\": 0}, {\"x\": 1, \"z\": 0}, {\"x\": 0, \"z\": 1}, {\"x\": 1, \"z\": 1}]','[{\"x\": 9, \"z\": 9}, {\"x\": 8, \"z\": 9}, {\"x\": 9, \"z\": 8}, {\"x\": 8, \"z\": 8}, {\"x\": 9, \"z\": 7}]'),(73,7,9,'쌍성총관부 탈환','원나라에 빼앗긴 쌍성총관부를 탈환하는 전투. 공민왕의 반원 정책 아래 잃어버린 영토를 되찾기 위한 진격이 시작된다.',0,5,16,19,420,205,'kr_spirit',12,10,'grass','[{\"type\": \"stone\", \"coords\": [[5, 6], [5, 7], [5, 8], [6, 6], [6, 7], [6, 8], [7, 6], [7, 7], [7, 8]], \"height\": 2}, {\"type\": \"dirt\", \"coords\": [[6, 5], [6, 6], [6, 7], [7, 5], [7, 6], [7, 7], [8, 5], [8, 6], [8, 7]], \"height\": 2}, {\"type\": \"grass\", \"coords\": [[10, 6]], \"height\": 1}]','[{\"x\": 0, \"z\": 0}, {\"x\": 1, \"z\": 0}, {\"x\": 0, \"z\": 1}, {\"x\": 1, \"z\": 1}]','[{\"x\": 11, \"z\": 9}, {\"x\": 10, \"z\": 9}, {\"x\": 11, \"z\": 8}, {\"x\": 10, \"z\": 8}, {\"x\": 11, \"z\": 7}]'),(74,7,10,'위화도 회군','이성계가 요동 정벌 중 위화도에서 회군한 운명적 사건의 전장. 역사의 분수령에서 거대한 선택의 기로에 선다.',0,5,16,19,440,210,'kr_spirit',12,10,'grass','[{\"type\": \"stone\", \"coords\": [[6, 2], [6, 3], [6, 4], [7, 2], [7, 3], [7, 4], [8, 2], [8, 3], [8, 4]], \"height\": 2}, {\"type\": \"grass\", \"coords\": [[1, 5], [1, 6], [1, 7], [2, 5], [2, 6], [2, 7], [3, 5], [3, 6], [3, 7]], \"height\": 2}, {\"type\": \"water\", \"coords\": [[2, 5], [2, 6], [2, 7], [3, 5], [3, 6], [3, 7], [4, 5], [4, 6], [4, 7]], \"height\": 2}]','[{\"x\": 0, \"z\": 0}, {\"x\": 1, \"z\": 0}, {\"x\": 0, \"z\": 1}, {\"x\": 1, \"z\": 1}]','[{\"x\": 11, \"z\": 9}, {\"x\": 10, \"z\": 9}, {\"x\": 11, \"z\": 8}, {\"x\": 10, \"z\": 8}, {\"x\": 11, \"z\": 7}]'),(75,7,11,'만월대 공방','고려 왕궁 만월대에서 벌어지는 최후의 공방전. 무너져가는 왕조의 마지막 영광을 지키려는 수호자들과 맞선다.',0,5,17,20,460,220,'kr_spirit',12,10,'stone','[{\"type\": \"stone\", \"coords\": [[6, 6], [6, 7], [7, 6], [7, 7]], \"height\": 2}, {\"type\": \"water\", \"coords\": [[5, 5], [5, 6], [5, 7], [6, 5], [6, 6], [6, 7], [7, 5], [7, 6], [7, 7]], \"height\": 3}, {\"type\": \"stone\", \"coords\": [[4, 4], [4, 5], [4, 6], [5, 4], [5, 5], [5, 6], [6, 4], [6, 5], [6, 6]], \"height\": 3}]','[{\"x\": 0, \"z\": 0}, {\"x\": 1, \"z\": 0}, {\"x\": 0, \"z\": 1}, {\"x\": 1, \"z\": 1}]','[{\"x\": 11, \"z\": 9}, {\"x\": 10, \"z\": 9}, {\"x\": 11, \"z\": 8}, {\"x\": 10, \"z\": 8}, {\"x\": 11, \"z\": 7}]'),(76,7,12,'고려 최후의 전투','474년 왕조의 마지막 숨결. 고려의 충신들이 새 왕조의 탄생에 저항하며 벌이는 비장한 최후의 전투이다.',0,5,17,20,480,230,'kr_spirit',12,10,'stone','[{\"type\": \"stone\", \"coords\": [[6, 2], [6, 3], [7, 2], [7, 3]], \"height\": 2}, {\"type\": \"grass\", \"coords\": [[10, 5], [10, 6], [10, 7], [11, 5], [11, 6], [11, 7]], \"height\": 3}, {\"type\": \"water\", \"coords\": [[5, 2], [5, 3], [6, 2], [6, 3]], \"height\": 1}]','[{\"x\": 0, \"z\": 0}, {\"x\": 1, \"z\": 0}, {\"x\": 0, \"z\": 1}, {\"x\": 1, \"z\": 1}]','[{\"x\": 11, \"z\": 9}, {\"x\": 10, \"z\": 9}, {\"x\": 11, \"z\": 8}, {\"x\": 10, \"z\": 8}, {\"x\": 11, \"z\": 7}]'),(77,7,13,'강감찬 대원수 결전','귀주대첩의 대원수 강감찬 장군과의 최종 결전. 역사상 가장 위대한 방어전의 영웅이 남긴 궁극의 시련에 도전하라.',1,6,18,21,650,325,'kr_spirit',14,12,'grass','[{\"type\": \"stone\", \"coords\": [[3, 3]], \"height\": 2}, {\"type\": \"dirt\", \"coords\": [[11, 8]], \"height\": 2}, {\"type\": \"grass\", \"coords\": [[6, 9], [6, 10], [7, 9], [7, 10]], \"height\": 2}, {\"type\": \"stone\", \"coords\": [[7, 6], [6, 6], [7, 5], [6, 5]], \"height\": 3}]','[{\"x\": 0, \"z\": 0}, {\"x\": 1, \"z\": 0}, {\"x\": 0, \"z\": 1}, {\"x\": 1, \"z\": 1}]','[{\"x\": 13, \"z\": 11}, {\"x\": 12, \"z\": 11}, {\"x\": 13, \"z\": 10}, {\"x\": 12, \"z\": 10}, {\"x\": 13, \"z\": 9}, {\"x\": 12, \"z\": 9}]'),(78,8,1,'한양 도성','태조 이성계가 건설한 새 왕조의 수도 한양. 사대문으로 둘러싸인 도성에서 새 시대를 여는 전투가 시작된다.',0,3,16,18,350,175,'kr_temple',10,10,'stone','[{\"type\": \"water\", \"coords\": [[2, 6], [2, 7], [2, 8], [3, 6], [3, 7], [3, 8], [4, 6], [4, 7], [4, 8]], \"height\": 2}, {\"type\": \"dirt\", \"coords\": [[1, 4]], \"height\": 1}, {\"type\": \"water\", \"coords\": [[5, 4]], \"height\": 1}]','[{\"x\": 0, \"z\": 0}, {\"x\": 1, \"z\": 0}, {\"x\": 0, \"z\": 1}]','[{\"x\": 9, \"z\": 9}, {\"x\": 8, \"z\": 9}, {\"x\": 9, \"z\": 8}]'),(79,8,2,'경복궁 근정전','왕의 정전 근정전 앞 넓은 마당에서 벌어지는 의례적 전투. 왕권의 위엄이 서린 이곳에서 조선의 수호자들과 대면한다.',0,3,16,18,365,180,'kr_temple',10,10,'stone','[{\"type\": \"water\", \"coords\": [[2, 2], [2, 3], [3, 2], [3, 3]], \"height\": 2}, {\"type\": \"dark\", \"coords\": [[5, 4]], \"height\": 1}, {\"type\": \"stone\", \"coords\": [[6, 3], [6, 4], [6, 5], [7, 3], [7, 4], [7, 5], [8, 3], [8, 4], [8, 5]], \"height\": 2}]','[{\"x\": 0, \"z\": 0}, {\"x\": 1, \"z\": 0}, {\"x\": 0, \"z\": 1}]','[{\"x\": 9, \"z\": 9}, {\"x\": 8, \"z\": 9}, {\"x\": 9, \"z\": 8}]'),(80,8,3,'집현전','세종대왕이 설립한 학문 연구 기관 집현전. 학자들의 지혜가 마법으로 변한 이곳에서 지식과 무력이 결합된 전투를 경험한다.',0,4,17,19,380,190,'kr_temple',10,10,'stone','[{\"type\": \"water\", \"coords\": [[2, 6], [2, 7], [3, 6], [3, 7]], \"height\": 2}, {\"type\": \"dirt\", \"coords\": [[8, 4]], \"height\": 2}, {\"type\": \"dark\", \"coords\": [[7, 2], [7, 3], [7, 4], [8, 2], [8, 3], [8, 4], [9, 2], [9, 3], [9, 4]], \"height\": 3}]','[{\"x\": 0, \"z\": 0}, {\"x\": 1, \"z\": 0}, {\"x\": 0, \"z\": 1}, {\"x\": 1, \"z\": 1}]','[{\"x\": 9, \"z\": 9}, {\"x\": 8, \"z\": 9}, {\"x\": 9, \"z\": 8}, {\"x\": 8, \"z\": 8}]'),(81,8,4,'4군6진','세종대왕의 명으로 김종서가 개척한 북방 4군6진. 여진족과 맞서며 국경을 확장하는 혹한의 북방 전장이다.',0,4,17,19,400,195,'kr_temple',10,10,'grass','[{\"type\": \"water\", \"coords\": [[2, 2]], \"height\": 2}, {\"type\": \"grass\", \"coords\": [[4, 4], [4, 5], [5, 4], [5, 5]], \"height\": 2}, {\"type\": \"stone\", \"coords\": [[8, 8], [8, 9], [9, 8], [9, 9]], \"height\": 1}]','[{\"x\": 0, \"z\": 0}, {\"x\": 1, \"z\": 0}, {\"x\": 0, \"z\": 1}, {\"x\": 1, \"z\": 1}]','[{\"x\": 9, \"z\": 9}, {\"x\": 8, \"z\": 9}, {\"x\": 9, \"z\": 8}, {\"x\": 8, \"z\": 8}]'),(82,8,5,'사육신의 충절','단종에 대한 충절을 지킨 사육신의 비극적 전장. 죽음을 불사한 충신들의 영혼이 서려있어 강렬한 의지의 힘이 전장을 지배한다.',0,4,17,20,415,205,'kr_temple',10,10,'stone','[{\"type\": \"water\", \"coords\": [[2, 6]], \"height\": 2}, {\"type\": \"dirt\", \"coords\": [[8, 4], [8, 5], [9, 4], [9, 5]], \"height\": 2}, {\"type\": \"dark\", \"coords\": [[2, 7]], \"height\": 2}]','[{\"x\": 0, \"z\": 0}, {\"x\": 1, \"z\": 0}, {\"x\": 0, \"z\": 1}, {\"x\": 1, \"z\": 1}]','[{\"x\": 9, \"z\": 9}, {\"x\": 8, \"z\": 9}, {\"x\": 9, \"z\": 8}, {\"x\": 8, \"z\": 8}]'),(83,8,6,'비변사','국방 최고 의결 기관 비변사. 전략과 전술을 논하던 이곳이 전장으로 변하면서, 지략과 무력 모두를 시험받게 된다.',0,4,18,20,430,210,'kr_temple',10,10,'stone','[{\"type\": \"water\", \"coords\": [[3, 2], [3, 3], [3, 4], [4, 2], [4, 3], [4, 4], [5, 2], [5, 3], [5, 4]], \"height\": 2}, {\"type\": \"grass\", \"coords\": [[3, 4], [3, 5], [4, 4], [4, 5]], \"height\": 2}, {\"type\": \"dirt\", \"coords\": [[3, 6], [3, 7], [3, 8], [4, 6], [4, 7], [4, 8], [5, 6], [5, 7], [5, 8]], \"height\": 3}]','[{\"x\": 0, \"z\": 0}, {\"x\": 1, \"z\": 0}, {\"x\": 0, \"z\": 1}, {\"x\": 1, \"z\": 1}]','[{\"x\": 9, \"z\": 9}, {\"x\": 8, \"z\": 9}, {\"x\": 9, \"z\": 8}, {\"x\": 8, \"z\": 8}]'),(84,8,7,'성균관','유교 최고 교육기관 성균관. 유생들의 학문적 기운이 마법으로 변해 전장을 감싸고 있다. 문무를 겸비해야 통과할 수 있다.',0,4,18,21,450,220,'kr_temple',10,10,'stone','[{\"type\": \"water\", \"coords\": [[3, 7], [3, 8], [3, 9], [4, 7], [4, 8], [4, 9], [5, 7], [5, 8], [5, 9]], \"height\": 2}, {\"type\": \"water\", \"coords\": [[7, 4], [7, 5], [8, 4], [8, 5]], \"height\": 2}, {\"type\": \"grass\", \"coords\": [[4, 5], [4, 6], [5, 5], [5, 6]], \"height\": 1}]','[{\"x\": 0, \"z\": 0}, {\"x\": 1, \"z\": 0}, {\"x\": 0, \"z\": 1}, {\"x\": 1, \"z\": 1}]','[{\"x\": 9, \"z\": 9}, {\"x\": 8, \"z\": 9}, {\"x\": 9, \"z\": 8}, {\"x\": 8, \"z\": 8}]'),(85,8,8,'종묘 제례','조선 왕실의 제사를 모시는 종묘. 역대 왕들의 신위가 모셔진 이 신성한 장소에서 왕들의 영혼이 시련을 내린다.',0,5,19,21,470,230,'kr_temple',10,10,'dark','[{\"type\": \"water\", \"coords\": [[3, 3], [3, 4], [4, 3], [4, 4]], \"height\": 2}, {\"type\": \"stone\", \"coords\": [[2, 4], [2, 5], [3, 4], [3, 5]], \"height\": 2}, {\"type\": \"water\", \"coords\": [[6, 3], [6, 4], [7, 3], [7, 4]], \"height\": 2}]','[{\"x\": 0, \"z\": 0}, {\"x\": 1, \"z\": 0}, {\"x\": 0, \"z\": 1}, {\"x\": 1, \"z\": 1}]','[{\"x\": 9, \"z\": 9}, {\"x\": 8, \"z\": 9}, {\"x\": 9, \"z\": 8}, {\"x\": 8, \"z\": 8}, {\"x\": 9, \"z\": 7}]'),(86,8,9,'창덕궁 후원','창덕궁의 비밀 정원 후원. 아름다운 연못과 정자 사이로 궁궐의 수호 영혼들이 출몰하는 몽환적인 전장이다.',0,5,19,22,490,240,'kr_temple',12,10,'grass','[{\"type\": \"stone\", \"coords\": [[5, 6], [5, 7], [5, 8], [6, 6], [6, 7], [6, 8], [7, 6], [7, 7], [7, 8]], \"height\": 2}, {\"type\": \"dirt\", \"coords\": [[6, 5], [6, 6], [6, 7], [7, 5], [7, 6], [7, 7], [8, 5], [8, 6], [8, 7]], \"height\": 2}, {\"type\": \"grass\", \"coords\": [[10, 6]], \"height\": 1}]','[{\"x\": 0, \"z\": 0}, {\"x\": 1, \"z\": 0}, {\"x\": 0, \"z\": 1}, {\"x\": 1, \"z\": 1}]','[{\"x\": 11, \"z\": 9}, {\"x\": 10, \"z\": 9}, {\"x\": 11, \"z\": 8}, {\"x\": 10, \"z\": 8}, {\"x\": 11, \"z\": 7}]'),(87,8,10,'수원 화성','정조대왕이 아버지 사도세자를 기리며 쌓은 수원 화성. 동서양 축성술이 결합된 과학적 성곽에서 치밀한 공방전이 벌어진다.',0,5,19,22,510,250,'kr_temple',12,10,'stone','[{\"type\": \"stone\", \"coords\": [[6, 2], [6, 3], [6, 4], [7, 2], [7, 3], [7, 4], [8, 2], [8, 3], [8, 4]], \"height\": 2}, {\"type\": \"grass\", \"coords\": [[1, 5], [1, 6], [1, 7], [2, 5], [2, 6], [2, 7], [3, 5], [3, 6], [3, 7]], \"height\": 2}, {\"type\": \"water\", \"coords\": [[2, 5], [2, 6], [2, 7], [3, 5], [3, 6], [3, 7], [4, 5], [4, 6], [4, 7]], \"height\": 2}]','[{\"x\": 0, \"z\": 0}, {\"x\": 1, \"z\": 0}, {\"x\": 0, \"z\": 1}, {\"x\": 1, \"z\": 1}]','[{\"x\": 11, \"z\": 9}, {\"x\": 10, \"z\": 9}, {\"x\": 11, \"z\": 8}, {\"x\": 10, \"z\": 8}, {\"x\": 11, \"z\": 7}]'),(88,8,11,'실학자의 서재','실학자들의 사상이 깃든 서재가 전장으로 변했다. 정약용, 박지원의 실용적 지혜가 마법으로 구현된 독특한 전투를 경험하라.',0,5,20,23,530,260,'kr_temple',12,10,'stone','[{\"type\": \"stone\", \"coords\": [[6, 6], [6, 7], [7, 6], [7, 7]], \"height\": 2}, {\"type\": \"water\", \"coords\": [[5, 5], [5, 6], [5, 7], [6, 5], [6, 6], [6, 7], [7, 5], [7, 6], [7, 7]], \"height\": 3}, {\"type\": \"stone\", \"coords\": [[4, 4], [4, 5], [4, 6], [5, 4], [5, 5], [5, 6], [6, 4], [6, 5], [6, 6]], \"height\": 3}]','[{\"x\": 0, \"z\": 0}, {\"x\": 1, \"z\": 0}, {\"x\": 0, \"z\": 1}, {\"x\": 1, \"z\": 1}]','[{\"x\": 11, \"z\": 9}, {\"x\": 10, \"z\": 9}, {\"x\": 11, \"z\": 8}, {\"x\": 10, \"z\": 8}, {\"x\": 11, \"z\": 7}]'),(89,8,12,'동학농민 전장','1894년 동학농민운동의 전쟁터. 탐관오리에 맞선 민중의 함성이 울려퍼지는 우금치에서 백성들의 의지와 함께 싸운다.',0,5,20,23,550,270,'kr_temple',12,10,'grass','[{\"type\": \"stone\", \"coords\": [[6, 2], [6, 3], [7, 2], [7, 3]], \"height\": 2}, {\"type\": \"grass\", \"coords\": [[10, 5], [10, 6], [10, 7], [11, 5], [11, 6], [11, 7]], \"height\": 3}, {\"type\": \"water\", \"coords\": [[5, 2], [5, 3], [6, 2], [6, 3]], \"height\": 1}]','[{\"x\": 0, \"z\": 0}, {\"x\": 1, \"z\": 0}, {\"x\": 0, \"z\": 1}, {\"x\": 1, \"z\": 1}]','[{\"x\": 11, \"z\": 9}, {\"x\": 10, \"z\": 9}, {\"x\": 11, \"z\": 8}, {\"x\": 10, \"z\": 8}, {\"x\": 11, \"z\": 7}]'),(90,8,13,'경회루 결전','경복궁 연못 위에 세워진 경회루에서의 장엄한 결전. 물 위에 떠있는 누각에서 벌어지는 환상적인 전투의 무대다.',0,5,20,23,570,280,'kr_temple',12,10,'stone','[{\"type\": \"stone\", \"coords\": [[6, 6]], \"height\": 2}, {\"type\": \"water\", \"coords\": [[4, 5]], \"height\": 3}, {\"type\": \"stone\", \"coords\": [[7, 1]], \"height\": 2}]','[{\"x\": 0, \"z\": 0}, {\"x\": 1, \"z\": 0}, {\"x\": 0, \"z\": 1}, {\"x\": 1, \"z\": 1}]','[{\"x\": 11, \"z\": 9}, {\"x\": 10, \"z\": 9}, {\"x\": 11, \"z\": 8}, {\"x\": 10, \"z\": 8}, {\"x\": 11, \"z\": 7}]'),(91,8,14,'세종대왕의 시련','한글 창제, 측우기, 해시계 등 수많은 업적을 남긴 세종대왕이 후대를 위해 남긴 최후의 시험. 성군의 지혜와 힘을 모두 상대해야 한다.',1,6,21,25,750,375,'kr_temple',14,12,'stone','[{\"type\": \"stone\", \"coords\": [[3, 8]], \"height\": 2}, {\"type\": \"grass\", \"coords\": [[4, 8], [4, 9], [5, 8], [5, 9]], \"height\": 2}, {\"type\": \"water\", \"coords\": [[8, 7]], \"height\": 3}, {\"type\": \"stone\", \"coords\": [[7, 6], [6, 6], [7, 5], [6, 5]], \"height\": 3}]','[{\"x\": 0, \"z\": 0}, {\"x\": 1, \"z\": 0}, {\"x\": 0, \"z\": 1}, {\"x\": 1, \"z\": 1}]','[{\"x\": 13, \"z\": 11}, {\"x\": 12, \"z\": 11}, {\"x\": 13, \"z\": 10}, {\"x\": 12, \"z\": 10}, {\"x\": 13, \"z\": 9}, {\"x\": 12, \"z\": 9}]'),(92,9,1,'부산진 상륙','1592년 4월, 일본군이 처음 상륙한 부산진. 바다에서 밀려오는 대군에 맞서 해안을 사수하는 치열한 방어전이 시작된다.',0,3,19,21,420,210,'kr_spirit',10,10,'stone','[{\"type\": \"water\", \"coords\": [[2, 6], [2, 7], [2, 8], [3, 6], [3, 7], [3, 8], [4, 6], [4, 7], [4, 8]], \"height\": 2}, {\"type\": \"dirt\", \"coords\": [[1, 4]], \"height\": 1}, {\"type\": \"water\", \"coords\": [[5, 4]], \"height\": 1}]','[{\"x\": 0, \"z\": 0}, {\"x\": 1, \"z\": 0}, {\"x\": 0, \"z\": 1}]','[{\"x\": 9, \"z\": 9}, {\"x\": 8, \"z\": 9}, {\"x\": 9, \"z\": 8}]'),(93,9,2,'동래성 전투','부산 함락 후 일본군이 진격한 동래성. 동래부사 송상현이 \"싸워 죽기는 쉬우나 길을 빌려주기는 어렵다\"며 순절한 비장한 전장이다.',0,3,19,21,440,215,'kr_spirit',10,10,'stone','[{\"type\": \"water\", \"coords\": [[2, 2], [2, 3], [3, 2], [3, 3]], \"height\": 2}, {\"type\": \"dark\", \"coords\": [[5, 4]], \"height\": 1}, {\"type\": \"stone\", \"coords\": [[6, 3], [6, 4], [6, 5], [7, 3], [7, 4], [7, 5], [8, 3], [8, 4], [8, 5]], \"height\": 2}]','[{\"x\": 0, \"z\": 0}, {\"x\": 1, \"z\": 0}, {\"x\": 0, \"z\": 1}]','[{\"x\": 9, \"z\": 9}, {\"x\": 8, \"z\": 9}, {\"x\": 9, \"z\": 8}]'),(94,9,3,'탄금대','신립 장군이 기마대를 이끌고 배수진을 친 탄금대. 충주 달천강가에서 배수의 진을 치고 적과 맞서는 절체절명의 전투다.',0,4,20,22,460,225,'kr_spirit',10,10,'grass','[{\"type\": \"water\", \"coords\": [[2, 6], [2, 7], [3, 6], [3, 7]], \"height\": 2}, {\"type\": \"dirt\", \"coords\": [[8, 4]], \"height\": 2}, {\"type\": \"dark\", \"coords\": [[7, 2], [7, 3], [7, 4], [8, 2], [8, 3], [8, 4], [9, 2], [9, 3], [9, 4]], \"height\": 3}]','[{\"x\": 0, \"z\": 0}, {\"x\": 1, \"z\": 0}, {\"x\": 0, \"z\": 1}, {\"x\": 1, \"z\": 1}]','[{\"x\": 9, \"z\": 9}, {\"x\": 8, \"z\": 9}, {\"x\": 9, \"z\": 8}, {\"x\": 8, \"z\": 8}]'),(95,9,4,'이치 전투','전라도를 지킨 권율 장군의 첫 승리 이치 전투. 험준한 산길에서 매복 전술로 일본군 정예를 격파한 전술의 정수를 경험하라.',0,4,20,22,480,235,'kr_spirit',10,10,'grass','[{\"type\": \"water\", \"coords\": [[2, 2]], \"height\": 2}, {\"type\": \"grass\", \"coords\": [[4, 4], [4, 5], [5, 4], [5, 5]], \"height\": 2}, {\"type\": \"stone\", \"coords\": [[8, 8], [8, 9], [9, 8], [9, 9]], \"height\": 1}]','[{\"x\": 0, \"z\": 0}, {\"x\": 1, \"z\": 0}, {\"x\": 0, \"z\": 1}, {\"x\": 1, \"z\": 1}]','[{\"x\": 9, \"z\": 9}, {\"x\": 8, \"z\": 9}, {\"x\": 9, \"z\": 8}, {\"x\": 8, \"z\": 8}]'),(96,9,5,'한산도 대첩','이순신 장군이 학익진으로 적 함대를 섬멸한 한산도 대첩. 거북선과 판옥선이 활약하는 해상 전투에서 적을 포위 섬멸하라.',0,4,20,23,500,245,'kr_spirit',10,10,'stone','[{\"type\": \"water\", \"coords\": [[2, 6]], \"height\": 2}, {\"type\": \"dirt\", \"coords\": [[8, 4], [8, 5], [9, 4], [9, 5]], \"height\": 2}, {\"type\": \"dark\", \"coords\": [[2, 7]], \"height\": 2}]','[{\"x\": 0, \"z\": 0}, {\"x\": 1, \"z\": 0}, {\"x\": 0, \"z\": 1}, {\"x\": 1, \"z\": 1}]','[{\"x\": 9, \"z\": 9}, {\"x\": 8, \"z\": 9}, {\"x\": 9, \"z\": 8}, {\"x\": 8, \"z\": 8}]'),(97,9,6,'행주대첩','1593년 권율 장군이 3만 적군을 2,300명으로 격파한 행주대첩. 아낙네들까지 돌을 날라 싸운 전민항전의 현장이다.',0,4,21,23,520,255,'kr_spirit',10,10,'stone','[{\"type\": \"water\", \"coords\": [[3, 2], [3, 3], [3, 4], [4, 2], [4, 3], [4, 4], [5, 2], [5, 3], [5, 4]], \"height\": 2}, {\"type\": \"grass\", \"coords\": [[3, 4], [3, 5], [4, 4], [4, 5]], \"height\": 2}, {\"type\": \"dirt\", \"coords\": [[3, 6], [3, 7], [3, 8], [4, 6], [4, 7], [4, 8], [5, 6], [5, 7], [5, 8]], \"height\": 3}]','[{\"x\": 0, \"z\": 0}, {\"x\": 1, \"z\": 0}, {\"x\": 0, \"z\": 1}, {\"x\": 1, \"z\": 1}]','[{\"x\": 9, \"z\": 9}, {\"x\": 8, \"z\": 9}, {\"x\": 9, \"z\": 8}, {\"x\": 8, \"z\": 8}]'),(98,9,7,'진주성 전투','진주목사 김시민이 3,800명으로 3만 적군을 막아낸 진주성 1차 전투. 성벽 위에서 쏟아지는 화살과 뜨거운 기름의 방어전이다.',0,4,21,24,540,265,'kr_spirit',10,10,'stone','[{\"type\": \"water\", \"coords\": [[3, 7], [3, 8], [3, 9], [4, 7], [4, 8], [4, 9], [5, 7], [5, 8], [5, 9]], \"height\": 2}, {\"type\": \"water\", \"coords\": [[7, 4], [7, 5], [8, 4], [8, 5]], \"height\": 2}, {\"type\": \"grass\", \"coords\": [[4, 5], [4, 6], [5, 5], [5, 6]], \"height\": 1}]','[{\"x\": 0, \"z\": 0}, {\"x\": 1, \"z\": 0}, {\"x\": 0, \"z\": 1}, {\"x\": 1, \"z\": 1}]','[{\"x\": 9, \"z\": 9}, {\"x\": 8, \"z\": 9}, {\"x\": 9, \"z\": 8}, {\"x\": 8, \"z\": 8}]'),(99,9,8,'의병 봉기','홍의장군 곽재우가 의병을 일으킨 전장. 정규군이 아닌 백성들이 스스로 일어나 나라를 구하는 감동적인 전투다.',0,5,22,24,560,275,'kr_spirit',10,10,'grass','[{\"type\": \"water\", \"coords\": [[3, 3], [3, 4], [4, 3], [4, 4]], \"height\": 2}, {\"type\": \"stone\", \"coords\": [[2, 4], [2, 5], [3, 4], [3, 5]], \"height\": 2}, {\"type\": \"water\", \"coords\": [[6, 3], [6, 4], [7, 3], [7, 4]], \"height\": 2}]','[{\"x\": 0, \"z\": 0}, {\"x\": 1, \"z\": 0}, {\"x\": 0, \"z\": 1}, {\"x\": 1, \"z\": 1}]','[{\"x\": 9, \"z\": 9}, {\"x\": 8, \"z\": 9}, {\"x\": 9, \"z\": 8}, {\"x\": 8, \"z\": 8}, {\"x\": 9, \"z\": 7}]'),(100,9,9,'직산 전투','조명연합군이 반격에 나선 직산 전투. 명나라 원군과 조선군이 합세하여 일본군을 밀어내는 대규모 반격전이 펼쳐진다.',0,5,22,25,580,285,'kr_spirit',12,10,'grass','[{\"type\": \"stone\", \"coords\": [[5, 6], [5, 7], [5, 8], [6, 6], [6, 7], [6, 8], [7, 6], [7, 7], [7, 8]], \"height\": 2}, {\"type\": \"dirt\", \"coords\": [[6, 5], [6, 6], [6, 7], [7, 5], [7, 6], [7, 7], [8, 5], [8, 6], [8, 7]], \"height\": 2}, {\"type\": \"grass\", \"coords\": [[10, 6]], \"height\": 1}]','[{\"x\": 0, \"z\": 0}, {\"x\": 1, \"z\": 0}, {\"x\": 0, \"z\": 1}, {\"x\": 1, \"z\": 1}]','[{\"x\": 11, \"z\": 9}, {\"x\": 10, \"z\": 9}, {\"x\": 11, \"z\": 8}, {\"x\": 10, \"z\": 8}, {\"x\": 11, \"z\": 7}]'),(101,9,10,'울산성 전투','혹한의 겨울 울산에서 벌어진 사투. 성안에 갇힌 적군도, 포위한 아군도 얼어붙는 추위 속에서 치열한 공방전이 계속된다.',0,5,22,25,600,295,'kr_spirit',12,10,'stone','[{\"type\": \"stone\", \"coords\": [[6, 2], [6, 3], [6, 4], [7, 2], [7, 3], [7, 4], [8, 2], [8, 3], [8, 4]], \"height\": 2}, {\"type\": \"grass\", \"coords\": [[1, 5], [1, 6], [1, 7], [2, 5], [2, 6], [2, 7], [3, 5], [3, 6], [3, 7]], \"height\": 2}, {\"type\": \"water\", \"coords\": [[2, 5], [2, 6], [2, 7], [3, 5], [3, 6], [3, 7], [4, 5], [4, 6], [4, 7]], \"height\": 2}]','[{\"x\": 0, \"z\": 0}, {\"x\": 1, \"z\": 0}, {\"x\": 0, \"z\": 1}, {\"x\": 1, \"z\": 1}]','[{\"x\": 11, \"z\": 9}, {\"x\": 10, \"z\": 9}, {\"x\": 11, \"z\": 8}, {\"x\": 10, \"z\": 8}, {\"x\": 11, \"z\": 7}]'),(102,9,11,'사천해전','거북선의 함포가 불을 뿜는 사천해전. 이순신 장군의 거북선이 적진을 돌파하며 함포 사격으로 적선을 격침시키는 해상 전투다.',0,5,23,26,620,305,'kr_spirit',12,10,'stone','[{\"type\": \"stone\", \"coords\": [[6, 6], [6, 7], [7, 6], [7, 7]], \"height\": 2}, {\"type\": \"water\", \"coords\": [[5, 5], [5, 6], [5, 7], [6, 5], [6, 6], [6, 7], [7, 5], [7, 6], [7, 7]], \"height\": 3}, {\"type\": \"stone\", \"coords\": [[4, 4], [4, 5], [4, 6], [5, 4], [5, 5], [5, 6], [6, 4], [6, 5], [6, 6]], \"height\": 3}]','[{\"x\": 0, \"z\": 0}, {\"x\": 1, \"z\": 0}, {\"x\": 0, \"z\": 1}, {\"x\": 1, \"z\": 1}]','[{\"x\": 11, \"z\": 9}, {\"x\": 10, \"z\": 9}, {\"x\": 11, \"z\": 8}, {\"x\": 10, \"z\": 8}, {\"x\": 11, \"z\": 7}]'),(103,9,12,'명량해협','13척의 배로 133척의 적 함대를 격파한 기적의 명량해전. 울돌목의 빠른 물살을 이용한 이순신 장군의 신의 한 수를 체험하라.',0,5,23,26,650,320,'kr_spirit',12,10,'stone','[{\"type\": \"stone\", \"coords\": [[6, 2], [6, 3], [7, 2], [7, 3]], \"height\": 2}, {\"type\": \"grass\", \"coords\": [[10, 5], [10, 6], [10, 7], [11, 5], [11, 6], [11, 7]], \"height\": 3}, {\"type\": \"water\", \"coords\": [[5, 2], [5, 3], [6, 2], [6, 3]], \"height\": 1}]','[{\"x\": 0, \"z\": 0}, {\"x\": 1, \"z\": 0}, {\"x\": 0, \"z\": 1}, {\"x\": 1, \"z\": 1}]','[{\"x\": 11, \"z\": 9}, {\"x\": 10, \"z\": 9}, {\"x\": 11, \"z\": 8}, {\"x\": 10, \"z\": 8}, {\"x\": 11, \"z\": 7}]'),(104,9,13,'노량해전 전야','임진왜란 마지막 해전 직전의 긴장된 전투. 전쟁을 끝내기 위한 최후의 준비가 진행되는 노량 앞바다의 전야제다.',0,5,24,27,680,335,'kr_spirit',12,10,'stone','[{\"type\": \"stone\", \"coords\": [[6, 6]], \"height\": 2}, {\"type\": \"water\", \"coords\": [[4, 5]], \"height\": 3}, {\"type\": \"stone\", \"coords\": [[7, 1]], \"height\": 2}]','[{\"x\": 0, \"z\": 0}, {\"x\": 1, \"z\": 0}, {\"x\": 0, \"z\": 1}, {\"x\": 1, \"z\": 1}]','[{\"x\": 11, \"z\": 9}, {\"x\": 10, \"z\": 9}, {\"x\": 11, \"z\": 8}, {\"x\": 10, \"z\": 8}, {\"x\": 11, \"z\": 7}]'),(105,9,14,'노량 최후의 전투','이순신 장군이 \"나의 죽음을 알리지 말라\"는 유언을 남긴 노량해전. 전쟁을 끝내기 위해 목숨을 바친 영웅의 최후 전투다.',0,6,24,27,710,350,'kr_spirit',12,12,'stone','[{\"type\": \"water\", \"coords\": [[1, 10], [1, 11], [2, 10], [2, 11]], \"height\": 2}, {\"type\": \"stone\", \"coords\": [[5, 7]], \"height\": 2}, {\"type\": \"dark\", \"coords\": [[5, 2]], \"height\": 2}]','[{\"x\": 0, \"z\": 0}, {\"x\": 1, \"z\": 0}, {\"x\": 0, \"z\": 1}, {\"x\": 1, \"z\": 1}]','[{\"x\": 11, \"z\": 11}, {\"x\": 10, \"z\": 11}, {\"x\": 11, \"z\": 10}, {\"x\": 10, \"z\": 10}, {\"x\": 11, \"z\": 9}, {\"x\": 10, \"z\": 9}]'),(106,9,15,'이순신 장군 결전','불멸의 영웅 이순신 장군의 정신이 깃든 최종 결전. 23전 23승 불패 신화를 이룬 성웅과의 궁극의 대결에 도전하라.',1,7,25,28,900,450,'kr_spirit',14,14,'stone','[{\"type\": \"water\", \"coords\": [[9, 12], [9, 13], [10, 12], [10, 13]], \"height\": 2}, {\"type\": \"water\", \"coords\": [[5, 11], [5, 12], [6, 11], [6, 12]], \"height\": 2}, {\"type\": \"stone\", \"coords\": [[6, 10]], \"height\": 1}, {\"type\": \"stone\", \"coords\": [[7, 7], [6, 7], [7, 6], [6, 6]], \"height\": 3}]','[{\"x\": 0, \"z\": 0}, {\"x\": 1, \"z\": 0}, {\"x\": 0, \"z\": 1}, {\"x\": 1, \"z\": 1}]','[{\"x\": 13, \"z\": 13}, {\"x\": 12, \"z\": 13}, {\"x\": 13, \"z\": 12}, {\"x\": 12, \"z\": 12}, {\"x\": 13, \"z\": 11}, {\"x\": 12, \"z\": 11}, {\"x\": 13, \"z\": 10}]'),(107,10,1,'강화도 포대','1866년 병인양요, 1871년 신미양요가 벌어진 강화도 포대. 서양의 근대 무기와 처음 맞서는 충격적인 전투의 현장이다.',0,3,22,24,500,250,'kr_spirit',10,10,'stone','[{\"type\": \"water\", \"coords\": [[2, 6], [2, 7], [2, 8], [3, 6], [3, 7], [3, 8], [4, 6], [4, 7], [4, 8]], \"height\": 2}, {\"type\": \"dirt\", \"coords\": [[1, 4]], \"height\": 1}, {\"type\": \"water\", \"coords\": [[5, 4]], \"height\": 1}]','[{\"x\": 0, \"z\": 0}, {\"x\": 1, \"z\": 0}, {\"x\": 0, \"z\": 1}]','[{\"x\": 9, \"z\": 9}, {\"x\": 8, \"z\": 9}, {\"x\": 9, \"z\": 8}]'),(108,10,2,'운양호 사건','1875년 일본 군함 운양호가 강화도에 침입한 사건의 재현. 근대 외교와 무력이 충돌하는 개항기의 혼란스러운 전장이다.',0,3,22,24,520,260,'kr_spirit',10,10,'stone','[{\"type\": \"water\", \"coords\": [[2, 2], [2, 3], [3, 2], [3, 3]], \"height\": 2}, {\"type\": \"dark\", \"coords\": [[5, 4]], \"height\": 1}, {\"type\": \"stone\", \"coords\": [[6, 3], [6, 4], [6, 5], [7, 3], [7, 4], [7, 5], [8, 3], [8, 4], [8, 5]], \"height\": 2}]','[{\"x\": 0, \"z\": 0}, {\"x\": 1, \"z\": 0}, {\"x\": 0, \"z\": 1}]','[{\"x\": 9, \"z\": 9}, {\"x\": 8, \"z\": 9}, {\"x\": 9, \"z\": 8}]'),(109,10,3,'광화문 앞','대한제국의 수도 한양 광화문 앞. 열강의 이권 다툼과 내부 개혁의 소용돌이 속에서 격변하는 시대의 한복판에 선다.',0,4,23,25,545,270,'kr_spirit',10,10,'stone','[{\"type\": \"water\", \"coords\": [[2, 6], [2, 7], [3, 6], [3, 7]], \"height\": 2}, {\"type\": \"dirt\", \"coords\": [[8, 4]], \"height\": 2}, {\"type\": \"dark\", \"coords\": [[7, 2], [7, 3], [7, 4], [8, 2], [8, 3], [8, 4], [9, 2], [9, 3], [9, 4]], \"height\": 3}]','[{\"x\": 0, \"z\": 0}, {\"x\": 1, \"z\": 0}, {\"x\": 0, \"z\": 1}, {\"x\": 1, \"z\": 1}]','[{\"x\": 9, \"z\": 9}, {\"x\": 8, \"z\": 9}, {\"x\": 9, \"z\": 8}, {\"x\": 8, \"z\": 8}]'),(110,10,4,'동학혁명 전장','1894년 녹두장군 전봉준이 이끈 동학농민혁명의 전장. \"사람이 곧 하늘\"이라는 평등 사상 아래 봉기한 농민군과 함께 싸운다.',0,4,23,25,565,280,'kr_spirit',10,10,'grass','[{\"type\": \"water\", \"coords\": [[2, 2]], \"height\": 2}, {\"type\": \"grass\", \"coords\": [[4, 4], [4, 5], [5, 4], [5, 5]], \"height\": 2}, {\"type\": \"stone\", \"coords\": [[8, 8], [8, 9], [9, 8], [9, 9]], \"height\": 1}]','[{\"x\": 0, \"z\": 0}, {\"x\": 1, \"z\": 0}, {\"x\": 0, \"z\": 1}, {\"x\": 1, \"z\": 1}]','[{\"x\": 9, \"z\": 9}, {\"x\": 8, \"z\": 9}, {\"x\": 9, \"z\": 8}, {\"x\": 8, \"z\": 8}]'),(111,10,5,'을미사변 궁궐','1895년 명성황후 시해 사건이 벌어진 경복궁. 어둠 속에서 황후를 지키기 위한 긴박한 전투가 궁궐 안에서 펼쳐진다.',0,4,24,26,590,295,'kr_spirit',10,10,'dark','[{\"type\": \"water\", \"coords\": [[2, 6]], \"height\": 2}, {\"type\": \"dirt\", \"coords\": [[8, 4], [8, 5], [9, 4], [9, 5]], \"height\": 2}, {\"type\": \"dark\", \"coords\": [[2, 7]], \"height\": 2}]','[{\"x\": 0, \"z\": 0}, {\"x\": 1, \"z\": 0}, {\"x\": 0, \"z\": 1}, {\"x\": 1, \"z\": 1}]','[{\"x\": 9, \"z\": 9}, {\"x\": 8, \"z\": 9}, {\"x\": 9, \"z\": 8}, {\"x\": 8, \"z\": 8}]'),(112,10,6,'독립문 광장','독립의 의지를 상징하는 독립문 광장. 만세 운동의 함성이 울려 퍼지는 이곳에서 자주독립의 정신으로 적에 맞선다.',0,4,24,26,610,305,'kr_spirit',10,10,'stone','[{\"type\": \"water\", \"coords\": [[3, 2], [3, 3], [3, 4], [4, 2], [4, 3], [4, 4], [5, 2], [5, 3], [5, 4]], \"height\": 2}, {\"type\": \"grass\", \"coords\": [[3, 4], [3, 5], [4, 4], [4, 5]], \"height\": 2}, {\"type\": \"dirt\", \"coords\": [[3, 6], [3, 7], [3, 8], [4, 6], [4, 7], [4, 8], [5, 6], [5, 7], [5, 8]], \"height\": 3}]','[{\"x\": 0, \"z\": 0}, {\"x\": 1, \"z\": 0}, {\"x\": 0, \"z\": 1}, {\"x\": 1, \"z\": 1}]','[{\"x\": 9, \"z\": 9}, {\"x\": 8, \"z\": 9}, {\"x\": 9, \"z\": 8}, {\"x\": 8, \"z\": 8}]'),(113,10,7,'의병 산성','항일 의병들이 산성에서 벌이는 게릴라 전투. 정규군이 아닌 의병들이 지형을 이용한 유격전으로 일본군에 저항한다.',0,5,24,27,635,315,'kr_spirit',10,10,'stone','[{\"type\": \"water\", \"coords\": [[3, 7], [3, 8], [3, 9], [4, 7], [4, 8], [4, 9], [5, 7], [5, 8], [5, 9]], \"height\": 2}, {\"type\": \"water\", \"coords\": [[7, 4], [7, 5], [8, 4], [8, 5]], \"height\": 2}, {\"type\": \"grass\", \"coords\": [[4, 5], [4, 6], [5, 5], [5, 6]], \"height\": 1}]','[{\"x\": 0, \"z\": 0}, {\"x\": 1, \"z\": 0}, {\"x\": 0, \"z\": 1}, {\"x\": 1, \"z\": 1}]','[{\"x\": 9, \"z\": 9}, {\"x\": 8, \"z\": 9}, {\"x\": 9, \"z\": 8}, {\"x\": 8, \"z\": 8}, {\"x\": 9, \"z\": 7}]'),(114,10,8,'봉오동 전투','1920년 홍범도 장군이 이끈 독립군의 첫 대규모 승리 봉오동 전투. 깊은 계곡에 적을 유인하여 섬멸하는 매복전이다.',0,5,25,27,660,330,'kr_spirit',10,10,'grass','[{\"type\": \"water\", \"coords\": [[3, 3], [3, 4], [4, 3], [4, 4]], \"height\": 2}, {\"type\": \"stone\", \"coords\": [[2, 4], [2, 5], [3, 4], [3, 5]], \"height\": 2}, {\"type\": \"water\", \"coords\": [[6, 3], [6, 4], [7, 3], [7, 4]], \"height\": 2}]','[{\"x\": 0, \"z\": 0}, {\"x\": 1, \"z\": 0}, {\"x\": 0, \"z\": 1}, {\"x\": 1, \"z\": 1}]','[{\"x\": 9, \"z\": 9}, {\"x\": 8, \"z\": 9}, {\"x\": 9, \"z\": 8}, {\"x\": 8, \"z\": 8}, {\"x\": 9, \"z\": 7}]'),(115,10,9,'청산리 전투','1920년 김좌진 장군이 일본 정예군을 격파한 청산리 전투. 백운평, 천수바위 등에서 벌어진 6일간의 대전투를 재현한다.',0,5,25,28,685,340,'kr_spirit',12,10,'grass','[{\"type\": \"stone\", \"coords\": [[5, 6], [5, 7], [5, 8], [6, 6], [6, 7], [6, 8], [7, 6], [7, 7], [7, 8]], \"height\": 2}, {\"type\": \"dirt\", \"coords\": [[6, 5], [6, 6], [6, 7], [7, 5], [7, 6], [7, 7], [8, 5], [8, 6], [8, 7]], \"height\": 2}, {\"type\": \"grass\", \"coords\": [[10, 6]], \"height\": 1}]','[{\"x\": 0, \"z\": 0}, {\"x\": 1, \"z\": 0}, {\"x\": 0, \"z\": 1}, {\"x\": 1, \"z\": 1}]','[{\"x\": 11, \"z\": 9}, {\"x\": 10, \"z\": 9}, {\"x\": 11, \"z\": 8}, {\"x\": 10, \"z\": 8}, {\"x\": 11, \"z\": 7}]'),(116,10,10,'상해 임시정부','대한민국 임시정부가 있던 상해에서 독립의 불꽃을 지키는 전투. 이국 땅에서도 꺼지지 않는 독립 의지의 전장이다.',0,5,25,28,710,355,'kr_spirit',12,10,'stone','[{\"type\": \"stone\", \"coords\": [[6, 2], [6, 3], [6, 4], [7, 2], [7, 3], [7, 4], [8, 2], [8, 3], [8, 4]], \"height\": 2}, {\"type\": \"grass\", \"coords\": [[1, 5], [1, 6], [1, 7], [2, 5], [2, 6], [2, 7], [3, 5], [3, 6], [3, 7]], \"height\": 2}, {\"type\": \"water\", \"coords\": [[2, 5], [2, 6], [2, 7], [3, 5], [3, 6], [3, 7], [4, 5], [4, 6], [4, 7]], \"height\": 2}]','[{\"x\": 0, \"z\": 0}, {\"x\": 1, \"z\": 0}, {\"x\": 0, \"z\": 1}, {\"x\": 1, \"z\": 1}]','[{\"x\": 11, \"z\": 9}, {\"x\": 10, \"z\": 9}, {\"x\": 11, \"z\": 8}, {\"x\": 10, \"z\": 8}, {\"x\": 11, \"z\": 7}]'),(117,10,11,'윤봉길 의거','1932년 윤봉길 의사의 도시락 폭탄 의거를 모티브로 한 전장. 단 한 번의 결정적 공격으로 적의 사기를 꺾어야 한다.',0,5,26,29,740,370,'kr_spirit',12,10,'stone','[{\"type\": \"stone\", \"coords\": [[6, 6], [6, 7], [7, 6], [7, 7]], \"height\": 2}, {\"type\": \"water\", \"coords\": [[5, 5], [5, 6], [5, 7], [6, 5], [6, 6], [6, 7], [7, 5], [7, 6], [7, 7]], \"height\": 3}, {\"type\": \"stone\", \"coords\": [[4, 4], [4, 5], [4, 6], [5, 4], [5, 5], [5, 6], [6, 4], [6, 5], [6, 6]], \"height\": 3}]','[{\"x\": 0, \"z\": 0}, {\"x\": 1, \"z\": 0}, {\"x\": 0, \"z\": 1}, {\"x\": 1, \"z\": 1}]','[{\"x\": 11, \"z\": 9}, {\"x\": 10, \"z\": 9}, {\"x\": 11, \"z\": 8}, {\"x\": 10, \"z\": 8}, {\"x\": 11, \"z\": 7}]'),(118,10,12,'광복군 전선','대한민국 임시정부 산하 한국 광복군의 마지막 독립전쟁. 조국 광복을 위해 목숨을 건 전사들과 함께하는 최후의 전선이다.',0,5,26,29,770,385,'kr_spirit',12,10,'grass','[{\"type\": \"stone\", \"coords\": [[6, 2], [6, 3], [7, 2], [7, 3]], \"height\": 2}, {\"type\": \"grass\", \"coords\": [[10, 5], [10, 6], [10, 7], [11, 5], [11, 6], [11, 7]], \"height\": 3}, {\"type\": \"water\", \"coords\": [[5, 2], [5, 3], [6, 2], [6, 3]], \"height\": 1}]','[{\"x\": 0, \"z\": 0}, {\"x\": 1, \"z\": 0}, {\"x\": 0, \"z\": 1}, {\"x\": 1, \"z\": 1}]','[{\"x\": 11, \"z\": 9}, {\"x\": 10, \"z\": 9}, {\"x\": 11, \"z\": 8}, {\"x\": 10, \"z\": 8}, {\"x\": 11, \"z\": 7}]'),(119,10,13,'해방 전야','1945년 8월 15일 광복 직전의 최후 전투. 해방의 새벽이 밝아오는 이 밤에 마지막 어둠을 물리쳐야 한다.',0,6,27,30,800,400,'kr_spirit',12,12,'dark','[{\"type\": \"water\", \"coords\": [[1, 5], [1, 6], [1, 7], [2, 5], [2, 6], [2, 7], [3, 5], [3, 6], [3, 7]], \"height\": 2}, {\"type\": \"water\", \"coords\": [[10, 7]], \"height\": 2}, {\"type\": \"stone\", \"coords\": [[3, 4], [3, 5], [4, 4], [4, 5]], \"height\": 1}]','[{\"x\": 0, \"z\": 0}, {\"x\": 1, \"z\": 0}, {\"x\": 0, \"z\": 1}, {\"x\": 1, \"z\": 1}]','[{\"x\": 11, \"z\": 11}, {\"x\": 10, \"z\": 11}, {\"x\": 11, \"z\": 10}, {\"x\": 10, \"z\": 10}, {\"x\": 11, \"z\": 9}, {\"x\": 10, \"z\": 9}]'),(120,10,14,'안중근의 결의','하얼빈 역에서 이토 히로부미를 저격한 안중근 의사의 결의가 깃든 전장. 동양 평화를 위한 영웅의 기백으로 싸운다.',0,6,27,30,840,420,'kr_spirit',12,12,'stone','[{\"type\": \"water\", \"coords\": [[1, 10], [1, 11], [2, 10], [2, 11]], \"height\": 2}, {\"type\": \"stone\", \"coords\": [[5, 7]], \"height\": 2}, {\"type\": \"dark\", \"coords\": [[5, 2]], \"height\": 2}]','[{\"x\": 0, \"z\": 0}, {\"x\": 1, \"z\": 0}, {\"x\": 0, \"z\": 1}, {\"x\": 1, \"z\": 1}]','[{\"x\": 11, \"z\": 11}, {\"x\": 10, \"z\": 11}, {\"x\": 11, \"z\": 10}, {\"x\": 10, \"z\": 10}, {\"x\": 11, \"z\": 9}, {\"x\": 10, \"z\": 9}]'),(121,10,15,'독립의 새벽 결전','고조선부터 근대까지 모든 역사의 영웅들의 힘이 하나로 모인 최종 결전. 한국사 전체를 관통하는 궁극의 전투에서 승리하라.',1,7,28,32,1200,600,'kr_spirit',14,14,'dark','[{\"type\": \"water\", \"coords\": [[9, 12], [9, 13], [10, 12], [10, 13]], \"height\": 2}, {\"type\": \"water\", \"coords\": [[5, 11], [5, 12], [6, 11], [6, 12]], \"height\": 2}, {\"type\": \"stone\", \"coords\": [[6, 10]], \"height\": 1}, {\"type\": \"stone\", \"coords\": [[7, 7], [6, 7], [7, 6], [6, 6]], \"height\": 3}]','[{\"x\": 0, \"z\": 0}, {\"x\": 1, \"z\": 0}, {\"x\": 0, \"z\": 1}, {\"x\": 1, \"z\": 1}]','[{\"x\": 13, \"z\": 13}, {\"x\": 12, \"z\": 13}, {\"x\": 13, \"z\": 12}, {\"x\": 12, \"z\": 12}, {\"x\": 13, \"z\": 11}, {\"x\": 12, \"z\": 11}, {\"x\": 13, \"z\": 10}]'),(122,11,1,'토기의 마을','조몬 토기가 탄생한 원시 마을',0,2,1,2,80,40,'jp_forest',8,8,'grass','[{\"type\": \"water\", \"coords\": [[4, 1], [4, 2], [4, 3], [5, 1], [5, 2], [5, 3], [6, 1], [6, 2], [6, 3]], \"height\": 2}, {\"type\": \"water\", \"coords\": [[4, 2], [4, 3], [4, 4], [5, 2], [5, 3], [5, 4], [6, 2], [6, 3], [6, 4]], \"height\": 2}, {\"type\": \"dark\", \"coords\": [[4, 5], [4, 6], [4, 7], [5, 5], [5, 6], [5, 7], [6, 5], [6, 6], [6, 7]], \"height\": 1}]','[{\"x\": 0, \"z\": 0}, {\"x\": 1, \"z\": 0}]','[{\"x\": 7, \"z\": 7}, {\"x\": 6, \"z\": 7}]'),(123,11,2,'패총 유적','조개더미 아래의 고대 유적',0,2,1,2,90,45,'jp_forest',8,8,'grass','[{\"type\": \"water\", \"coords\": [[4, 4], [4, 5], [5, 4], [5, 5]], \"height\": 2}, {\"type\": \"grass\", \"coords\": [[1, 2]], \"height\": 2}, {\"type\": \"stone\", \"coords\": [[5, 4], [5, 5], [6, 4], [6, 5]], \"height\": 2}]','[{\"x\": 0, \"z\": 0}, {\"x\": 1, \"z\": 0}]','[{\"x\": 7, \"z\": 7}, {\"x\": 6, \"z\": 7}]'),(124,11,3,'수렵의 숲','사슴과 멧돼지를 쫓던 숲',0,3,1,3,100,50,'jp_forest',9,9,'grass','[{\"type\": \"stone\", \"coords\": [[7, 3], [7, 4], [8, 3], [8, 4]], \"height\": 3}, {\"type\": \"grass\", \"coords\": [[6, 7], [6, 8], [7, 7], [7, 8], [8, 7], [8, 8]], \"height\": 2}, {\"type\": \"stone\", \"coords\": [[7, 2]], \"height\": 1}]','[{\"x\": 0, \"z\": 0}, {\"x\": 1, \"z\": 0}, {\"x\": 0, \"z\": 1}]','[{\"x\": 8, \"z\": 8}, {\"x\": 7, \"z\": 8}, {\"x\": 8, \"z\": 7}]'),(125,11,4,'환상 열도','화산섬의 원시 전장',0,3,2,3,110,55,'jp_forest',9,8,'stone','[{\"type\": \"dirt\", \"coords\": [[5, 1], [5, 2], [6, 1], [6, 2]], \"height\": 3}, {\"type\": \"grass\", \"coords\": [[3, 3]], \"height\": 2}, {\"type\": \"dark\", \"coords\": [[2, 6]], \"height\": 3}]','[{\"x\": 0, \"z\": 0}, {\"x\": 1, \"z\": 0}, {\"x\": 0, \"z\": 1}]','[{\"x\": 8, \"z\": 7}, {\"x\": 7, \"z\": 7}, {\"x\": 8, \"z\": 6}]'),(126,11,5,'흑요석 광산','석기 재료를 캐는 광산',0,3,2,4,120,60,'jp_forest',10,8,'stone','[{\"type\": \"stone\", \"coords\": [[7, 1], [7, 2], [8, 1], [8, 2]], \"height\": 2}, {\"type\": \"dirt\", \"coords\": [[3, 3], [3, 4], [4, 3], [4, 4]], \"height\": 3}, {\"type\": \"dark\", \"coords\": [[4, 4], [4, 5], [4, 6], [5, 4], [5, 5], [5, 6], [6, 4], [6, 5], [6, 6]], \"height\": 3}]','[{\"x\": 0, \"z\": 0}, {\"x\": 1, \"z\": 0}, {\"x\": 0, \"z\": 1}]','[{\"x\": 9, \"z\": 7}, {\"x\": 8, \"z\": 7}, {\"x\": 9, \"z\": 6}]'),(127,11,6,'해안 동굴','바다 옆 동굴의 비밀',0,3,2,4,130,65,'jp_forest',10,9,'stone','[{\"type\": \"grass\", \"coords\": [[1, 3]], \"height\": 2}, {\"type\": \"water\", \"coords\": [[5, 7], [5, 8], [6, 7], [6, 8], [7, 7], [7, 8]], \"height\": 2}, {\"type\": \"dirt\", \"coords\": [[4, 4]], \"height\": 3}]','[{\"x\": 0, \"z\": 0}, {\"x\": 1, \"z\": 0}, {\"x\": 0, \"z\": 1}]','[{\"x\": 9, \"z\": 8}, {\"x\": 8, \"z\": 8}, {\"x\": 9, \"z\": 7}]'),(128,11,7,'산나이마루야마','거대 취락 유적의 전장',0,4,3,5,140,70,'jp_forest',10,10,'grass','[{\"type\": \"water\", \"coords\": [[3, 7], [3, 8], [3, 9], [4, 7], [4, 8], [4, 9], [5, 7], [5, 8], [5, 9]], \"height\": 2}, {\"type\": \"water\", \"coords\": [[7, 4], [7, 5], [8, 4], [8, 5]], \"height\": 2}, {\"type\": \"grass\", \"coords\": [[4, 5], [4, 6], [5, 5], [5, 6]], \"height\": 1}]','[{\"x\": 0, \"z\": 0}, {\"x\": 1, \"z\": 0}, {\"x\": 0, \"z\": 1}, {\"x\": 1, \"z\": 1}]','[{\"x\": 9, \"z\": 9}, {\"x\": 8, \"z\": 9}, {\"x\": 9, \"z\": 8}, {\"x\": 8, \"z\": 8}]'),(129,11,8,'석인상의 언덕','돌 조각상이 지키는 언덕',0,4,3,5,155,75,'jp_forest',10,10,'stone','[{\"type\": \"water\", \"coords\": [[3, 3], [3, 4], [4, 3], [4, 4]], \"height\": 2}, {\"type\": \"stone\", \"coords\": [[2, 4], [2, 5], [3, 4], [3, 5]], \"height\": 2}, {\"type\": \"water\", \"coords\": [[6, 3], [6, 4], [7, 3], [7, 4]], \"height\": 2}]','[{\"x\": 0, \"z\": 0}, {\"x\": 1, \"z\": 0}, {\"x\": 0, \"z\": 1}, {\"x\": 1, \"z\": 1}]','[{\"x\": 9, \"z\": 9}, {\"x\": 8, \"z\": 9}, {\"x\": 9, \"z\": 8}, {\"x\": 8, \"z\": 8}]'),(130,11,9,'화산 분화구','지열이 솟아오르는 위험 지대',0,4,3,5,170,80,'jp_forest',10,10,'stone','[{\"type\": \"water\", \"coords\": [[3, 7], [3, 8], [4, 7], [4, 8]], \"height\": 2}, {\"type\": \"water\", \"coords\": [[6, 4], [6, 5], [6, 6], [7, 4], [7, 5], [7, 6], [8, 4], [8, 5], [8, 6]], \"height\": 2}, {\"type\": \"stone\", \"coords\": [[7, 2]], \"height\": 3}]','[{\"x\": 0, \"z\": 0}, {\"x\": 1, \"z\": 0}, {\"x\": 0, \"z\": 1}, {\"x\": 1, \"z\": 1}]','[{\"x\": 9, \"z\": 9}, {\"x\": 8, \"z\": 9}, {\"x\": 9, \"z\": 8}, {\"x\": 8, \"z\": 8}]'),(131,11,10,'토우의 시련','조몬 수호신의 최종 시험',1,5,4,6,250,120,'jp_forest',12,12,'grass','[{\"type\": \"water\", \"coords\": [[10, 9]], \"height\": 2}, {\"type\": \"grass\", \"coords\": [[7, 7], [7, 8], [7, 9], [8, 7], [8, 8], [8, 9], [9, 7], [9, 8], [9, 9]], \"height\": 2}, {\"type\": \"water\", \"coords\": [[9, 9]], \"height\": 1}, {\"type\": \"stone\", \"coords\": [[6, 6], [5, 6], [6, 5], [5, 5]], \"height\": 3}]','[{\"x\": 0, \"z\": 0}, {\"x\": 1, \"z\": 0}, {\"x\": 0, \"z\": 1}, {\"x\": 1, \"z\": 1}]','[{\"x\": 11, \"z\": 11}, {\"x\": 10, \"z\": 11}, {\"x\": 11, \"z\": 10}, {\"x\": 10, \"z\": 10}, {\"x\": 11, \"z\": 9}]'),(132,12,1,'요시노가리','환호 취락의 방어전',0,2,3,4,100,50,'jp_forest',8,8,'grass','[{\"type\": \"water\", \"coords\": [[4, 1], [4, 2], [4, 3], [5, 1], [5, 2], [5, 3], [6, 1], [6, 2], [6, 3]], \"height\": 2}, {\"type\": \"water\", \"coords\": [[4, 2], [4, 3], [4, 4], [5, 2], [5, 3], [5, 4], [6, 2], [6, 3], [6, 4]], \"height\": 2}, {\"type\": \"dark\", \"coords\": [[4, 5], [4, 6], [4, 7], [5, 5], [5, 6], [5, 7], [6, 5], [6, 6], [6, 7]], \"height\": 1}]','[{\"x\": 0, \"z\": 0}, {\"x\": 1, \"z\": 0}]','[{\"x\": 7, \"z\": 7}, {\"x\": 6, \"z\": 7}]'),(133,12,2,'벼의 평야','벼농사가 시작된 평야',0,3,3,5,110,55,'jp_forest',8,9,'grass','[{\"type\": \"dirt\", \"coords\": [[5, 4], [5, 5], [6, 4], [6, 5]], \"height\": 2}, {\"type\": \"water\", \"coords\": [[5, 6], [5, 7], [6, 6], [6, 7]], \"height\": 2}, {\"type\": \"dirt\", \"coords\": [[4, 5]], \"height\": 2}]','[{\"x\": 0, \"z\": 0}, {\"x\": 1, \"z\": 0}, {\"x\": 0, \"z\": 1}]','[{\"x\": 7, \"z\": 8}, {\"x\": 6, \"z\": 8}, {\"x\": 7, \"z\": 7}]'),(134,12,3,'동탁 제단','청동 방울이 울리는 제단',0,3,4,5,120,60,'jp_forest',9,9,'grass','[{\"type\": \"stone\", \"coords\": [[7, 3], [7, 4], [8, 3], [8, 4]], \"height\": 3}, {\"type\": \"grass\", \"coords\": [[6, 7], [6, 8], [7, 7], [7, 8], [8, 7], [8, 8]], \"height\": 2}, {\"type\": \"stone\", \"coords\": [[7, 2]], \"height\": 1}]','[{\"x\": 0, \"z\": 0}, {\"x\": 1, \"z\": 0}, {\"x\": 0, \"z\": 1}]','[{\"x\": 8, \"z\": 8}, {\"x\": 7, \"z\": 8}, {\"x\": 8, \"z\": 7}]'),(135,12,4,'나국 왕궁','금인을 받은 소국의 왕궁',0,3,4,6,130,65,'jp_forest',10,9,'stone','[{\"type\": \"grass\", \"coords\": [[8, 3], [8, 4], [9, 3], [9, 4]], \"height\": 2}, {\"type\": \"dirt\", \"coords\": [[6, 7], [6, 8], [7, 7], [7, 8], [8, 7], [8, 8]], \"height\": 2}, {\"type\": \"stone\", \"coords\": [[2, 6], [2, 7], [2, 8], [3, 6], [3, 7], [3, 8], [4, 6], [4, 7], [4, 8]], \"height\": 1}]','[{\"x\": 0, \"z\": 0}, {\"x\": 1, \"z\": 0}, {\"x\": 0, \"z\": 1}]','[{\"x\": 9, \"z\": 8}, {\"x\": 8, \"z\": 8}, {\"x\": 9, \"z\": 7}]'),(136,12,5,'부족 전쟁터','왜국 대란의 전장',0,3,4,6,140,70,'jp_forest',10,10,'grass','[{\"type\": \"water\", \"coords\": [[2, 6]], \"height\": 2}, {\"type\": \"dirt\", \"coords\": [[8, 4], [8, 5], [9, 4], [9, 5]], \"height\": 2}, {\"type\": \"dark\", \"coords\": [[2, 7]], \"height\": 2}]','[{\"x\": 0, \"z\": 0}, {\"x\": 1, \"z\": 0}, {\"x\": 0, \"z\": 1}]','[{\"x\": 9, \"z\": 9}, {\"x\": 8, \"z\": 9}, {\"x\": 9, \"z\": 8}]'),(137,12,6,'철기 대장간','대륙에서 전해진 철기 기술',0,4,5,7,155,75,'jp_forest',10,10,'stone','[{\"type\": \"water\", \"coords\": [[3, 2], [3, 3], [3, 4], [4, 2], [4, 3], [4, 4], [5, 2], [5, 3], [5, 4]], \"height\": 2}, {\"type\": \"grass\", \"coords\": [[3, 4], [3, 5], [4, 4], [4, 5]], \"height\": 2}, {\"type\": \"dirt\", \"coords\": [[3, 6], [3, 7], [3, 8], [4, 6], [4, 7], [4, 8], [5, 6], [5, 7], [5, 8]], \"height\": 3}]','[{\"x\": 0, \"z\": 0}, {\"x\": 1, \"z\": 0}, {\"x\": 0, \"z\": 1}, {\"x\": 1, \"z\": 1}]','[{\"x\": 9, \"z\": 9}, {\"x\": 8, \"z\": 9}, {\"x\": 9, \"z\": 8}, {\"x\": 8, \"z\": 8}]'),(138,12,7,'마쓰리 의식장','풍년을 비는 의식 중 전투',0,4,5,7,170,80,'jp_forest',10,10,'grass','[{\"type\": \"water\", \"coords\": [[3, 7], [3, 8], [3, 9], [4, 7], [4, 8], [4, 9], [5, 7], [5, 8], [5, 9]], \"height\": 2}, {\"type\": \"water\", \"coords\": [[7, 4], [7, 5], [8, 4], [8, 5]], \"height\": 2}, {\"type\": \"grass\", \"coords\": [[4, 5], [4, 6], [5, 5], [5, 6]], \"height\": 1}]','[{\"x\": 0, \"z\": 0}, {\"x\": 1, \"z\": 0}, {\"x\": 0, \"z\": 1}, {\"x\": 1, \"z\": 1}]','[{\"x\": 9, \"z\": 9}, {\"x\": 8, \"z\": 9}, {\"x\": 9, \"z\": 8}, {\"x\": 8, \"z\": 8}]'),(139,12,8,'이토국 성벽','소국 연합의 방어선',0,4,5,8,185,90,'jp_forest',10,10,'stone','[{\"type\": \"water\", \"coords\": [[3, 3], [3, 4], [4, 3], [4, 4]], \"height\": 2}, {\"type\": \"stone\", \"coords\": [[2, 4], [2, 5], [3, 4], [3, 5]], \"height\": 2}, {\"type\": \"water\", \"coords\": [[6, 3], [6, 4], [7, 3], [7, 4]], \"height\": 2}]','[{\"x\": 0, \"z\": 0}, {\"x\": 1, \"z\": 0}, {\"x\": 0, \"z\": 1}, {\"x\": 1, \"z\": 1}]','[{\"x\": 9, \"z\": 9}, {\"x\": 8, \"z\": 9}, {\"x\": 9, \"z\": 8}, {\"x\": 8, \"z\": 8}]'),(140,12,9,'야마타이국 입구','히미코 여왕의 도성',0,4,6,8,200,95,'jp_forest',10,10,'stone','[{\"type\": \"water\", \"coords\": [[3, 7], [3, 8], [4, 7], [4, 8]], \"height\": 2}, {\"type\": \"water\", \"coords\": [[6, 4], [6, 5], [6, 6], [7, 4], [7, 5], [7, 6], [8, 4], [8, 5], [8, 6]], \"height\": 2}, {\"type\": \"stone\", \"coords\": [[7, 2]], \"height\": 3}]','[{\"x\": 0, \"z\": 0}, {\"x\": 1, \"z\": 0}, {\"x\": 0, \"z\": 1}, {\"x\": 1, \"z\": 1}]','[{\"x\": 9, \"z\": 9}, {\"x\": 8, \"z\": 9}, {\"x\": 9, \"z\": 8}, {\"x\": 8, \"z\": 8}]'),(141,12,10,'히미코의 결전','야마타이국 여왕의 시련',1,5,6,9,300,150,'jp_forest',12,12,'grass','[{\"type\": \"water\", \"coords\": [[10, 9]], \"height\": 2}, {\"type\": \"grass\", \"coords\": [[7, 7], [7, 8], [7, 9], [8, 7], [8, 8], [8, 9], [9, 7], [9, 8], [9, 9]], \"height\": 2}, {\"type\": \"water\", \"coords\": [[9, 9]], \"height\": 1}, {\"type\": \"stone\", \"coords\": [[6, 6], [5, 6], [6, 5], [5, 5]], \"height\": 3}]','[{\"x\": 0, \"z\": 0}, {\"x\": 1, \"z\": 0}, {\"x\": 0, \"z\": 1}, {\"x\": 1, \"z\": 1}]','[{\"x\": 11, \"z\": 11}, {\"x\": 10, \"z\": 11}, {\"x\": 11, \"z\": 10}, {\"x\": 10, \"z\": 10}, {\"x\": 11, \"z\": 9}]'),(142,13,1,'이즈모 신전','출운 대사의 신전 전투',0,3,5,7,140,70,'jp_mountain',9,9,'stone','[{\"type\": \"stone\", \"coords\": [[6, 3], [6, 4], [6, 5], [7, 3], [7, 4], [7, 5], [8, 3], [8, 4], [8, 5]], \"height\": 3}, {\"type\": \"grass\", \"coords\": [[6, 7], [6, 8], [7, 7], [7, 8]], \"height\": 2}, {\"type\": \"stone\", \"coords\": [[5, 4], [5, 5], [6, 4], [6, 5]], \"height\": 3}]','[{\"x\": 0, \"z\": 0}, {\"x\": 1, \"z\": 0}, {\"x\": 0, \"z\": 1}]','[{\"x\": 8, \"z\": 8}, {\"x\": 7, \"z\": 8}, {\"x\": 8, \"z\": 7}]'),(143,13,2,'미와산 기슭','야마토 건국의 성산',0,3,5,7,150,75,'jp_mountain',9,9,'grass','[{\"type\": \"stone\", \"coords\": [[7, 7], [7, 8], [8, 7], [8, 8]], \"height\": 3}, {\"type\": \"dirt\", \"coords\": [[3, 7], [3, 8], [4, 7], [4, 8]], \"height\": 2}, {\"type\": \"dark\", \"coords\": [[6, 3]], \"height\": 1}]','[{\"x\": 0, \"z\": 0}, {\"x\": 1, \"z\": 0}, {\"x\": 0, \"z\": 1}]','[{\"x\": 8, \"z\": 8}, {\"x\": 7, \"z\": 8}, {\"x\": 8, \"z\": 7}]'),(144,13,3,'전방후원분','거대 고분의 수호자',0,3,6,8,165,80,'jp_mountain',10,10,'grass','[{\"type\": \"water\", \"coords\": [[2, 6], [2, 7], [3, 6], [3, 7]], \"height\": 2}, {\"type\": \"dirt\", \"coords\": [[8, 4]], \"height\": 2}, {\"type\": \"dark\", \"coords\": [[7, 2], [7, 3], [7, 4], [8, 2], [8, 3], [8, 4], [9, 2], [9, 3], [9, 4]], \"height\": 3}]','[{\"x\": 0, \"z\": 0}, {\"x\": 1, \"z\": 0}, {\"x\": 0, \"z\": 1}]','[{\"x\": 9, \"z\": 9}, {\"x\": 8, \"z\": 9}, {\"x\": 9, \"z\": 8}]'),(145,13,4,'하니와 벌판','토기 인형이 지키는 벌판',0,3,6,8,175,85,'jp_mountain',10,10,'grass','[{\"type\": \"water\", \"coords\": [[2, 2]], \"height\": 2}, {\"type\": \"grass\", \"coords\": [[4, 4], [4, 5], [5, 4], [5, 5]], \"height\": 2}, {\"type\": \"stone\", \"coords\": [[8, 8], [8, 9], [9, 8], [9, 9]], \"height\": 1}]','[{\"x\": 0, \"z\": 0}, {\"x\": 1, \"z\": 0}, {\"x\": 0, \"z\": 1}]','[{\"x\": 9, \"z\": 9}, {\"x\": 8, \"z\": 9}, {\"x\": 9, \"z\": 8}]'),(146,13,5,'아스카 궁전','아스카 시대의 왕궁 전투',0,4,7,9,190,90,'jp_mountain',10,10,'stone','[{\"type\": \"water\", \"coords\": [[2, 6]], \"height\": 2}, {\"type\": \"dirt\", \"coords\": [[8, 4], [8, 5], [9, 4], [9, 5]], \"height\": 2}, {\"type\": \"dark\", \"coords\": [[2, 7]], \"height\": 2}]','[{\"x\": 0, \"z\": 0}, {\"x\": 1, \"z\": 0}, {\"x\": 0, \"z\": 1}, {\"x\": 1, \"z\": 1}]','[{\"x\": 9, \"z\": 9}, {\"x\": 8, \"z\": 9}, {\"x\": 9, \"z\": 8}, {\"x\": 8, \"z\": 8}]'),(147,13,6,'소가 저택','호족 소가씨의 거대 저택',0,4,7,9,205,95,'jp_mountain',10,10,'stone','[{\"type\": \"water\", \"coords\": [[3, 2], [3, 3], [3, 4], [4, 2], [4, 3], [4, 4], [5, 2], [5, 3], [5, 4]], \"height\": 2}, {\"type\": \"grass\", \"coords\": [[3, 4], [3, 5], [4, 4], [4, 5]], \"height\": 2}, {\"type\": \"dirt\", \"coords\": [[3, 6], [3, 7], [3, 8], [4, 6], [4, 7], [4, 8], [5, 6], [5, 7], [5, 8]], \"height\": 3}]','[{\"x\": 0, \"z\": 0}, {\"x\": 1, \"z\": 0}, {\"x\": 0, \"z\": 1}, {\"x\": 1, \"z\": 1}]','[{\"x\": 9, \"z\": 9}, {\"x\": 8, \"z\": 9}, {\"x\": 9, \"z\": 8}, {\"x\": 8, \"z\": 8}]'),(148,13,7,'하쿠손코 전투','백촌강 전투의 일본 측',0,4,7,10,220,100,'jp_mountain',10,10,'grass','[{\"type\": \"water\", \"coords\": [[3, 7], [3, 8], [3, 9], [4, 7], [4, 8], [4, 9], [5, 7], [5, 8], [5, 9]], \"height\": 2}, {\"type\": \"water\", \"coords\": [[7, 4], [7, 5], [8, 4], [8, 5]], \"height\": 2}, {\"type\": \"grass\", \"coords\": [[4, 5], [4, 6], [5, 5], [5, 6]], \"height\": 1}]','[{\"x\": 0, \"z\": 0}, {\"x\": 1, \"z\": 0}, {\"x\": 0, \"z\": 1}, {\"x\": 1, \"z\": 1}]','[{\"x\": 9, \"z\": 9}, {\"x\": 8, \"z\": 9}, {\"x\": 9, \"z\": 8}, {\"x\": 8, \"z\": 8}]'),(149,13,8,'다이카 개신','중앙집권화의 혼란',0,4,8,10,235,110,'jp_mountain',10,10,'stone','[{\"type\": \"water\", \"coords\": [[3, 3], [3, 4], [4, 3], [4, 4]], \"height\": 2}, {\"type\": \"stone\", \"coords\": [[2, 4], [2, 5], [3, 4], [3, 5]], \"height\": 2}, {\"type\": \"water\", \"coords\": [[6, 3], [6, 4], [7, 3], [7, 4]], \"height\": 2}]','[{\"x\": 0, \"z\": 0}, {\"x\": 1, \"z\": 0}, {\"x\": 0, \"z\": 1}, {\"x\": 1, \"z\": 1}]','[{\"x\": 9, \"z\": 9}, {\"x\": 8, \"z\": 9}, {\"x\": 9, \"z\": 8}, {\"x\": 8, \"z\": 8}]'),(150,13,9,'진신의 난','황위 계승 전쟁',0,4,8,11,250,115,'jp_mountain',10,10,'grass','[{\"type\": \"water\", \"coords\": [[3, 7], [3, 8], [4, 7], [4, 8]], \"height\": 2}, {\"type\": \"water\", \"coords\": [[6, 4], [6, 5], [6, 6], [7, 4], [7, 5], [7, 6], [8, 4], [8, 5], [8, 6]], \"height\": 2}, {\"type\": \"stone\", \"coords\": [[7, 2]], \"height\": 3}]','[{\"x\": 0, \"z\": 0}, {\"x\": 1, \"z\": 0}, {\"x\": 0, \"z\": 1}, {\"x\": 1, \"z\": 1}]','[{\"x\": 9, \"z\": 9}, {\"x\": 8, \"z\": 9}, {\"x\": 9, \"z\": 8}, {\"x\": 8, \"z\": 8}]'),(151,13,10,'야마토타케루 결전','일본 무신의 전설적 전투',0,5,8,11,280,125,'jp_mountain',12,10,'grass','[{\"type\": \"stone\", \"coords\": [[6, 2], [6, 3], [6, 4], [7, 2], [7, 3], [7, 4], [8, 2], [8, 3], [8, 4]], \"height\": 2}, {\"type\": \"grass\", \"coords\": [[1, 5], [1, 6], [1, 7], [2, 5], [2, 6], [2, 7], [3, 5], [3, 6], [3, 7]], \"height\": 2}, {\"type\": \"water\", \"coords\": [[2, 5], [2, 6], [2, 7], [3, 5], [3, 6], [3, 7], [4, 5], [4, 6], [4, 7]], \"height\": 2}]','[{\"x\": 0, \"z\": 0}, {\"x\": 1, \"z\": 0}, {\"x\": 0, \"z\": 1}, {\"x\": 1, \"z\": 1}]','[{\"x\": 11, \"z\": 9}, {\"x\": 10, \"z\": 9}, {\"x\": 11, \"z\": 8}, {\"x\": 10, \"z\": 8}, {\"x\": 11, \"z\": 7}]'),(152,13,11,'쇼토쿠 태자 시련','불교 수호자의 시험',0,5,9,12,310,135,'jp_mountain',12,10,'stone','[{\"type\": \"stone\", \"coords\": [[6, 6], [6, 7], [7, 6], [7, 7]], \"height\": 2}, {\"type\": \"water\", \"coords\": [[5, 5], [5, 6], [5, 7], [6, 5], [6, 6], [6, 7], [7, 5], [7, 6], [7, 7]], \"height\": 3}, {\"type\": \"stone\", \"coords\": [[4, 4], [4, 5], [4, 6], [5, 4], [5, 5], [5, 6], [6, 4], [6, 5], [6, 6]], \"height\": 3}]','[{\"x\": 0, \"z\": 0}, {\"x\": 1, \"z\": 0}, {\"x\": 0, \"z\": 1}, {\"x\": 1, \"z\": 1}]','[{\"x\": 11, \"z\": 9}, {\"x\": 10, \"z\": 9}, {\"x\": 11, \"z\": 8}, {\"x\": 10, \"z\": 8}, {\"x\": 11, \"z\": 7}]'),(153,13,12,'천손강림 결전','신화 시대의 최종 전투',1,6,9,13,400,200,'jp_mountain',12,12,'stone','[{\"type\": \"water\", \"coords\": [[1, 9], [1, 10], [1, 11], [2, 9], [2, 10], [2, 11], [3, 9], [3, 10], [3, 11]], \"height\": 2}, {\"type\": \"grass\", \"coords\": [[6, 7]], \"height\": 2}, {\"type\": \"water\", \"coords\": [[2, 5], [2, 6], [3, 5], [3, 6]], \"height\": 3}, {\"type\": \"stone\", \"coords\": [[6, 6], [5, 6], [6, 5], [5, 5]], \"height\": 3}]','[{\"x\": 0, \"z\": 0}, {\"x\": 1, \"z\": 0}, {\"x\": 0, \"z\": 1}, {\"x\": 1, \"z\": 1}]','[{\"x\": 11, \"z\": 11}, {\"x\": 10, \"z\": 11}, {\"x\": 11, \"z\": 10}, {\"x\": 10, \"z\": 10}, {\"x\": 11, \"z\": 9}, {\"x\": 10, \"z\": 9}]'),(154,14,1,'헤이조궁','나라 수도의 궁전 전투',0,3,7,9,170,85,'jp_temple',9,9,'stone','[{\"type\": \"stone\", \"coords\": [[6, 3], [6, 4], [6, 5], [7, 3], [7, 4], [7, 5], [8, 3], [8, 4], [8, 5]], \"height\": 3}, {\"type\": \"grass\", \"coords\": [[6, 7], [6, 8], [7, 7], [7, 8]], \"height\": 2}, {\"type\": \"stone\", \"coords\": [[5, 4], [5, 5], [6, 4], [6, 5]], \"height\": 3}]','[{\"x\": 0, \"z\": 0}, {\"x\": 1, \"z\": 0}, {\"x\": 0, \"z\": 1}]','[{\"x\": 8, \"z\": 8}, {\"x\": 7, \"z\": 8}, {\"x\": 8, \"z\": 7}]'),(155,14,2,'도다이지','대불이 있는 거대 사원',0,3,7,9,180,90,'jp_temple',9,9,'stone','[{\"type\": \"stone\", \"coords\": [[7, 7], [7, 8], [8, 7], [8, 8]], \"height\": 3}, {\"type\": \"dirt\", \"coords\": [[3, 7], [3, 8], [4, 7], [4, 8]], \"height\": 2}, {\"type\": \"dark\", \"coords\": [[6, 3]], \"height\": 1}]','[{\"x\": 0, \"z\": 0}, {\"x\": 1, \"z\": 0}, {\"x\": 0, \"z\": 1}]','[{\"x\": 8, \"z\": 8}, {\"x\": 7, \"z\": 8}, {\"x\": 8, \"z\": 7}]'),(156,14,3,'쇼소인 보물고','실크로드 보물이 잠든 창고',0,3,8,10,195,95,'jp_temple',10,10,'stone','[{\"type\": \"water\", \"coords\": [[2, 6], [2, 7], [3, 6], [3, 7]], \"height\": 2}, {\"type\": \"dirt\", \"coords\": [[8, 4]], \"height\": 2}, {\"type\": \"dark\", \"coords\": [[7, 2], [7, 3], [7, 4], [8, 2], [8, 3], [8, 4], [9, 2], [9, 3], [9, 4]], \"height\": 3}]','[{\"x\": 0, \"z\": 0}, {\"x\": 1, \"z\": 0}, {\"x\": 0, \"z\": 1}]','[{\"x\": 9, \"z\": 9}, {\"x\": 8, \"z\": 9}, {\"x\": 9, \"z\": 8}]'),(157,14,4,'가스가 신사','사슴이 지키는 신사',0,3,8,10,205,100,'jp_temple',10,10,'grass','[{\"type\": \"water\", \"coords\": [[2, 2]], \"height\": 2}, {\"type\": \"grass\", \"coords\": [[4, 4], [4, 5], [5, 4], [5, 5]], \"height\": 2}, {\"type\": \"stone\", \"coords\": [[8, 8], [8, 9], [9, 8], [9, 9]], \"height\": 1}]','[{\"x\": 0, \"z\": 0}, {\"x\": 1, \"z\": 0}, {\"x\": 0, \"z\": 1}]','[{\"x\": 9, \"z\": 9}, {\"x\": 8, \"z\": 9}, {\"x\": 9, \"z\": 8}]'),(158,14,5,'고키시치도','칠도의 관도를 순찰',0,4,8,11,220,105,'jp_temple',10,10,'grass','[{\"type\": \"water\", \"coords\": [[2, 6]], \"height\": 2}, {\"type\": \"dirt\", \"coords\": [[8, 4], [8, 5], [9, 4], [9, 5]], \"height\": 2}, {\"type\": \"dark\", \"coords\": [[2, 7]], \"height\": 2}]','[{\"x\": 0, \"z\": 0}, {\"x\": 1, \"z\": 0}, {\"x\": 0, \"z\": 1}, {\"x\": 1, \"z\": 1}]','[{\"x\": 9, \"z\": 9}, {\"x\": 8, \"z\": 9}, {\"x\": 9, \"z\": 8}, {\"x\": 8, \"z\": 8}]'),(159,14,6,'만요슈 정원','시가 흐르는 정원의 전투',0,4,9,11,235,110,'jp_temple',10,10,'grass','[{\"type\": \"water\", \"coords\": [[3, 2], [3, 3], [3, 4], [4, 2], [4, 3], [4, 4], [5, 2], [5, 3], [5, 4]], \"height\": 2}, {\"type\": \"grass\", \"coords\": [[3, 4], [3, 5], [4, 4], [4, 5]], \"height\": 2}, {\"type\": \"dirt\", \"coords\": [[3, 6], [3, 7], [3, 8], [4, 6], [4, 7], [4, 8], [5, 6], [5, 7], [5, 8]], \"height\": 3}]','[{\"x\": 0, \"z\": 0}, {\"x\": 1, \"z\": 0}, {\"x\": 0, \"z\": 1}, {\"x\": 1, \"z\": 1}]','[{\"x\": 9, \"z\": 9}, {\"x\": 8, \"z\": 9}, {\"x\": 9, \"z\": 8}, {\"x\": 8, \"z\": 8}]'),(160,14,7,'감진의 도래','중국 고승의 시련',0,4,9,12,250,120,'jp_temple',10,10,'stone','[{\"type\": \"water\", \"coords\": [[3, 7], [3, 8], [3, 9], [4, 7], [4, 8], [4, 9], [5, 7], [5, 8], [5, 9]], \"height\": 2}, {\"type\": \"water\", \"coords\": [[7, 4], [7, 5], [8, 4], [8, 5]], \"height\": 2}, {\"type\": \"grass\", \"coords\": [[4, 5], [4, 6], [5, 5], [5, 6]], \"height\": 1}]','[{\"x\": 0, \"z\": 0}, {\"x\": 1, \"z\": 0}, {\"x\": 0, \"z\": 1}, {\"x\": 1, \"z\": 1}]','[{\"x\": 9, \"z\": 9}, {\"x\": 8, \"z\": 9}, {\"x\": 9, \"z\": 8}, {\"x\": 8, \"z\": 8}]'),(161,14,8,'후지와라 저택','세도가 후지와라의 본거지',0,4,9,12,265,125,'jp_temple',10,10,'stone','[{\"type\": \"water\", \"coords\": [[3, 3], [3, 4], [4, 3], [4, 4]], \"height\": 2}, {\"type\": \"stone\", \"coords\": [[2, 4], [2, 5], [3, 4], [3, 5]], \"height\": 2}, {\"type\": \"water\", \"coords\": [[6, 3], [6, 4], [7, 3], [7, 4]], \"height\": 2}]','[{\"x\": 0, \"z\": 0}, {\"x\": 1, \"z\": 0}, {\"x\": 0, \"z\": 1}, {\"x\": 1, \"z\": 1}]','[{\"x\": 9, \"z\": 9}, {\"x\": 8, \"z\": 9}, {\"x\": 9, \"z\": 8}, {\"x\": 8, \"z\": 8}]'),(162,14,9,'다카마가하라','신들의 고원 전투',0,5,10,13,280,135,'jp_temple',12,10,'grass','[{\"type\": \"stone\", \"coords\": [[5, 6], [5, 7], [5, 8], [6, 6], [6, 7], [6, 8], [7, 6], [7, 7], [7, 8]], \"height\": 2}, {\"type\": \"dirt\", \"coords\": [[6, 5], [6, 6], [6, 7], [7, 5], [7, 6], [7, 7], [8, 5], [8, 6], [8, 7]], \"height\": 2}, {\"type\": \"grass\", \"coords\": [[10, 6]], \"height\": 1}]','[{\"x\": 0, \"z\": 0}, {\"x\": 1, \"z\": 0}, {\"x\": 0, \"z\": 1}, {\"x\": 1, \"z\": 1}]','[{\"x\": 11, \"z\": 9}, {\"x\": 10, \"z\": 9}, {\"x\": 11, \"z\": 8}, {\"x\": 10, \"z\": 8}, {\"x\": 11, \"z\": 7}]'),(163,14,10,'나라 대불 결전','대불의 수호신 최종 전투',1,5,10,14,420,210,'jp_temple',12,12,'stone','[{\"type\": \"water\", \"coords\": [[10, 9]], \"height\": 2}, {\"type\": \"grass\", \"coords\": [[7, 7], [7, 8], [7, 9], [8, 7], [8, 8], [8, 9], [9, 7], [9, 8], [9, 9]], \"height\": 2}, {\"type\": \"water\", \"coords\": [[9, 9]], \"height\": 1}, {\"type\": \"stone\", \"coords\": [[6, 6], [5, 6], [6, 5], [5, 5]], \"height\": 3}]','[{\"x\": 0, \"z\": 0}, {\"x\": 1, \"z\": 0}, {\"x\": 0, \"z\": 1}, {\"x\": 1, \"z\": 1}]','[{\"x\": 11, \"z\": 11}, {\"x\": 10, \"z\": 11}, {\"x\": 11, \"z\": 10}, {\"x\": 10, \"z\": 10}, {\"x\": 11, \"z\": 9}]'),(164,15,1,'헤이안쿄 거리','귀족 도시의 야간 전투',0,3,9,11,200,100,'jp_spirit',9,9,'stone','[{\"type\": \"stone\", \"coords\": [[6, 3], [6, 4], [6, 5], [7, 3], [7, 4], [7, 5], [8, 3], [8, 4], [8, 5]], \"height\": 3}, {\"type\": \"grass\", \"coords\": [[6, 7], [6, 8], [7, 7], [7, 8]], \"height\": 2}, {\"type\": \"stone\", \"coords\": [[5, 4], [5, 5], [6, 4], [6, 5]], \"height\": 3}]','[{\"x\": 0, \"z\": 0}, {\"x\": 1, \"z\": 0}, {\"x\": 0, \"z\": 1}]','[{\"x\": 8, \"z\": 8}, {\"x\": 7, \"z\": 8}, {\"x\": 8, \"z\": 7}]'),(165,15,2,'겐지 저택','빛의 공자 겐지의 저택',0,3,9,11,210,105,'jp_spirit',9,9,'stone','[{\"type\": \"stone\", \"coords\": [[7, 7], [7, 8], [8, 7], [8, 8]], \"height\": 3}, {\"type\": \"dirt\", \"coords\": [[3, 7], [3, 8], [4, 7], [4, 8]], \"height\": 2}, {\"type\": \"dark\", \"coords\": [[6, 3]], \"height\": 1}]','[{\"x\": 0, \"z\": 0}, {\"x\": 1, \"z\": 0}, {\"x\": 0, \"z\": 1}]','[{\"x\": 8, \"z\": 8}, {\"x\": 7, \"z\": 8}, {\"x\": 8, \"z\": 7}]'),(166,15,3,'기요미즈데라','청수사의 무대 위 전투',0,3,10,12,225,110,'jp_spirit',10,10,'stone','[{\"type\": \"water\", \"coords\": [[2, 6], [2, 7], [3, 6], [3, 7]], \"height\": 2}, {\"type\": \"dirt\", \"coords\": [[8, 4]], \"height\": 2}, {\"type\": \"dark\", \"coords\": [[7, 2], [7, 3], [7, 4], [8, 2], [8, 3], [8, 4], [9, 2], [9, 3], [9, 4]], \"height\": 3}]','[{\"x\": 0, \"z\": 0}, {\"x\": 1, \"z\": 0}, {\"x\": 0, \"z\": 1}]','[{\"x\": 9, \"z\": 9}, {\"x\": 8, \"z\": 9}, {\"x\": 9, \"z\": 8}]'),(167,15,4,'후시미이나리','천 개의 도리이 사이 전투',0,3,10,12,235,115,'jp_spirit',10,10,'stone','[{\"type\": \"water\", \"coords\": [[2, 2]], \"height\": 2}, {\"type\": \"grass\", \"coords\": [[4, 4], [4, 5], [5, 4], [5, 5]], \"height\": 2}, {\"type\": \"stone\", \"coords\": [[8, 8], [8, 9], [9, 8], [9, 9]], \"height\": 1}]','[{\"x\": 0, \"z\": 0}, {\"x\": 1, \"z\": 0}, {\"x\": 0, \"z\": 1}]','[{\"x\": 9, \"z\": 9}, {\"x\": 8, \"z\": 9}, {\"x\": 9, \"z\": 8}]'),(168,15,5,'오닌의 숲','요괴가 출몰하는 밤의 숲',0,4,10,13,250,120,'jp_spirit',10,10,'dark','[{\"type\": \"water\", \"coords\": [[2, 6]], \"height\": 2}, {\"type\": \"dirt\", \"coords\": [[8, 4], [8, 5], [9, 4], [9, 5]], \"height\": 2}, {\"type\": \"dark\", \"coords\": [[2, 7]], \"height\": 2}]','[{\"x\": 0, \"z\": 0}, {\"x\": 1, \"z\": 0}, {\"x\": 0, \"z\": 1}, {\"x\": 1, \"z\": 1}]','[{\"x\": 9, \"z\": 9}, {\"x\": 8, \"z\": 9}, {\"x\": 9, \"z\": 8}, {\"x\": 8, \"z\": 8}]'),(169,15,6,'슈겐도 수행장','산악 수행자의 전장',0,4,11,13,265,130,'jp_spirit',10,10,'stone','[{\"type\": \"water\", \"coords\": [[3, 2], [3, 3], [3, 4], [4, 2], [4, 3], [4, 4], [5, 2], [5, 3], [5, 4]], \"height\": 2}, {\"type\": \"grass\", \"coords\": [[3, 4], [3, 5], [4, 4], [4, 5]], \"height\": 2}, {\"type\": \"dirt\", \"coords\": [[3, 6], [3, 7], [3, 8], [4, 6], [4, 7], [4, 8], [5, 6], [5, 7], [5, 8]], \"height\": 3}]','[{\"x\": 0, \"z\": 0}, {\"x\": 1, \"z\": 0}, {\"x\": 0, \"z\": 1}, {\"x\": 1, \"z\": 1}]','[{\"x\": 9, \"z\": 9}, {\"x\": 8, \"z\": 9}, {\"x\": 9, \"z\": 8}, {\"x\": 8, \"z\": 8}]'),(170,15,7,'미나모토 진영','무사의 시대를 연 겐지 진영',0,4,11,14,280,135,'jp_spirit',10,10,'grass','[{\"type\": \"water\", \"coords\": [[3, 7], [3, 8], [3, 9], [4, 7], [4, 8], [4, 9], [5, 7], [5, 8], [5, 9]], \"height\": 2}, {\"type\": \"water\", \"coords\": [[7, 4], [7, 5], [8, 4], [8, 5]], \"height\": 2}, {\"type\": \"grass\", \"coords\": [[4, 5], [4, 6], [5, 5], [5, 6]], \"height\": 1}]','[{\"x\": 0, \"z\": 0}, {\"x\": 1, \"z\": 0}, {\"x\": 0, \"z\": 1}, {\"x\": 1, \"z\": 1}]','[{\"x\": 9, \"z\": 9}, {\"x\": 8, \"z\": 9}, {\"x\": 9, \"z\": 8}, {\"x\": 8, \"z\": 8}]'),(171,15,8,'다이라 해안','헤이케의 해안 방어선',0,4,11,14,295,140,'jp_spirit',10,10,'stone','[{\"type\": \"water\", \"coords\": [[3, 3], [3, 4], [4, 3], [4, 4]], \"height\": 2}, {\"type\": \"stone\", \"coords\": [[2, 4], [2, 5], [3, 4], [3, 5]], \"height\": 2}, {\"type\": \"water\", \"coords\": [[6, 3], [6, 4], [7, 3], [7, 4]], \"height\": 2}]','[{\"x\": 0, \"z\": 0}, {\"x\": 1, \"z\": 0}, {\"x\": 0, \"z\": 1}, {\"x\": 1, \"z\": 1}]','[{\"x\": 9, \"z\": 9}, {\"x\": 8, \"z\": 9}, {\"x\": 9, \"z\": 8}, {\"x\": 8, \"z\": 8}]'),(172,15,9,'단노우라 전야','겐페이 전쟁 최후의 해전',0,5,12,15,310,150,'jp_spirit',12,10,'stone','[{\"type\": \"stone\", \"coords\": [[5, 6], [5, 7], [5, 8], [6, 6], [6, 7], [6, 8], [7, 6], [7, 7], [7, 8]], \"height\": 2}, {\"type\": \"dirt\", \"coords\": [[6, 5], [6, 6], [6, 7], [7, 5], [7, 6], [7, 7], [8, 5], [8, 6], [8, 7]], \"height\": 2}, {\"type\": \"grass\", \"coords\": [[10, 6]], \"height\": 1}]','[{\"x\": 0, \"z\": 0}, {\"x\": 1, \"z\": 0}, {\"x\": 0, \"z\": 1}, {\"x\": 1, \"z\": 1}]','[{\"x\": 11, \"z\": 9}, {\"x\": 10, \"z\": 9}, {\"x\": 11, \"z\": 8}, {\"x\": 10, \"z\": 8}, {\"x\": 11, \"z\": 7}]'),(173,15,10,'아베노 세이메이','음양사 세이메이의 시련',0,5,12,15,330,155,'jp_spirit',12,10,'dark','[{\"type\": \"stone\", \"coords\": [[6, 2], [6, 3], [6, 4], [7, 2], [7, 3], [7, 4], [8, 2], [8, 3], [8, 4]], \"height\": 2}, {\"type\": \"grass\", \"coords\": [[1, 5], [1, 6], [1, 7], [2, 5], [2, 6], [2, 7], [3, 5], [3, 6], [3, 7]], \"height\": 2}, {\"type\": \"water\", \"coords\": [[2, 5], [2, 6], [2, 7], [3, 5], [3, 6], [3, 7], [4, 5], [4, 6], [4, 7]], \"height\": 2}]','[{\"x\": 0, \"z\": 0}, {\"x\": 1, \"z\": 0}, {\"x\": 0, \"z\": 1}, {\"x\": 1, \"z\": 1}]','[{\"x\": 11, \"z\": 9}, {\"x\": 10, \"z\": 9}, {\"x\": 11, \"z\": 8}, {\"x\": 10, \"z\": 8}, {\"x\": 11, \"z\": 7}]'),(174,15,11,'슈텐도지 토벌','대요괴 슈텐도지 전투',0,5,13,16,350,165,'jp_spirit',12,10,'dark','[{\"type\": \"stone\", \"coords\": [[6, 6], [6, 7], [7, 6], [7, 7]], \"height\": 2}, {\"type\": \"water\", \"coords\": [[5, 5], [5, 6], [5, 7], [6, 5], [6, 6], [6, 7], [7, 5], [7, 6], [7, 7]], \"height\": 3}, {\"type\": \"stone\", \"coords\": [[4, 4], [4, 5], [4, 6], [5, 4], [5, 5], [5, 6], [6, 4], [6, 5], [6, 6]], \"height\": 3}]','[{\"x\": 0, \"z\": 0}, {\"x\": 1, \"z\": 0}, {\"x\": 0, \"z\": 1}, {\"x\": 1, \"z\": 1}]','[{\"x\": 11, \"z\": 9}, {\"x\": 10, \"z\": 9}, {\"x\": 11, \"z\": 8}, {\"x\": 10, \"z\": 8}, {\"x\": 11, \"z\": 7}]'),(175,15,12,'헤이안 최종 결전','귀족 시대 종말의 전투',1,6,13,17,500,250,'jp_spirit',12,12,'dark','[{\"type\": \"water\", \"coords\": [[1, 9], [1, 10], [1, 11], [2, 9], [2, 10], [2, 11], [3, 9], [3, 10], [3, 11]], \"height\": 2}, {\"type\": \"grass\", \"coords\": [[6, 7]], \"height\": 2}, {\"type\": \"water\", \"coords\": [[2, 5], [2, 6], [3, 5], [3, 6]], \"height\": 3}, {\"type\": \"stone\", \"coords\": [[6, 6], [5, 6], [6, 5], [5, 5]], \"height\": 3}]','[{\"x\": 0, \"z\": 0}, {\"x\": 1, \"z\": 0}, {\"x\": 0, \"z\": 1}, {\"x\": 1, \"z\": 1}]','[{\"x\": 11, \"z\": 11}, {\"x\": 10, \"z\": 11}, {\"x\": 11, \"z\": 10}, {\"x\": 10, \"z\": 10}, {\"x\": 11, \"z\": 9}, {\"x\": 10, \"z\": 9}]'),(176,16,1,'가마쿠라 거리','막부의 수도 카마쿠라',0,3,11,13,240,120,'jp_mountain',9,9,'stone','[{\"type\": \"stone\", \"coords\": [[6, 3], [6, 4], [6, 5], [7, 3], [7, 4], [7, 5], [8, 3], [8, 4], [8, 5]], \"height\": 3}, {\"type\": \"grass\", \"coords\": [[6, 7], [6, 8], [7, 7], [7, 8]], \"height\": 2}, {\"type\": \"stone\", \"coords\": [[5, 4], [5, 5], [6, 4], [6, 5]], \"height\": 3}]','[{\"x\": 0, \"z\": 0}, {\"x\": 1, \"z\": 0}, {\"x\": 0, \"z\": 1}]','[{\"x\": 8, \"z\": 8}, {\"x\": 7, \"z\": 8}, {\"x\": 8, \"z\": 7}]'),(177,16,2,'쓰루가오카','학강 팔번궁의 전투',0,3,11,13,255,125,'jp_mountain',10,10,'stone','[{\"type\": \"water\", \"coords\": [[2, 2], [2, 3], [3, 2], [3, 3]], \"height\": 2}, {\"type\": \"dark\", \"coords\": [[5, 4]], \"height\": 1}, {\"type\": \"stone\", \"coords\": [[6, 3], [6, 4], [6, 5], [7, 3], [7, 4], [7, 5], [8, 3], [8, 4], [8, 5]], \"height\": 2}]','[{\"x\": 0, \"z\": 0}, {\"x\": 1, \"z\": 0}, {\"x\": 0, \"z\": 1}]','[{\"x\": 9, \"z\": 9}, {\"x\": 8, \"z\": 9}, {\"x\": 9, \"z\": 8}]'),(178,16,3,'대불 앞','가마쿠라 대불의 수호',0,3,12,14,270,130,'jp_mountain',10,10,'stone','[{\"type\": \"water\", \"coords\": [[2, 6], [2, 7], [3, 6], [3, 7]], \"height\": 2}, {\"type\": \"dirt\", \"coords\": [[8, 4]], \"height\": 2}, {\"type\": \"dark\", \"coords\": [[7, 2], [7, 3], [7, 4], [8, 2], [8, 3], [8, 4], [9, 2], [9, 3], [9, 4]], \"height\": 3}]','[{\"x\": 0, \"z\": 0}, {\"x\": 1, \"z\": 0}, {\"x\": 0, \"z\": 1}]','[{\"x\": 9, \"z\": 9}, {\"x\": 8, \"z\": 9}, {\"x\": 9, \"z\": 8}]'),(179,16,4,'기리시마 산성','산악 요새의 방어전',0,4,12,14,285,140,'jp_mountain',10,10,'stone','[{\"type\": \"water\", \"coords\": [[2, 2]], \"height\": 2}, {\"type\": \"grass\", \"coords\": [[4, 4], [4, 5], [5, 4], [5, 5]], \"height\": 2}, {\"type\": \"stone\", \"coords\": [[8, 8], [8, 9], [9, 8], [9, 9]], \"height\": 1}]','[{\"x\": 0, \"z\": 0}, {\"x\": 1, \"z\": 0}, {\"x\": 0, \"z\": 1}, {\"x\": 1, \"z\": 1}]','[{\"x\": 9, \"z\": 9}, {\"x\": 8, \"z\": 9}, {\"x\": 9, \"z\": 8}, {\"x\": 8, \"z\": 8}]'),(180,16,5,'겐코의 난','고다이고 천황의 반격',0,4,12,15,300,145,'jp_mountain',10,10,'grass','[{\"type\": \"water\", \"coords\": [[2, 6]], \"height\": 2}, {\"type\": \"dirt\", \"coords\": [[8, 4], [8, 5], [9, 4], [9, 5]], \"height\": 2}, {\"type\": \"dark\", \"coords\": [[2, 7]], \"height\": 2}]','[{\"x\": 0, \"z\": 0}, {\"x\": 1, \"z\": 0}, {\"x\": 0, \"z\": 1}, {\"x\": 1, \"z\": 1}]','[{\"x\": 9, \"z\": 9}, {\"x\": 8, \"z\": 9}, {\"x\": 9, \"z\": 8}, {\"x\": 8, \"z\": 8}]'),(181,16,6,'몽골 습래(1차)','원나라 함대에 맞선 방어',0,4,13,15,315,155,'jp_mountain',10,10,'stone','[{\"type\": \"water\", \"coords\": [[3, 2], [3, 3], [3, 4], [4, 2], [4, 3], [4, 4], [5, 2], [5, 3], [5, 4]], \"height\": 2}, {\"type\": \"grass\", \"coords\": [[3, 4], [3, 5], [4, 4], [4, 5]], \"height\": 2}, {\"type\": \"dirt\", \"coords\": [[3, 6], [3, 7], [3, 8], [4, 6], [4, 7], [4, 8], [5, 6], [5, 7], [5, 8]], \"height\": 3}]','[{\"x\": 0, \"z\": 0}, {\"x\": 1, \"z\": 0}, {\"x\": 0, \"z\": 1}, {\"x\": 1, \"z\": 1}]','[{\"x\": 9, \"z\": 9}, {\"x\": 8, \"z\": 9}, {\"x\": 9, \"z\": 8}, {\"x\": 8, \"z\": 8}]'),(182,16,7,'하카타만 방루','방루를 사이에 둔 전투',0,4,13,16,330,160,'jp_mountain',10,10,'stone','[{\"type\": \"water\", \"coords\": [[3, 7], [3, 8], [3, 9], [4, 7], [4, 8], [4, 9], [5, 7], [5, 8], [5, 9]], \"height\": 2}, {\"type\": \"water\", \"coords\": [[7, 4], [7, 5], [8, 4], [8, 5]], \"height\": 2}, {\"type\": \"grass\", \"coords\": [[4, 5], [4, 6], [5, 5], [5, 6]], \"height\": 1}]','[{\"x\": 0, \"z\": 0}, {\"x\": 1, \"z\": 0}, {\"x\": 0, \"z\": 1}, {\"x\": 1, \"z\": 1}]','[{\"x\": 9, \"z\": 9}, {\"x\": 8, \"z\": 9}, {\"x\": 9, \"z\": 8}, {\"x\": 8, \"z\": 8}]'),(183,16,8,'몽골 습래(2차)','신풍의 전장',0,5,14,16,350,170,'jp_mountain',10,10,'stone','[{\"type\": \"water\", \"coords\": [[3, 3], [3, 4], [4, 3], [4, 4]], \"height\": 2}, {\"type\": \"stone\", \"coords\": [[2, 4], [2, 5], [3, 4], [3, 5]], \"height\": 2}, {\"type\": \"water\", \"coords\": [[6, 3], [6, 4], [7, 3], [7, 4]], \"height\": 2}]','[{\"x\": 0, \"z\": 0}, {\"x\": 1, \"z\": 0}, {\"x\": 0, \"z\": 1}, {\"x\": 1, \"z\": 1}]','[{\"x\": 9, \"z\": 9}, {\"x\": 8, \"z\": 9}, {\"x\": 9, \"z\": 8}, {\"x\": 8, \"z\": 8}, {\"x\": 9, \"z\": 7}]'),(184,16,9,'나가사키 항','해상 결전의 전장',0,5,14,17,370,180,'jp_mountain',12,10,'stone','[{\"type\": \"stone\", \"coords\": [[5, 6], [5, 7], [5, 8], [6, 6], [6, 7], [6, 8], [7, 6], [7, 7], [7, 8]], \"height\": 2}, {\"type\": \"dirt\", \"coords\": [[6, 5], [6, 6], [6, 7], [7, 5], [7, 6], [7, 7], [8, 5], [8, 6], [8, 7]], \"height\": 2}, {\"type\": \"grass\", \"coords\": [[10, 6]], \"height\": 1}]','[{\"x\": 0, \"z\": 0}, {\"x\": 1, \"z\": 0}, {\"x\": 0, \"z\": 1}, {\"x\": 1, \"z\": 1}]','[{\"x\": 11, \"z\": 9}, {\"x\": 10, \"z\": 9}, {\"x\": 11, \"z\": 8}, {\"x\": 10, \"z\": 8}, {\"x\": 11, \"z\": 7}]'),(185,16,10,'호조 집권 결전','집권의 최후와 막부 붕괴',1,6,15,18,550,275,'jp_mountain',12,12,'stone','[{\"type\": \"water\", \"coords\": [[10, 9]], \"height\": 2}, {\"type\": \"grass\", \"coords\": [[7, 7], [7, 8], [7, 9], [8, 7], [8, 8], [8, 9], [9, 7], [9, 8], [9, 9]], \"height\": 2}, {\"type\": \"water\", \"coords\": [[9, 9]], \"height\": 1}, {\"type\": \"stone\", \"coords\": [[6, 6], [5, 6], [6, 5], [5, 5]], \"height\": 3}]','[{\"x\": 0, \"z\": 0}, {\"x\": 1, \"z\": 0}, {\"x\": 0, \"z\": 1}, {\"x\": 1, \"z\": 1}]','[{\"x\": 11, \"z\": 11}, {\"x\": 10, \"z\": 11}, {\"x\": 11, \"z\": 10}, {\"x\": 10, \"z\": 10}, {\"x\": 11, \"z\": 9}, {\"x\": 10, \"z\": 9}]'),(186,17,1,'금각사','킨카쿠지의 황금 전장',0,3,13,15,280,140,'jp_ocean',9,9,'stone','[{\"type\": \"stone\", \"coords\": [[6, 3], [6, 4], [6, 5], [7, 3], [7, 4], [7, 5], [8, 3], [8, 4], [8, 5]], \"height\": 3}, {\"type\": \"grass\", \"coords\": [[6, 7], [6, 8], [7, 7], [7, 8]], \"height\": 2}, {\"type\": \"stone\", \"coords\": [[5, 4], [5, 5], [6, 4], [6, 5]], \"height\": 3}]','[{\"x\": 0, \"z\": 0}, {\"x\": 1, \"z\": 0}, {\"x\": 0, \"z\": 1}]','[{\"x\": 8, \"z\": 8}, {\"x\": 7, \"z\": 8}, {\"x\": 8, \"z\": 7}]'),(187,17,2,'은각사','긴카쿠지의 은빛 전장',0,3,13,15,295,145,'jp_ocean',10,10,'stone','[{\"type\": \"water\", \"coords\": [[2, 2], [2, 3], [3, 2], [3, 3]], \"height\": 2}, {\"type\": \"dark\", \"coords\": [[5, 4]], \"height\": 1}, {\"type\": \"stone\", \"coords\": [[6, 3], [6, 4], [6, 5], [7, 3], [7, 4], [7, 5], [8, 3], [8, 4], [8, 5]], \"height\": 2}]','[{\"x\": 0, \"z\": 0}, {\"x\": 1, \"z\": 0}, {\"x\": 0, \"z\": 1}]','[{\"x\": 9, \"z\": 9}, {\"x\": 8, \"z\": 9}, {\"x\": 9, \"z\": 8}]'),(188,17,3,'남조 산성','남북조 분열의 전장',0,3,14,16,310,155,'jp_ocean',10,10,'stone','[{\"type\": \"water\", \"coords\": [[2, 6], [2, 7], [3, 6], [3, 7]], \"height\": 2}, {\"type\": \"dirt\", \"coords\": [[8, 4]], \"height\": 2}, {\"type\": \"dark\", \"coords\": [[7, 2], [7, 3], [7, 4], [8, 2], [8, 3], [8, 4], [9, 2], [9, 3], [9, 4]], \"height\": 3}]','[{\"x\": 0, \"z\": 0}, {\"x\": 1, \"z\": 0}, {\"x\": 0, \"z\": 1}]','[{\"x\": 9, \"z\": 9}, {\"x\": 8, \"z\": 9}, {\"x\": 9, \"z\": 8}]'),(189,17,4,'노 무대','노가쿠 무대 위의 전투',0,4,14,16,330,160,'jp_ocean',10,10,'stone','[{\"type\": \"water\", \"coords\": [[2, 2]], \"height\": 2}, {\"type\": \"grass\", \"coords\": [[4, 4], [4, 5], [5, 4], [5, 5]], \"height\": 2}, {\"type\": \"stone\", \"coords\": [[8, 8], [8, 9], [9, 8], [9, 9]], \"height\": 1}]','[{\"x\": 0, \"z\": 0}, {\"x\": 1, \"z\": 0}, {\"x\": 0, \"z\": 1}, {\"x\": 1, \"z\": 1}]','[{\"x\": 9, \"z\": 9}, {\"x\": 8, \"z\": 9}, {\"x\": 9, \"z\": 8}, {\"x\": 8, \"z\": 8}]'),(190,17,5,'정원사의 전투','가레산스이 정원의 수호',0,4,14,17,345,170,'jp_ocean',10,10,'stone','[{\"type\": \"water\", \"coords\": [[2, 6]], \"height\": 2}, {\"type\": \"dirt\", \"coords\": [[8, 4], [8, 5], [9, 4], [9, 5]], \"height\": 2}, {\"type\": \"dark\", \"coords\": [[2, 7]], \"height\": 2}]','[{\"x\": 0, \"z\": 0}, {\"x\": 1, \"z\": 0}, {\"x\": 0, \"z\": 1}, {\"x\": 1, \"z\": 1}]','[{\"x\": 9, \"z\": 9}, {\"x\": 8, \"z\": 9}, {\"x\": 9, \"z\": 8}, {\"x\": 8, \"z\": 8}]'),(191,17,6,'이코 잇키','잇코종 봉기의 전장',0,4,15,17,360,175,'jp_ocean',10,10,'grass','[{\"type\": \"water\", \"coords\": [[3, 2], [3, 3], [3, 4], [4, 2], [4, 3], [4, 4], [5, 2], [5, 3], [5, 4]], \"height\": 2}, {\"type\": \"grass\", \"coords\": [[3, 4], [3, 5], [4, 4], [4, 5]], \"height\": 2}, {\"type\": \"dirt\", \"coords\": [[3, 6], [3, 7], [3, 8], [4, 6], [4, 7], [4, 8], [5, 6], [5, 7], [5, 8]], \"height\": 3}]','[{\"x\": 0, \"z\": 0}, {\"x\": 1, \"z\": 0}, {\"x\": 0, \"z\": 1}, {\"x\": 1, \"z\": 1}]','[{\"x\": 9, \"z\": 9}, {\"x\": 8, \"z\": 9}, {\"x\": 9, \"z\": 8}, {\"x\": 8, \"z\": 8}]'),(192,17,7,'왜구 소탕','해적 왜구의 근거지',0,4,15,18,380,185,'jp_ocean',10,10,'stone','[{\"type\": \"water\", \"coords\": [[3, 7], [3, 8], [3, 9], [4, 7], [4, 8], [4, 9], [5, 7], [5, 8], [5, 9]], \"height\": 2}, {\"type\": \"water\", \"coords\": [[7, 4], [7, 5], [8, 4], [8, 5]], \"height\": 2}, {\"type\": \"grass\", \"coords\": [[4, 5], [4, 6], [5, 5], [5, 6]], \"height\": 1}]','[{\"x\": 0, \"z\": 0}, {\"x\": 1, \"z\": 0}, {\"x\": 0, \"z\": 1}, {\"x\": 1, \"z\": 1}]','[{\"x\": 9, \"z\": 9}, {\"x\": 8, \"z\": 9}, {\"x\": 9, \"z\": 8}, {\"x\": 8, \"z\": 8}]'),(193,17,8,'오닌의 난','교토를 태운 대란',0,5,16,18,400,195,'jp_ocean',10,10,'dark','[{\"type\": \"water\", \"coords\": [[3, 3], [3, 4], [4, 3], [4, 4]], \"height\": 2}, {\"type\": \"stone\", \"coords\": [[2, 4], [2, 5], [3, 4], [3, 5]], \"height\": 2}, {\"type\": \"water\", \"coords\": [[6, 3], [6, 4], [7, 3], [7, 4]], \"height\": 2}]','[{\"x\": 0, \"z\": 0}, {\"x\": 1, \"z\": 0}, {\"x\": 0, \"z\": 1}, {\"x\": 1, \"z\": 1}]','[{\"x\": 9, \"z\": 9}, {\"x\": 8, \"z\": 9}, {\"x\": 9, \"z\": 8}, {\"x\": 8, \"z\": 8}, {\"x\": 9, \"z\": 7}]'),(194,17,9,'사카이 항구','자치 도시의 방어전',0,5,16,19,420,205,'jp_ocean',12,10,'stone','[{\"type\": \"stone\", \"coords\": [[5, 6], [5, 7], [5, 8], [6, 6], [6, 7], [6, 8], [7, 6], [7, 7], [7, 8]], \"height\": 2}, {\"type\": \"dirt\", \"coords\": [[6, 5], [6, 6], [6, 7], [7, 5], [7, 6], [7, 7], [8, 5], [8, 6], [8, 7]], \"height\": 2}, {\"type\": \"grass\", \"coords\": [[10, 6]], \"height\": 1}]','[{\"x\": 0, \"z\": 0}, {\"x\": 1, \"z\": 0}, {\"x\": 0, \"z\": 1}, {\"x\": 1, \"z\": 1}]','[{\"x\": 11, \"z\": 9}, {\"x\": 10, \"z\": 9}, {\"x\": 11, \"z\": 8}, {\"x\": 10, \"z\": 8}, {\"x\": 11, \"z\": 7}]'),(195,17,10,'쿠스노키 결전','충신 쿠스노키의 최후',0,5,16,19,440,210,'jp_ocean',12,10,'grass','[{\"type\": \"stone\", \"coords\": [[6, 2], [6, 3], [6, 4], [7, 2], [7, 3], [7, 4], [8, 2], [8, 3], [8, 4]], \"height\": 2}, {\"type\": \"grass\", \"coords\": [[1, 5], [1, 6], [1, 7], [2, 5], [2, 6], [2, 7], [3, 5], [3, 6], [3, 7]], \"height\": 2}, {\"type\": \"water\", \"coords\": [[2, 5], [2, 6], [2, 7], [3, 5], [3, 6], [3, 7], [4, 5], [4, 6], [4, 7]], \"height\": 2}]','[{\"x\": 0, \"z\": 0}, {\"x\": 1, \"z\": 0}, {\"x\": 0, \"z\": 1}, {\"x\": 1, \"z\": 1}]','[{\"x\": 11, \"z\": 9}, {\"x\": 10, \"z\": 9}, {\"x\": 11, \"z\": 8}, {\"x\": 10, \"z\": 8}, {\"x\": 11, \"z\": 7}]'),(196,17,11,'아시카가 결전','무로마치 막부 최후',1,6,17,20,600,300,'jp_ocean',12,12,'stone','[{\"type\": \"water\", \"coords\": [[10, 4]], \"height\": 2}, {\"type\": \"water\", \"coords\": [[1, 7]], \"height\": 2}, {\"type\": \"stone\", \"coords\": [[10, 7], [10, 8], [10, 9], [11, 7], [11, 8], [11, 9]], \"height\": 2}, {\"type\": \"stone\", \"coords\": [[6, 6], [5, 6], [6, 5], [5, 5]], \"height\": 3}]','[{\"x\": 0, \"z\": 0}, {\"x\": 1, \"z\": 0}, {\"x\": 0, \"z\": 1}, {\"x\": 1, \"z\": 1}]','[{\"x\": 11, \"z\": 11}, {\"x\": 10, \"z\": 11}, {\"x\": 11, \"z\": 10}, {\"x\": 10, \"z\": 10}, {\"x\": 11, \"z\": 9}, {\"x\": 10, \"z\": 9}]'),(197,18,1,'오와리 평야','오다 노부나가의 출발점',0,3,16,18,350,175,'jp_mountain',10,10,'grass','[{\"type\": \"water\", \"coords\": [[2, 6], [2, 7], [2, 8], [3, 6], [3, 7], [3, 8], [4, 6], [4, 7], [4, 8]], \"height\": 2}, {\"type\": \"dirt\", \"coords\": [[1, 4]], \"height\": 1}, {\"type\": \"water\", \"coords\": [[5, 4]], \"height\": 1}]','[{\"x\": 0, \"z\": 0}, {\"x\": 1, \"z\": 0}, {\"x\": 0, \"z\": 1}]','[{\"x\": 9, \"z\": 9}, {\"x\": 8, \"z\": 9}, {\"x\": 9, \"z\": 8}]'),(198,18,2,'오케하자마','기습으로 대군을 격파한 전투',0,3,16,18,365,180,'jp_mountain',10,10,'grass','[{\"type\": \"water\", \"coords\": [[2, 2], [2, 3], [3, 2], [3, 3]], \"height\": 2}, {\"type\": \"dark\", \"coords\": [[5, 4]], \"height\": 1}, {\"type\": \"stone\", \"coords\": [[6, 3], [6, 4], [6, 5], [7, 3], [7, 4], [7, 5], [8, 3], [8, 4], [8, 5]], \"height\": 2}]','[{\"x\": 0, \"z\": 0}, {\"x\": 1, \"z\": 0}, {\"x\": 0, \"z\": 1}]','[{\"x\": 9, \"z\": 9}, {\"x\": 8, \"z\": 9}, {\"x\": 9, \"z\": 8}]'),(199,18,3,'나가시노 전투','철포대의 3단 사격전',0,4,17,19,380,190,'jp_mountain',10,10,'grass','[{\"type\": \"water\", \"coords\": [[2, 6], [2, 7], [3, 6], [3, 7]], \"height\": 2}, {\"type\": \"dirt\", \"coords\": [[8, 4]], \"height\": 2}, {\"type\": \"dark\", \"coords\": [[7, 2], [7, 3], [7, 4], [8, 2], [8, 3], [8, 4], [9, 2], [9, 3], [9, 4]], \"height\": 3}]','[{\"x\": 0, \"z\": 0}, {\"x\": 1, \"z\": 0}, {\"x\": 0, \"z\": 1}, {\"x\": 1, \"z\": 1}]','[{\"x\": 9, \"z\": 9}, {\"x\": 8, \"z\": 9}, {\"x\": 9, \"z\": 8}, {\"x\": 8, \"z\": 8}]'),(200,18,4,'아즈치성','노부나가의 거대 천수각',0,4,17,19,400,195,'jp_mountain',10,10,'stone','[{\"type\": \"water\", \"coords\": [[2, 2]], \"height\": 2}, {\"type\": \"grass\", \"coords\": [[4, 4], [4, 5], [5, 4], [5, 5]], \"height\": 2}, {\"type\": \"stone\", \"coords\": [[8, 8], [8, 9], [9, 8], [9, 9]], \"height\": 1}]','[{\"x\": 0, \"z\": 0}, {\"x\": 1, \"z\": 0}, {\"x\": 0, \"z\": 1}, {\"x\": 1, \"z\": 1}]','[{\"x\": 9, \"z\": 9}, {\"x\": 8, \"z\": 9}, {\"x\": 9, \"z\": 8}, {\"x\": 8, \"z\": 8}]'),(201,18,5,'혼노지의 변','배신의 불꽃이 타오른 사원',0,4,17,20,415,205,'jp_mountain',10,10,'dark','[{\"type\": \"water\", \"coords\": [[2, 6]], \"height\": 2}, {\"type\": \"dirt\", \"coords\": [[8, 4], [8, 5], [9, 4], [9, 5]], \"height\": 2}, {\"type\": \"dark\", \"coords\": [[2, 7]], \"height\": 2}]','[{\"x\": 0, \"z\": 0}, {\"x\": 1, \"z\": 0}, {\"x\": 0, \"z\": 1}, {\"x\": 1, \"z\": 1}]','[{\"x\": 9, \"z\": 9}, {\"x\": 8, \"z\": 9}, {\"x\": 9, \"z\": 8}, {\"x\": 8, \"z\": 8}]'),(202,18,6,'시즈가타케','히데요시의 통일 전쟁',0,4,18,20,430,210,'jp_mountain',10,10,'grass','[{\"type\": \"water\", \"coords\": [[3, 2], [3, 3], [3, 4], [4, 2], [4, 3], [4, 4], [5, 2], [5, 3], [5, 4]], \"height\": 2}, {\"type\": \"grass\", \"coords\": [[3, 4], [3, 5], [4, 4], [4, 5]], \"height\": 2}, {\"type\": \"dirt\", \"coords\": [[3, 6], [3, 7], [3, 8], [4, 6], [4, 7], [4, 8], [5, 6], [5, 7], [5, 8]], \"height\": 3}]','[{\"x\": 0, \"z\": 0}, {\"x\": 1, \"z\": 0}, {\"x\": 0, \"z\": 1}, {\"x\": 1, \"z\": 1}]','[{\"x\": 9, \"z\": 9}, {\"x\": 8, \"z\": 9}, {\"x\": 9, \"z\": 8}, {\"x\": 8, \"z\": 8}]'),(203,18,7,'오다와라 공성','호조씨 최후의 거성',0,4,18,21,450,220,'jp_mountain',10,10,'stone','[{\"type\": \"water\", \"coords\": [[3, 7], [3, 8], [3, 9], [4, 7], [4, 8], [4, 9], [5, 7], [5, 8], [5, 9]], \"height\": 2}, {\"type\": \"water\", \"coords\": [[7, 4], [7, 5], [8, 4], [8, 5]], \"height\": 2}, {\"type\": \"grass\", \"coords\": [[4, 5], [4, 6], [5, 5], [5, 6]], \"height\": 1}]','[{\"x\": 0, \"z\": 0}, {\"x\": 1, \"z\": 0}, {\"x\": 0, \"z\": 1}, {\"x\": 1, \"z\": 1}]','[{\"x\": 9, \"z\": 9}, {\"x\": 8, \"z\": 9}, {\"x\": 9, \"z\": 8}, {\"x\": 8, \"z\": 8}]'),(204,18,8,'조선 침략 진영','히데요시의 대륙 침공 거점',0,5,19,21,470,230,'jp_mountain',10,10,'stone','[{\"type\": \"water\", \"coords\": [[3, 3], [3, 4], [4, 3], [4, 4]], \"height\": 2}, {\"type\": \"stone\", \"coords\": [[2, 4], [2, 5], [3, 4], [3, 5]], \"height\": 2}, {\"type\": \"water\", \"coords\": [[6, 3], [6, 4], [7, 3], [7, 4]], \"height\": 2}]','[{\"x\": 0, \"z\": 0}, {\"x\": 1, \"z\": 0}, {\"x\": 0, \"z\": 1}, {\"x\": 1, \"z\": 1}]','[{\"x\": 9, \"z\": 9}, {\"x\": 8, \"z\": 9}, {\"x\": 9, \"z\": 8}, {\"x\": 8, \"z\": 8}, {\"x\": 9, \"z\": 7}]'),(205,18,9,'후시미성','히데요시 최후의 성',0,5,19,22,490,240,'jp_mountain',12,10,'stone','[{\"type\": \"stone\", \"coords\": [[5, 6], [5, 7], [5, 8], [6, 6], [6, 7], [6, 8], [7, 6], [7, 7], [7, 8]], \"height\": 2}, {\"type\": \"dirt\", \"coords\": [[6, 5], [6, 6], [6, 7], [7, 5], [7, 6], [7, 7], [8, 5], [8, 6], [8, 7]], \"height\": 2}, {\"type\": \"grass\", \"coords\": [[10, 6]], \"height\": 1}]','[{\"x\": 0, \"z\": 0}, {\"x\": 1, \"z\": 0}, {\"x\": 0, \"z\": 1}, {\"x\": 1, \"z\": 1}]','[{\"x\": 11, \"z\": 9}, {\"x\": 10, \"z\": 9}, {\"x\": 11, \"z\": 8}, {\"x\": 10, \"z\": 8}, {\"x\": 11, \"z\": 7}]'),(206,18,10,'세키가하라 전야','천하 분수령의 전야',0,5,19,22,510,250,'jp_mountain',12,10,'grass','[{\"type\": \"stone\", \"coords\": [[6, 2], [6, 3], [6, 4], [7, 2], [7, 3], [7, 4], [8, 2], [8, 3], [8, 4]], \"height\": 2}, {\"type\": \"grass\", \"coords\": [[1, 5], [1, 6], [1, 7], [2, 5], [2, 6], [2, 7], [3, 5], [3, 6], [3, 7]], \"height\": 2}, {\"type\": \"water\", \"coords\": [[2, 5], [2, 6], [2, 7], [3, 5], [3, 6], [3, 7], [4, 5], [4, 6], [4, 7]], \"height\": 2}]','[{\"x\": 0, \"z\": 0}, {\"x\": 1, \"z\": 0}, {\"x\": 0, \"z\": 1}, {\"x\": 1, \"z\": 1}]','[{\"x\": 11, \"z\": 9}, {\"x\": 10, \"z\": 9}, {\"x\": 11, \"z\": 8}, {\"x\": 10, \"z\": 8}, {\"x\": 11, \"z\": 7}]'),(207,18,11,'세키가하라 결전','동군 vs 서군 천하 결전',0,5,20,23,530,260,'jp_mountain',12,10,'grass','[{\"type\": \"stone\", \"coords\": [[6, 6], [6, 7], [7, 6], [7, 7]], \"height\": 2}, {\"type\": \"water\", \"coords\": [[5, 5], [5, 6], [5, 7], [6, 5], [6, 6], [6, 7], [7, 5], [7, 6], [7, 7]], \"height\": 3}, {\"type\": \"stone\", \"coords\": [[4, 4], [4, 5], [4, 6], [5, 4], [5, 5], [5, 6], [6, 4], [6, 5], [6, 6]], \"height\": 3}]','[{\"x\": 0, \"z\": 0}, {\"x\": 1, \"z\": 0}, {\"x\": 0, \"z\": 1}, {\"x\": 1, \"z\": 1}]','[{\"x\": 11, \"z\": 9}, {\"x\": 10, \"z\": 9}, {\"x\": 11, \"z\": 8}, {\"x\": 10, \"z\": 8}, {\"x\": 11, \"z\": 7}]'),(208,18,12,'오사카 여름 진','도요토미 가문 최후의 전투',0,5,20,23,550,270,'jp_mountain',12,10,'stone','[{\"type\": \"stone\", \"coords\": [[6, 2], [6, 3], [7, 2], [7, 3]], \"height\": 2}, {\"type\": \"grass\", \"coords\": [[10, 5], [10, 6], [10, 7], [11, 5], [11, 6], [11, 7]], \"height\": 3}, {\"type\": \"water\", \"coords\": [[5, 2], [5, 3], [6, 2], [6, 3]], \"height\": 1}]','[{\"x\": 0, \"z\": 0}, {\"x\": 1, \"z\": 0}, {\"x\": 0, \"z\": 1}, {\"x\": 1, \"z\": 1}]','[{\"x\": 11, \"z\": 9}, {\"x\": 10, \"z\": 9}, {\"x\": 11, \"z\": 8}, {\"x\": 10, \"z\": 8}, {\"x\": 11, \"z\": 7}]'),(209,18,13,'오다 노부나가 결전','제6천마왕의 최종 시련',1,6,21,25,750,375,'jp_mountain',14,12,'dark','[{\"type\": \"stone\", \"coords\": [[3, 3]], \"height\": 2}, {\"type\": \"dirt\", \"coords\": [[11, 8]], \"height\": 2}, {\"type\": \"grass\", \"coords\": [[6, 9], [6, 10], [7, 9], [7, 10]], \"height\": 2}, {\"type\": \"stone\", \"coords\": [[7, 6], [6, 6], [7, 5], [6, 5]], \"height\": 3}]','[{\"x\": 0, \"z\": 0}, {\"x\": 1, \"z\": 0}, {\"x\": 0, \"z\": 1}, {\"x\": 1, \"z\": 1}]','[{\"x\": 13, \"z\": 11}, {\"x\": 12, \"z\": 11}, {\"x\": 13, \"z\": 10}, {\"x\": 12, \"z\": 10}, {\"x\": 13, \"z\": 9}, {\"x\": 12, \"z\": 9}]'),(210,19,1,'에도성 입구','도쿠가와의 거대 성곽',0,3,19,21,420,210,'jp_spirit',10,10,'stone','[{\"type\": \"water\", \"coords\": [[2, 6], [2, 7], [2, 8], [3, 6], [3, 7], [3, 8], [4, 6], [4, 7], [4, 8]], \"height\": 2}, {\"type\": \"dirt\", \"coords\": [[1, 4]], \"height\": 1}, {\"type\": \"water\", \"coords\": [[5, 4]], \"height\": 1}]','[{\"x\": 0, \"z\": 0}, {\"x\": 1, \"z\": 0}, {\"x\": 0, \"z\": 1}]','[{\"x\": 9, \"z\": 9}, {\"x\": 8, \"z\": 9}, {\"x\": 9, \"z\": 8}]'),(211,19,2,'닛코 도쇼궁','이에야스의 영묘',0,3,19,21,440,215,'jp_spirit',10,10,'stone','[{\"type\": \"water\", \"coords\": [[2, 2], [2, 3], [3, 2], [3, 3]], \"height\": 2}, {\"type\": \"dark\", \"coords\": [[5, 4]], \"height\": 1}, {\"type\": \"stone\", \"coords\": [[6, 3], [6, 4], [6, 5], [7, 3], [7, 4], [7, 5], [8, 3], [8, 4], [8, 5]], \"height\": 2}]','[{\"x\": 0, \"z\": 0}, {\"x\": 1, \"z\": 0}, {\"x\": 0, \"z\": 1}]','[{\"x\": 9, \"z\": 9}, {\"x\": 8, \"z\": 9}, {\"x\": 9, \"z\": 8}]'),(212,19,3,'요시와라 거리','환락가의 야간 전투',0,4,20,22,460,225,'jp_spirit',10,10,'stone','[{\"type\": \"water\", \"coords\": [[2, 6], [2, 7], [3, 6], [3, 7]], \"height\": 2}, {\"type\": \"dirt\", \"coords\": [[8, 4]], \"height\": 2}, {\"type\": \"dark\", \"coords\": [[7, 2], [7, 3], [7, 4], [8, 2], [8, 3], [8, 4], [9, 2], [9, 3], [9, 4]], \"height\": 3}]','[{\"x\": 0, \"z\": 0}, {\"x\": 1, \"z\": 0}, {\"x\": 0, \"z\": 1}, {\"x\": 1, \"z\": 1}]','[{\"x\": 9, \"z\": 9}, {\"x\": 8, \"z\": 9}, {\"x\": 9, \"z\": 8}, {\"x\": 8, \"z\": 8}]'),(213,19,4,'충신장 저택','47인의 낭인 습격',0,4,20,22,480,235,'jp_spirit',10,10,'stone','[{\"type\": \"water\", \"coords\": [[2, 2]], \"height\": 2}, {\"type\": \"grass\", \"coords\": [[4, 4], [4, 5], [5, 4], [5, 5]], \"height\": 2}, {\"type\": \"stone\", \"coords\": [[8, 8], [8, 9], [9, 8], [9, 9]], \"height\": 1}]','[{\"x\": 0, \"z\": 0}, {\"x\": 1, \"z\": 0}, {\"x\": 0, \"z\": 1}, {\"x\": 1, \"z\": 1}]','[{\"x\": 9, \"z\": 9}, {\"x\": 8, \"z\": 9}, {\"x\": 9, \"z\": 8}, {\"x\": 8, \"z\": 8}]'),(214,19,5,'시마바라 전투','기독교도 봉기의 전장',0,4,20,23,500,245,'jp_spirit',10,10,'stone','[{\"type\": \"water\", \"coords\": [[2, 6]], \"height\": 2}, {\"type\": \"dirt\", \"coords\": [[8, 4], [8, 5], [9, 4], [9, 5]], \"height\": 2}, {\"type\": \"dark\", \"coords\": [[2, 7]], \"height\": 2}]','[{\"x\": 0, \"z\": 0}, {\"x\": 1, \"z\": 0}, {\"x\": 0, \"z\": 1}, {\"x\": 1, \"z\": 1}]','[{\"x\": 9, \"z\": 9}, {\"x\": 8, \"z\": 9}, {\"x\": 9, \"z\": 8}, {\"x\": 8, \"z\": 8}]'),(215,19,6,'데지마 무역관','네덜란드 무역의 거점',0,4,21,23,520,255,'jp_spirit',10,10,'stone','[{\"type\": \"water\", \"coords\": [[3, 2], [3, 3], [3, 4], [4, 2], [4, 3], [4, 4], [5, 2], [5, 3], [5, 4]], \"height\": 2}, {\"type\": \"grass\", \"coords\": [[3, 4], [3, 5], [4, 4], [4, 5]], \"height\": 2}, {\"type\": \"dirt\", \"coords\": [[3, 6], [3, 7], [3, 8], [4, 6], [4, 7], [4, 8], [5, 6], [5, 7], [5, 8]], \"height\": 3}]','[{\"x\": 0, \"z\": 0}, {\"x\": 1, \"z\": 0}, {\"x\": 0, \"z\": 1}, {\"x\": 1, \"z\": 1}]','[{\"x\": 9, \"z\": 9}, {\"x\": 8, \"z\": 9}, {\"x\": 9, \"z\": 8}, {\"x\": 8, \"z\": 8}]'),(216,19,7,'오쿠노호소미치','바쇼의 여행길 전투',0,4,21,24,540,265,'jp_spirit',10,10,'grass','[{\"type\": \"water\", \"coords\": [[3, 7], [3, 8], [3, 9], [4, 7], [4, 8], [4, 9], [5, 7], [5, 8], [5, 9]], \"height\": 2}, {\"type\": \"water\", \"coords\": [[7, 4], [7, 5], [8, 4], [8, 5]], \"height\": 2}, {\"type\": \"grass\", \"coords\": [[4, 5], [4, 6], [5, 5], [5, 6]], \"height\": 1}]','[{\"x\": 0, \"z\": 0}, {\"x\": 1, \"z\": 0}, {\"x\": 0, \"z\": 1}, {\"x\": 1, \"z\": 1}]','[{\"x\": 9, \"z\": 9}, {\"x\": 8, \"z\": 9}, {\"x\": 9, \"z\": 8}, {\"x\": 8, \"z\": 8}]'),(217,19,8,'페리 내항','흑선 쇼크의 전장',0,5,22,24,560,275,'jp_spirit',10,10,'stone','[{\"type\": \"water\", \"coords\": [[3, 3], [3, 4], [4, 3], [4, 4]], \"height\": 2}, {\"type\": \"stone\", \"coords\": [[2, 4], [2, 5], [3, 4], [3, 5]], \"height\": 2}, {\"type\": \"water\", \"coords\": [[6, 3], [6, 4], [7, 3], [7, 4]], \"height\": 2}]','[{\"x\": 0, \"z\": 0}, {\"x\": 1, \"z\": 0}, {\"x\": 0, \"z\": 1}, {\"x\": 1, \"z\": 1}]','[{\"x\": 9, \"z\": 9}, {\"x\": 8, \"z\": 9}, {\"x\": 9, \"z\": 8}, {\"x\": 8, \"z\": 8}, {\"x\": 9, \"z\": 7}]'),(218,19,9,'사쿠라다 문외','대로 이이 암살 현장',0,5,22,25,580,285,'jp_spirit',12,10,'stone','[{\"type\": \"stone\", \"coords\": [[5, 6], [5, 7], [5, 8], [6, 6], [6, 7], [6, 8], [7, 6], [7, 7], [7, 8]], \"height\": 2}, {\"type\": \"dirt\", \"coords\": [[6, 5], [6, 6], [6, 7], [7, 5], [7, 6], [7, 7], [8, 5], [8, 6], [8, 7]], \"height\": 2}, {\"type\": \"grass\", \"coords\": [[10, 6]], \"height\": 1}]','[{\"x\": 0, \"z\": 0}, {\"x\": 1, \"z\": 0}, {\"x\": 0, \"z\": 1}, {\"x\": 1, \"z\": 1}]','[{\"x\": 11, \"z\": 9}, {\"x\": 10, \"z\": 9}, {\"x\": 11, \"z\": 8}, {\"x\": 10, \"z\": 8}, {\"x\": 11, \"z\": 7}]'),(219,19,10,'이케다야 사건','신선조 습격 사건',0,5,22,25,600,295,'jp_spirit',12,10,'stone','[{\"type\": \"stone\", \"coords\": [[6, 2], [6, 3], [6, 4], [7, 2], [7, 3], [7, 4], [8, 2], [8, 3], [8, 4]], \"height\": 2}, {\"type\": \"grass\", \"coords\": [[1, 5], [1, 6], [1, 7], [2, 5], [2, 6], [2, 7], [3, 5], [3, 6], [3, 7]], \"height\": 2}, {\"type\": \"water\", \"coords\": [[2, 5], [2, 6], [2, 7], [3, 5], [3, 6], [3, 7], [4, 5], [4, 6], [4, 7]], \"height\": 2}]','[{\"x\": 0, \"z\": 0}, {\"x\": 1, \"z\": 0}, {\"x\": 0, \"z\": 1}, {\"x\": 1, \"z\": 1}]','[{\"x\": 11, \"z\": 9}, {\"x\": 10, \"z\": 9}, {\"x\": 11, \"z\": 8}, {\"x\": 10, \"z\": 8}, {\"x\": 11, \"z\": 7}]'),(220,19,11,'도바 후시미','보신전쟁의 서막',0,5,23,26,620,305,'jp_spirit',12,10,'grass','[{\"type\": \"stone\", \"coords\": [[6, 6], [6, 7], [7, 6], [7, 7]], \"height\": 2}, {\"type\": \"water\", \"coords\": [[5, 5], [5, 6], [5, 7], [6, 5], [6, 6], [6, 7], [7, 5], [7, 6], [7, 7]], \"height\": 3}, {\"type\": \"stone\", \"coords\": [[4, 4], [4, 5], [4, 6], [5, 4], [5, 5], [5, 6], [6, 4], [6, 5], [6, 6]], \"height\": 3}]','[{\"x\": 0, \"z\": 0}, {\"x\": 1, \"z\": 0}, {\"x\": 0, \"z\": 1}, {\"x\": 1, \"z\": 1}]','[{\"x\": 11, \"z\": 9}, {\"x\": 10, \"z\": 9}, {\"x\": 11, \"z\": 8}, {\"x\": 10, \"z\": 8}, {\"x\": 11, \"z\": 7}]'),(221,19,12,'하코다테 전투','막부군 최후의 항전',0,5,23,26,650,320,'jp_spirit',12,10,'stone','[{\"type\": \"stone\", \"coords\": [[6, 2], [6, 3], [7, 2], [7, 3]], \"height\": 2}, {\"type\": \"grass\", \"coords\": [[10, 5], [10, 6], [10, 7], [11, 5], [11, 6], [11, 7]], \"height\": 3}, {\"type\": \"water\", \"coords\": [[5, 2], [5, 3], [6, 2], [6, 3]], \"height\": 1}]','[{\"x\": 0, \"z\": 0}, {\"x\": 1, \"z\": 0}, {\"x\": 0, \"z\": 1}, {\"x\": 1, \"z\": 1}]','[{\"x\": 11, \"z\": 9}, {\"x\": 10, \"z\": 9}, {\"x\": 11, \"z\": 8}, {\"x\": 10, \"z\": 8}, {\"x\": 11, \"z\": 7}]'),(222,19,13,'에도 무혈개성','막부 종말의 전장',0,5,24,27,680,335,'jp_spirit',12,10,'stone','[{\"type\": \"stone\", \"coords\": [[6, 6]], \"height\": 2}, {\"type\": \"water\", \"coords\": [[4, 5]], \"height\": 3}, {\"type\": \"stone\", \"coords\": [[7, 1]], \"height\": 2}]','[{\"x\": 0, \"z\": 0}, {\"x\": 1, \"z\": 0}, {\"x\": 0, \"z\": 1}, {\"x\": 1, \"z\": 1}]','[{\"x\": 11, \"z\": 9}, {\"x\": 10, \"z\": 9}, {\"x\": 11, \"z\": 8}, {\"x\": 10, \"z\": 8}, {\"x\": 11, \"z\": 7}]'),(223,19,14,'미야모토 무사시','최강 검객의 최종 결전',1,7,25,28,900,450,'jp_spirit',14,14,'stone','[{\"type\": \"water\", \"coords\": [[9, 6], [9, 7], [10, 6], [10, 7]], \"height\": 3}, {\"type\": \"grass\", \"coords\": [[12, 11], [12, 12], [13, 11], [13, 12]], \"height\": 2}, {\"type\": \"water\", \"coords\": [[4, 12], [4, 13], [5, 12], [5, 13]], \"height\": 3}, {\"type\": \"stone\", \"coords\": [[7, 7], [6, 7], [7, 6], [6, 6]], \"height\": 3}]','[{\"x\": 0, \"z\": 0}, {\"x\": 1, \"z\": 0}, {\"x\": 0, \"z\": 1}, {\"x\": 1, \"z\": 1}]','[{\"x\": 13, \"z\": 13}, {\"x\": 12, \"z\": 13}, {\"x\": 13, \"z\": 12}, {\"x\": 12, \"z\": 12}, {\"x\": 13, \"z\": 11}, {\"x\": 12, \"z\": 11}, {\"x\": 13, \"z\": 10}]'),(224,20,1,'메이지 궁','근대화의 상징',0,3,22,24,500,250,'jp_spirit',10,10,'stone','[{\"type\": \"water\", \"coords\": [[2, 6], [2, 7], [2, 8], [3, 6], [3, 7], [3, 8], [4, 6], [4, 7], [4, 8]], \"height\": 2}, {\"type\": \"dirt\", \"coords\": [[1, 4]], \"height\": 1}, {\"type\": \"water\", \"coords\": [[5, 4]], \"height\": 1}]','[{\"x\": 0, \"z\": 0}, {\"x\": 1, \"z\": 0}, {\"x\": 0, \"z\": 1}]','[{\"x\": 9, \"z\": 9}, {\"x\": 8, \"z\": 9}, {\"x\": 9, \"z\": 8}]'),(225,20,2,'사이고의 거병','세이난 전쟁의 시작',0,3,22,24,520,260,'jp_spirit',10,10,'grass','[{\"type\": \"water\", \"coords\": [[2, 2], [2, 3], [3, 2], [3, 3]], \"height\": 2}, {\"type\": \"dark\", \"coords\": [[5, 4]], \"height\": 1}, {\"type\": \"stone\", \"coords\": [[6, 3], [6, 4], [6, 5], [7, 3], [7, 4], [7, 5], [8, 3], [8, 4], [8, 5]], \"height\": 2}]','[{\"x\": 0, \"z\": 0}, {\"x\": 1, \"z\": 0}, {\"x\": 0, \"z\": 1}]','[{\"x\": 9, \"z\": 9}, {\"x\": 8, \"z\": 9}, {\"x\": 9, \"z\": 8}]'),(226,20,3,'시로야마 전투','사이고 다카모리 최후',0,4,23,25,545,270,'jp_spirit',10,10,'stone','[{\"type\": \"water\", \"coords\": [[2, 6], [2, 7], [3, 6], [3, 7]], \"height\": 2}, {\"type\": \"dirt\", \"coords\": [[8, 4]], \"height\": 2}, {\"type\": \"dark\", \"coords\": [[7, 2], [7, 3], [7, 4], [8, 2], [8, 3], [8, 4], [9, 2], [9, 3], [9, 4]], \"height\": 3}]','[{\"x\": 0, \"z\": 0}, {\"x\": 1, \"z\": 0}, {\"x\": 0, \"z\": 1}, {\"x\": 1, \"z\": 1}]','[{\"x\": 9, \"z\": 9}, {\"x\": 8, \"z\": 9}, {\"x\": 9, \"z\": 8}, {\"x\": 8, \"z\": 8}]'),(227,20,4,'동경 거리','서구화 물결의 도시',0,4,23,25,565,280,'jp_spirit',10,10,'stone','[{\"type\": \"water\", \"coords\": [[2, 2]], \"height\": 2}, {\"type\": \"grass\", \"coords\": [[4, 4], [4, 5], [5, 4], [5, 5]], \"height\": 2}, {\"type\": \"stone\", \"coords\": [[8, 8], [8, 9], [9, 8], [9, 9]], \"height\": 1}]','[{\"x\": 0, \"z\": 0}, {\"x\": 1, \"z\": 0}, {\"x\": 0, \"z\": 1}, {\"x\": 1, \"z\": 1}]','[{\"x\": 9, \"z\": 9}, {\"x\": 8, \"z\": 9}, {\"x\": 9, \"z\": 8}, {\"x\": 8, \"z\": 8}]'),(228,20,5,'청일전쟁 진지','대륙 진출의 전장',0,4,24,26,590,295,'jp_spirit',10,10,'grass','[{\"type\": \"water\", \"coords\": [[2, 6]], \"height\": 2}, {\"type\": \"dirt\", \"coords\": [[8, 4], [8, 5], [9, 4], [9, 5]], \"height\": 2}, {\"type\": \"dark\", \"coords\": [[2, 7]], \"height\": 2}]','[{\"x\": 0, \"z\": 0}, {\"x\": 1, \"z\": 0}, {\"x\": 0, \"z\": 1}, {\"x\": 1, \"z\": 1}]','[{\"x\": 9, \"z\": 9}, {\"x\": 8, \"z\": 9}, {\"x\": 9, \"z\": 8}, {\"x\": 8, \"z\": 8}]'),(229,20,6,'뤼순 요새','러일전쟁의 격전지',0,4,24,26,610,305,'jp_spirit',10,10,'stone','[{\"type\": \"water\", \"coords\": [[3, 2], [3, 3], [3, 4], [4, 2], [4, 3], [4, 4], [5, 2], [5, 3], [5, 4]], \"height\": 2}, {\"type\": \"grass\", \"coords\": [[3, 4], [3, 5], [4, 4], [4, 5]], \"height\": 2}, {\"type\": \"dirt\", \"coords\": [[3, 6], [3, 7], [3, 8], [4, 6], [4, 7], [4, 8], [5, 6], [5, 7], [5, 8]], \"height\": 3}]','[{\"x\": 0, \"z\": 0}, {\"x\": 1, \"z\": 0}, {\"x\": 0, \"z\": 1}, {\"x\": 1, \"z\": 1}]','[{\"x\": 9, \"z\": 9}, {\"x\": 8, \"z\": 9}, {\"x\": 9, \"z\": 8}, {\"x\": 8, \"z\": 8}]'),(230,20,7,'쓰시마 해전','연합함대의 해전',0,5,24,27,635,315,'jp_spirit',10,10,'stone','[{\"type\": \"water\", \"coords\": [[3, 7], [3, 8], [3, 9], [4, 7], [4, 8], [4, 9], [5, 7], [5, 8], [5, 9]], \"height\": 2}, {\"type\": \"water\", \"coords\": [[7, 4], [7, 5], [8, 4], [8, 5]], \"height\": 2}, {\"type\": \"grass\", \"coords\": [[4, 5], [4, 6], [5, 5], [5, 6]], \"height\": 1}]','[{\"x\": 0, \"z\": 0}, {\"x\": 1, \"z\": 0}, {\"x\": 0, \"z\": 1}, {\"x\": 1, \"z\": 1}]','[{\"x\": 9, \"z\": 9}, {\"x\": 8, \"z\": 9}, {\"x\": 9, \"z\": 8}, {\"x\": 8, \"z\": 8}, {\"x\": 9, \"z\": 7}]'),(231,20,8,'다이쇼 데모크라시','대정 민주주의의 전장',0,5,25,27,660,330,'jp_spirit',10,10,'stone','[{\"type\": \"water\", \"coords\": [[3, 3], [3, 4], [4, 3], [4, 4]], \"height\": 2}, {\"type\": \"stone\", \"coords\": [[2, 4], [2, 5], [3, 4], [3, 5]], \"height\": 2}, {\"type\": \"water\", \"coords\": [[6, 3], [6, 4], [7, 3], [7, 4]], \"height\": 2}]','[{\"x\": 0, \"z\": 0}, {\"x\": 1, \"z\": 0}, {\"x\": 0, \"z\": 1}, {\"x\": 1, \"z\": 1}]','[{\"x\": 9, \"z\": 9}, {\"x\": 8, \"z\": 9}, {\"x\": 9, \"z\": 8}, {\"x\": 8, \"z\": 8}, {\"x\": 9, \"z\": 7}]'),(232,20,9,'관동대지진','재난 속의 혼란',0,5,25,28,685,340,'jp_spirit',12,10,'dark','[{\"type\": \"stone\", \"coords\": [[5, 6], [5, 7], [5, 8], [6, 6], [6, 7], [6, 8], [7, 6], [7, 7], [7, 8]], \"height\": 2}, {\"type\": \"dirt\", \"coords\": [[6, 5], [6, 6], [6, 7], [7, 5], [7, 6], [7, 7], [8, 5], [8, 6], [8, 7]], \"height\": 2}, {\"type\": \"grass\", \"coords\": [[10, 6]], \"height\": 1}]','[{\"x\": 0, \"z\": 0}, {\"x\": 1, \"z\": 0}, {\"x\": 0, \"z\": 1}, {\"x\": 1, \"z\": 1}]','[{\"x\": 11, \"z\": 9}, {\"x\": 10, \"z\": 9}, {\"x\": 11, \"z\": 8}, {\"x\": 10, \"z\": 8}, {\"x\": 11, \"z\": 7}]'),(233,20,10,'2·26 사건','청년 장교의 반란',0,5,25,28,710,355,'jp_spirit',12,10,'stone','[{\"type\": \"stone\", \"coords\": [[6, 2], [6, 3], [6, 4], [7, 2], [7, 3], [7, 4], [8, 2], [8, 3], [8, 4]], \"height\": 2}, {\"type\": \"grass\", \"coords\": [[1, 5], [1, 6], [1, 7], [2, 5], [2, 6], [2, 7], [3, 5], [3, 6], [3, 7]], \"height\": 2}, {\"type\": \"water\", \"coords\": [[2, 5], [2, 6], [2, 7], [3, 5], [3, 6], [3, 7], [4, 5], [4, 6], [4, 7]], \"height\": 2}]','[{\"x\": 0, \"z\": 0}, {\"x\": 1, \"z\": 0}, {\"x\": 0, \"z\": 1}, {\"x\": 1, \"z\": 1}]','[{\"x\": 11, \"z\": 9}, {\"x\": 10, \"z\": 9}, {\"x\": 11, \"z\": 8}, {\"x\": 10, \"z\": 8}, {\"x\": 11, \"z\": 7}]'),(234,20,11,'대본영','군국주의의 심장부',0,5,26,29,740,370,'jp_spirit',12,10,'stone','[{\"type\": \"stone\", \"coords\": [[6, 6], [6, 7], [7, 6], [7, 7]], \"height\": 2}, {\"type\": \"water\", \"coords\": [[5, 5], [5, 6], [5, 7], [6, 5], [6, 6], [6, 7], [7, 5], [7, 6], [7, 7]], \"height\": 3}, {\"type\": \"stone\", \"coords\": [[4, 4], [4, 5], [4, 6], [5, 4], [5, 5], [5, 6], [6, 4], [6, 5], [6, 6]], \"height\": 3}]','[{\"x\": 0, \"z\": 0}, {\"x\": 1, \"z\": 0}, {\"x\": 0, \"z\": 1}, {\"x\": 1, \"z\": 1}]','[{\"x\": 11, \"z\": 9}, {\"x\": 10, \"z\": 9}, {\"x\": 11, \"z\": 8}, {\"x\": 10, \"z\": 8}, {\"x\": 11, \"z\": 7}]'),(235,20,12,'히로시마 전야','종전 직전의 전투',0,5,26,29,770,385,'jp_spirit',12,10,'dark','[{\"type\": \"stone\", \"coords\": [[6, 2], [6, 3], [7, 2], [7, 3]], \"height\": 2}, {\"type\": \"grass\", \"coords\": [[10, 5], [10, 6], [10, 7], [11, 5], [11, 6], [11, 7]], \"height\": 3}, {\"type\": \"water\", \"coords\": [[5, 2], [5, 3], [6, 2], [6, 3]], \"height\": 1}]','[{\"x\": 0, \"z\": 0}, {\"x\": 1, \"z\": 0}, {\"x\": 0, \"z\": 1}, {\"x\": 1, \"z\": 1}]','[{\"x\": 11, \"z\": 9}, {\"x\": 10, \"z\": 9}, {\"x\": 11, \"z\": 8}, {\"x\": 10, \"z\": 8}, {\"x\": 11, \"z\": 7}]'),(236,20,13,'옥음방송','항복 직전의 최후 전투',0,6,27,30,800,400,'jp_spirit',12,12,'stone','[{\"type\": \"water\", \"coords\": [[1, 5], [1, 6], [1, 7], [2, 5], [2, 6], [2, 7], [3, 5], [3, 6], [3, 7]], \"height\": 2}, {\"type\": \"water\", \"coords\": [[10, 7]], \"height\": 2}, {\"type\": \"stone\", \"coords\": [[3, 4], [3, 5], [4, 4], [4, 5]], \"height\": 1}]','[{\"x\": 0, \"z\": 0}, {\"x\": 1, \"z\": 0}, {\"x\": 0, \"z\": 1}, {\"x\": 1, \"z\": 1}]','[{\"x\": 11, \"z\": 11}, {\"x\": 10, \"z\": 11}, {\"x\": 11, \"z\": 10}, {\"x\": 10, \"z\": 10}, {\"x\": 11, \"z\": 9}, {\"x\": 10, \"z\": 9}]'),(237,20,14,'사이고 다카모리','마지막 사무라이의 결전',0,6,27,30,840,420,'jp_spirit',12,12,'stone','[{\"type\": \"water\", \"coords\": [[1, 10], [1, 11], [2, 10], [2, 11]], \"height\": 2}, {\"type\": \"stone\", \"coords\": [[5, 7]], \"height\": 2}, {\"type\": \"dark\", \"coords\": [[5, 2]], \"height\": 2}]','[{\"x\": 0, \"z\": 0}, {\"x\": 1, \"z\": 0}, {\"x\": 0, \"z\": 1}, {\"x\": 1, \"z\": 1}]','[{\"x\": 11, \"z\": 11}, {\"x\": 10, \"z\": 11}, {\"x\": 11, \"z\": 10}, {\"x\": 10, \"z\": 10}, {\"x\": 11, \"z\": 9}, {\"x\": 10, \"z\": 9}]'),(238,20,15,'일본 역사 최종전','일본 역사의 모든 힘이 모인 결전',1,7,28,32,1200,600,'jp_spirit',14,14,'dark','[{\"type\": \"water\", \"coords\": [[9, 12], [9, 13], [10, 12], [10, 13]], \"height\": 2}, {\"type\": \"water\", \"coords\": [[5, 11], [5, 12], [6, 11], [6, 12]], \"height\": 2}, {\"type\": \"stone\", \"coords\": [[6, 10]], \"height\": 1}, {\"type\": \"stone\", \"coords\": [[7, 7], [6, 7], [7, 6], [6, 6]], \"height\": 3}]','[{\"x\": 0, \"z\": 0}, {\"x\": 1, \"z\": 0}, {\"x\": 0, \"z\": 1}, {\"x\": 1, \"z\": 1}]','[{\"x\": 13, \"z\": 13}, {\"x\": 12, \"z\": 13}, {\"x\": 13, \"z\": 12}, {\"x\": 12, \"z\": 12}, {\"x\": 13, \"z\": 11}, {\"x\": 12, \"z\": 11}, {\"x\": 13, \"z\": 10}]'),(239,21,1,'하왕조 도읍','대우가 세운 최초의 왕조',0,2,1,2,80,40,'cn_forest',8,8,'grass','[{\"type\": \"water\", \"coords\": [[4, 1], [4, 2], [4, 3], [5, 1], [5, 2], [5, 3], [6, 1], [6, 2], [6, 3]], \"height\": 2}, {\"type\": \"water\", \"coords\": [[4, 2], [4, 3], [4, 4], [5, 2], [5, 3], [5, 4], [6, 2], [6, 3], [6, 4]], \"height\": 2}, {\"type\": \"dark\", \"coords\": [[4, 5], [4, 6], [4, 7], [5, 5], [5, 6], [5, 7], [6, 5], [6, 6], [6, 7]], \"height\": 1}]','[{\"x\": 0, \"z\": 0}, {\"x\": 1, \"z\": 0}]','[{\"x\": 7, \"z\": 7}, {\"x\": 6, \"z\": 7}]'),(240,21,2,'은허 유적','갑골문자가 발견된 상나라 수도',0,2,1,2,90,45,'cn_forest',8,8,'stone','[{\"type\": \"water\", \"coords\": [[4, 4], [4, 5], [5, 4], [5, 5]], \"height\": 2}, {\"type\": \"grass\", \"coords\": [[1, 2]], \"height\": 2}, {\"type\": \"stone\", \"coords\": [[5, 4], [5, 5], [6, 4], [6, 5]], \"height\": 2}]','[{\"x\": 0, \"z\": 0}, {\"x\": 1, \"z\": 0}]','[{\"x\": 7, \"z\": 7}, {\"x\": 6, \"z\": 7}]'),(241,21,3,'청동기 제단','제사에 쓰인 청동 예기의 전장',0,3,1,3,100,50,'cn_forest',9,9,'stone','[{\"type\": \"stone\", \"coords\": [[7, 3], [7, 4], [8, 3], [8, 4]], \"height\": 3}, {\"type\": \"grass\", \"coords\": [[6, 7], [6, 8], [7, 7], [7, 8], [8, 7], [8, 8]], \"height\": 2}, {\"type\": \"stone\", \"coords\": [[7, 2]], \"height\": 1}]','[{\"x\": 0, \"z\": 0}, {\"x\": 1, \"z\": 0}, {\"x\": 0, \"z\": 1}]','[{\"x\": 8, \"z\": 8}, {\"x\": 7, \"z\": 8}, {\"x\": 8, \"z\": 7}]'),(242,21,4,'무정의 원정','상나라 무정 왕의 전쟁',0,3,2,3,110,55,'cn_forest',9,8,'grass','[{\"type\": \"dirt\", \"coords\": [[5, 1], [5, 2], [6, 1], [6, 2]], \"height\": 3}, {\"type\": \"grass\", \"coords\": [[3, 3]], \"height\": 2}, {\"type\": \"dark\", \"coords\": [[2, 6]], \"height\": 3}]','[{\"x\": 0, \"z\": 0}, {\"x\": 1, \"z\": 0}, {\"x\": 0, \"z\": 1}]','[{\"x\": 8, \"z\": 7}, {\"x\": 7, \"z\": 7}, {\"x\": 8, \"z\": 6}]'),(243,21,5,'사모무 대정','거대 청동 솥의 수호',0,3,2,4,120,60,'cn_forest',10,8,'stone','[{\"type\": \"stone\", \"coords\": [[7, 1], [7, 2], [8, 1], [8, 2]], \"height\": 2}, {\"type\": \"dirt\", \"coords\": [[3, 3], [3, 4], [4, 3], [4, 4]], \"height\": 3}, {\"type\": \"dark\", \"coords\": [[4, 4], [4, 5], [4, 6], [5, 4], [5, 5], [5, 6], [6, 4], [6, 5], [6, 6]], \"height\": 3}]','[{\"x\": 0, \"z\": 0}, {\"x\": 1, \"z\": 0}, {\"x\": 0, \"z\": 1}]','[{\"x\": 9, \"z\": 7}, {\"x\": 8, \"z\": 7}, {\"x\": 9, \"z\": 6}]'),(244,21,6,'달기의 궁전','요녀 달기의 마법 궁전',0,3,2,4,130,65,'cn_forest',10,9,'dark','[{\"type\": \"grass\", \"coords\": [[1, 3]], \"height\": 2}, {\"type\": \"water\", \"coords\": [[5, 7], [5, 8], [6, 7], [6, 8], [7, 7], [7, 8]], \"height\": 2}, {\"type\": \"dirt\", \"coords\": [[4, 4]], \"height\": 3}]','[{\"x\": 0, \"z\": 0}, {\"x\": 1, \"z\": 0}, {\"x\": 0, \"z\": 1}]','[{\"x\": 9, \"z\": 8}, {\"x\": 8, \"z\": 8}, {\"x\": 9, \"z\": 7}]'),(245,21,7,'조가성','상나라 수도의 방어',0,4,3,5,140,70,'cn_forest',10,10,'stone','[{\"type\": \"water\", \"coords\": [[3, 7], [3, 8], [3, 9], [4, 7], [4, 8], [4, 9], [5, 7], [5, 8], [5, 9]], \"height\": 2}, {\"type\": \"water\", \"coords\": [[7, 4], [7, 5], [8, 4], [8, 5]], \"height\": 2}, {\"type\": \"grass\", \"coords\": [[4, 5], [4, 6], [5, 5], [5, 6]], \"height\": 1}]','[{\"x\": 0, \"z\": 0}, {\"x\": 1, \"z\": 0}, {\"x\": 0, \"z\": 1}, {\"x\": 1, \"z\": 1}]','[{\"x\": 9, \"z\": 9}, {\"x\": 8, \"z\": 9}, {\"x\": 9, \"z\": 8}, {\"x\": 8, \"z\": 8}]'),(246,21,8,'목야 전야','주 무왕의 출전 전야',0,4,3,5,155,75,'cn_forest',10,10,'grass','[{\"type\": \"water\", \"coords\": [[3, 3], [3, 4], [4, 3], [4, 4]], \"height\": 2}, {\"type\": \"stone\", \"coords\": [[2, 4], [2, 5], [3, 4], [3, 5]], \"height\": 2}, {\"type\": \"water\", \"coords\": [[6, 3], [6, 4], [7, 3], [7, 4]], \"height\": 2}]','[{\"x\": 0, \"z\": 0}, {\"x\": 1, \"z\": 0}, {\"x\": 0, \"z\": 1}, {\"x\": 1, \"z\": 1}]','[{\"x\": 9, \"z\": 9}, {\"x\": 8, \"z\": 9}, {\"x\": 9, \"z\": 8}, {\"x\": 8, \"z\": 8}]'),(247,21,9,'봉신대','신들을 봉인하는 전장',0,4,3,5,170,80,'cn_forest',10,10,'dark','[{\"type\": \"water\", \"coords\": [[3, 7], [3, 8], [4, 7], [4, 8]], \"height\": 2}, {\"type\": \"water\", \"coords\": [[6, 4], [6, 5], [6, 6], [7, 4], [7, 5], [7, 6], [8, 4], [8, 5], [8, 6]], \"height\": 2}, {\"type\": \"stone\", \"coords\": [[7, 2]], \"height\": 3}]','[{\"x\": 0, \"z\": 0}, {\"x\": 1, \"z\": 0}, {\"x\": 0, \"z\": 1}, {\"x\": 1, \"z\": 1}]','[{\"x\": 9, \"z\": 9}, {\"x\": 8, \"z\": 9}, {\"x\": 9, \"z\": 8}, {\"x\": 8, \"z\": 8}]'),(248,21,10,'주왕의 최후','상나라 멸망의 결전',1,5,4,6,250,120,'cn_forest',12,12,'dark','[{\"type\": \"water\", \"coords\": [[10, 9]], \"height\": 2}, {\"type\": \"grass\", \"coords\": [[7, 7], [7, 8], [7, 9], [8, 7], [8, 8], [8, 9], [9, 7], [9, 8], [9, 9]], \"height\": 2}, {\"type\": \"water\", \"coords\": [[9, 9]], \"height\": 1}, {\"type\": \"stone\", \"coords\": [[6, 6], [5, 6], [6, 5], [5, 5]], \"height\": 3}]','[{\"x\": 0, \"z\": 0}, {\"x\": 1, \"z\": 0}, {\"x\": 0, \"z\": 1}, {\"x\": 1, \"z\": 1}]','[{\"x\": 11, \"z\": 11}, {\"x\": 10, \"z\": 11}, {\"x\": 11, \"z\": 10}, {\"x\": 10, \"z\": 10}, {\"x\": 11, \"z\": 9}]'),(249,22,1,'호경 도읍','서주의 수도',0,2,3,4,100,50,'cn_mountain',8,8,'stone','[{\"type\": \"water\", \"coords\": [[4, 1], [4, 2], [4, 3], [5, 1], [5, 2], [5, 3], [6, 1], [6, 2], [6, 3]], \"height\": 2}, {\"type\": \"water\", \"coords\": [[4, 2], [4, 3], [4, 4], [5, 2], [5, 3], [5, 4], [6, 2], [6, 3], [6, 4]], \"height\": 2}, {\"type\": \"dark\", \"coords\": [[4, 5], [4, 6], [4, 7], [5, 5], [5, 6], [5, 7], [6, 5], [6, 6], [6, 7]], \"height\": 1}]','[{\"x\": 0, \"z\": 0}, {\"x\": 1, \"z\": 0}]','[{\"x\": 7, \"z\": 7}, {\"x\": 6, \"z\": 7}]'),(250,22,2,'봉화대','봉화를 올린 포사의 전장',0,3,3,5,110,55,'cn_mountain',8,9,'stone','[{\"type\": \"dirt\", \"coords\": [[5, 4], [5, 5], [6, 4], [6, 5]], \"height\": 2}, {\"type\": \"water\", \"coords\": [[5, 6], [5, 7], [6, 6], [6, 7]], \"height\": 2}, {\"type\": \"dirt\", \"coords\": [[4, 5]], \"height\": 2}]','[{\"x\": 0, \"z\": 0}, {\"x\": 1, \"z\": 0}, {\"x\": 0, \"z\": 1}]','[{\"x\": 7, \"z\": 8}, {\"x\": 6, \"z\": 8}, {\"x\": 7, \"z\": 7}]'),(251,22,3,'낙읍 천도','동주로의 천도',0,3,4,5,120,60,'cn_mountain',9,9,'stone','[{\"type\": \"stone\", \"coords\": [[7, 3], [7, 4], [8, 3], [8, 4]], \"height\": 3}, {\"type\": \"grass\", \"coords\": [[6, 7], [6, 8], [7, 7], [7, 8], [8, 7], [8, 8]], \"height\": 2}, {\"type\": \"stone\", \"coords\": [[7, 2]], \"height\": 1}]','[{\"x\": 0, \"z\": 0}, {\"x\": 1, \"z\": 0}, {\"x\": 0, \"z\": 1}]','[{\"x\": 8, \"z\": 8}, {\"x\": 7, \"z\": 8}, {\"x\": 8, \"z\": 7}]'),(252,22,4,'제환공의 회맹','첫 번째 패자의 전장',0,3,4,6,130,65,'cn_mountain',10,9,'grass','[{\"type\": \"grass\", \"coords\": [[8, 3], [8, 4], [9, 3], [9, 4]], \"height\": 2}, {\"type\": \"dirt\", \"coords\": [[6, 7], [6, 8], [7, 7], [7, 8], [8, 7], [8, 8]], \"height\": 2}, {\"type\": \"stone\", \"coords\": [[2, 6], [2, 7], [2, 8], [3, 6], [3, 7], [3, 8], [4, 6], [4, 7], [4, 8]], \"height\": 1}]','[{\"x\": 0, \"z\": 0}, {\"x\": 1, \"z\": 0}, {\"x\": 0, \"z\": 1}]','[{\"x\": 9, \"z\": 8}, {\"x\": 8, \"z\": 8}, {\"x\": 9, \"z\": 7}]'),(253,22,5,'진문공의 전장','19년 유랑 끝의 복귀',0,3,4,6,140,70,'cn_mountain',10,10,'grass','[{\"type\": \"water\", \"coords\": [[2, 6]], \"height\": 2}, {\"type\": \"dirt\", \"coords\": [[8, 4], [8, 5], [9, 4], [9, 5]], \"height\": 2}, {\"type\": \"dark\", \"coords\": [[2, 7]], \"height\": 2}]','[{\"x\": 0, \"z\": 0}, {\"x\": 1, \"z\": 0}, {\"x\": 0, \"z\": 1}]','[{\"x\": 9, \"z\": 9}, {\"x\": 8, \"z\": 9}, {\"x\": 9, \"z\": 8}]'),(254,22,6,'오월동주','오나라와 월나라의 쟁패',0,4,5,7,155,75,'cn_mountain',10,10,'grass','[{\"type\": \"water\", \"coords\": [[3, 2], [3, 3], [3, 4], [4, 2], [4, 3], [4, 4], [5, 2], [5, 3], [5, 4]], \"height\": 2}, {\"type\": \"grass\", \"coords\": [[3, 4], [3, 5], [4, 4], [4, 5]], \"height\": 2}, {\"type\": \"dirt\", \"coords\": [[3, 6], [3, 7], [3, 8], [4, 6], [4, 7], [4, 8], [5, 6], [5, 7], [5, 8]], \"height\": 3}]','[{\"x\": 0, \"z\": 0}, {\"x\": 1, \"z\": 0}, {\"x\": 0, \"z\": 1}, {\"x\": 1, \"z\": 1}]','[{\"x\": 9, \"z\": 9}, {\"x\": 8, \"z\": 9}, {\"x\": 9, \"z\": 8}, {\"x\": 8, \"z\": 8}]'),(255,22,7,'손자병법 연무장','손자가 훈련한 전장',0,4,5,7,170,80,'cn_mountain',10,10,'grass','[{\"type\": \"water\", \"coords\": [[3, 7], [3, 8], [3, 9], [4, 7], [4, 8], [4, 9], [5, 7], [5, 8], [5, 9]], \"height\": 2}, {\"type\": \"water\", \"coords\": [[7, 4], [7, 5], [8, 4], [8, 5]], \"height\": 2}, {\"type\": \"grass\", \"coords\": [[4, 5], [4, 6], [5, 5], [5, 6]], \"height\": 1}]','[{\"x\": 0, \"z\": 0}, {\"x\": 1, \"z\": 0}, {\"x\": 0, \"z\": 1}, {\"x\": 1, \"z\": 1}]','[{\"x\": 9, \"z\": 9}, {\"x\": 8, \"z\": 9}, {\"x\": 9, \"z\": 8}, {\"x\": 8, \"z\": 8}]'),(256,22,8,'장평 전야','장평대전 직전의 전투',0,4,5,8,185,90,'cn_mountain',10,10,'stone','[{\"type\": \"water\", \"coords\": [[3, 3], [3, 4], [4, 3], [4, 4]], \"height\": 2}, {\"type\": \"stone\", \"coords\": [[2, 4], [2, 5], [3, 4], [3, 5]], \"height\": 2}, {\"type\": \"water\", \"coords\": [[6, 3], [6, 4], [7, 3], [7, 4]], \"height\": 2}]','[{\"x\": 0, \"z\": 0}, {\"x\": 1, \"z\": 0}, {\"x\": 0, \"z\": 1}, {\"x\": 1, \"z\": 1}]','[{\"x\": 9, \"z\": 9}, {\"x\": 8, \"z\": 9}, {\"x\": 9, \"z\": 8}, {\"x\": 8, \"z\": 8}]'),(257,22,9,'합종연횡','종횡가들의 책략 전장',0,4,6,8,200,95,'cn_mountain',10,10,'grass','[{\"type\": \"water\", \"coords\": [[3, 7], [3, 8], [4, 7], [4, 8]], \"height\": 2}, {\"type\": \"water\", \"coords\": [[6, 4], [6, 5], [6, 6], [7, 4], [7, 5], [7, 6], [8, 4], [8, 5], [8, 6]], \"height\": 2}, {\"type\": \"stone\", \"coords\": [[7, 2]], \"height\": 3}]','[{\"x\": 0, \"z\": 0}, {\"x\": 1, \"z\": 0}, {\"x\": 0, \"z\": 1}, {\"x\": 1, \"z\": 1}]','[{\"x\": 9, \"z\": 9}, {\"x\": 8, \"z\": 9}, {\"x\": 9, \"z\": 8}, {\"x\": 8, \"z\": 8}]'),(258,22,10,'제자백가 결전','사상가들의 힘이 모인 결전',1,5,6,9,300,150,'cn_mountain',12,12,'grass','[{\"type\": \"water\", \"coords\": [[10, 9]], \"height\": 2}, {\"type\": \"grass\", \"coords\": [[7, 7], [7, 8], [7, 9], [8, 7], [8, 8], [8, 9], [9, 7], [9, 8], [9, 9]], \"height\": 2}, {\"type\": \"water\", \"coords\": [[9, 9]], \"height\": 1}, {\"type\": \"stone\", \"coords\": [[6, 6], [5, 6], [6, 5], [5, 5]], \"height\": 3}]','[{\"x\": 0, \"z\": 0}, {\"x\": 1, \"z\": 0}, {\"x\": 0, \"z\": 1}, {\"x\": 1, \"z\": 1}]','[{\"x\": 11, \"z\": 11}, {\"x\": 10, \"z\": 11}, {\"x\": 11, \"z\": 10}, {\"x\": 10, \"z\": 10}, {\"x\": 11, \"z\": 9}]'),(259,23,1,'함양 궁전','진나라 수도의 궁전',0,3,5,7,140,70,'cn_mountain',9,9,'stone','[{\"type\": \"stone\", \"coords\": [[6, 3], [6, 4], [6, 5], [7, 3], [7, 4], [7, 5], [8, 3], [8, 4], [8, 5]], \"height\": 3}, {\"type\": \"grass\", \"coords\": [[6, 7], [6, 8], [7, 7], [7, 8]], \"height\": 2}, {\"type\": \"stone\", \"coords\": [[5, 4], [5, 5], [6, 4], [6, 5]], \"height\": 3}]','[{\"x\": 0, \"z\": 0}, {\"x\": 1, \"z\": 0}, {\"x\": 0, \"z\": 1}]','[{\"x\": 8, \"z\": 8}, {\"x\": 7, \"z\": 8}, {\"x\": 8, \"z\": 7}]'),(260,23,2,'만리장성 공사장','장성 건설 현장의 전투',0,3,5,7,150,75,'cn_mountain',9,9,'stone','[{\"type\": \"stone\", \"coords\": [[7, 7], [7, 8], [8, 7], [8, 8]], \"height\": 3}, {\"type\": \"dirt\", \"coords\": [[3, 7], [3, 8], [4, 7], [4, 8]], \"height\": 2}, {\"type\": \"dark\", \"coords\": [[6, 3]], \"height\": 1}]','[{\"x\": 0, \"z\": 0}, {\"x\": 1, \"z\": 0}, {\"x\": 0, \"z\": 1}]','[{\"x\": 8, \"z\": 8}, {\"x\": 7, \"z\": 8}, {\"x\": 8, \"z\": 7}]'),(261,23,3,'분서갱유','사상 탄압의 현장',0,3,6,8,165,80,'cn_mountain',10,10,'dark','[{\"type\": \"water\", \"coords\": [[2, 6], [2, 7], [3, 6], [3, 7]], \"height\": 2}, {\"type\": \"dirt\", \"coords\": [[8, 4]], \"height\": 2}, {\"type\": \"dark\", \"coords\": [[7, 2], [7, 3], [7, 4], [8, 2], [8, 3], [8, 4], [9, 2], [9, 3], [9, 4]], \"height\": 3}]','[{\"x\": 0, \"z\": 0}, {\"x\": 1, \"z\": 0}, {\"x\": 0, \"z\": 1}]','[{\"x\": 9, \"z\": 9}, {\"x\": 8, \"z\": 9}, {\"x\": 9, \"z\": 8}]'),(262,23,4,'아방궁','거대한 궁전의 전투',0,3,6,8,175,85,'cn_mountain',10,10,'stone','[{\"type\": \"water\", \"coords\": [[2, 2]], \"height\": 2}, {\"type\": \"grass\", \"coords\": [[4, 4], [4, 5], [5, 4], [5, 5]], \"height\": 2}, {\"type\": \"stone\", \"coords\": [[8, 8], [8, 9], [9, 8], [9, 9]], \"height\": 1}]','[{\"x\": 0, \"z\": 0}, {\"x\": 1, \"z\": 0}, {\"x\": 0, \"z\": 1}]','[{\"x\": 9, \"z\": 9}, {\"x\": 8, \"z\": 9}, {\"x\": 9, \"z\": 8}]'),(263,23,5,'형가의 암살','자객 형가의 전장',0,4,7,9,190,90,'cn_mountain',10,10,'stone','[{\"type\": \"water\", \"coords\": [[2, 6]], \"height\": 2}, {\"type\": \"dirt\", \"coords\": [[8, 4], [8, 5], [9, 4], [9, 5]], \"height\": 2}, {\"type\": \"dark\", \"coords\": [[2, 7]], \"height\": 2}]','[{\"x\": 0, \"z\": 0}, {\"x\": 1, \"z\": 0}, {\"x\": 0, \"z\": 1}, {\"x\": 1, \"z\": 1}]','[{\"x\": 9, \"z\": 9}, {\"x\": 8, \"z\": 9}, {\"x\": 9, \"z\": 8}, {\"x\": 8, \"z\": 8}]'),(264,23,6,'영정 통일전','6국을 멸한 통일 전쟁',0,4,7,9,205,95,'cn_mountain',10,10,'grass','[{\"type\": \"water\", \"coords\": [[3, 2], [3, 3], [3, 4], [4, 2], [4, 3], [4, 4], [5, 2], [5, 3], [5, 4]], \"height\": 2}, {\"type\": \"grass\", \"coords\": [[3, 4], [3, 5], [4, 4], [4, 5]], \"height\": 2}, {\"type\": \"dirt\", \"coords\": [[3, 6], [3, 7], [3, 8], [4, 6], [4, 7], [4, 8], [5, 6], [5, 7], [5, 8]], \"height\": 3}]','[{\"x\": 0, \"z\": 0}, {\"x\": 1, \"z\": 0}, {\"x\": 0, \"z\": 1}, {\"x\": 1, \"z\": 1}]','[{\"x\": 9, \"z\": 9}, {\"x\": 8, \"z\": 9}, {\"x\": 9, \"z\": 8}, {\"x\": 8, \"z\": 8}]'),(265,23,7,'직도 행군','시황제의 군사 도로',0,4,7,10,220,100,'cn_mountain',10,10,'grass','[{\"type\": \"water\", \"coords\": [[3, 7], [3, 8], [3, 9], [4, 7], [4, 8], [4, 9], [5, 7], [5, 8], [5, 9]], \"height\": 2}, {\"type\": \"water\", \"coords\": [[7, 4], [7, 5], [8, 4], [8, 5]], \"height\": 2}, {\"type\": \"grass\", \"coords\": [[4, 5], [4, 6], [5, 5], [5, 6]], \"height\": 1}]','[{\"x\": 0, \"z\": 0}, {\"x\": 1, \"z\": 0}, {\"x\": 0, \"z\": 1}, {\"x\": 1, \"z\": 1}]','[{\"x\": 9, \"z\": 9}, {\"x\": 8, \"z\": 9}, {\"x\": 9, \"z\": 8}, {\"x\": 8, \"z\": 8}]'),(266,23,8,'진시황릉','시황제의 지하 궁전',0,4,8,10,235,110,'cn_mountain',10,10,'dark','[{\"type\": \"water\", \"coords\": [[3, 3], [3, 4], [4, 3], [4, 4]], \"height\": 2}, {\"type\": \"stone\", \"coords\": [[2, 4], [2, 5], [3, 4], [3, 5]], \"height\": 2}, {\"type\": \"water\", \"coords\": [[6, 3], [6, 4], [7, 3], [7, 4]], \"height\": 2}]','[{\"x\": 0, \"z\": 0}, {\"x\": 1, \"z\": 0}, {\"x\": 0, \"z\": 1}, {\"x\": 1, \"z\": 1}]','[{\"x\": 9, \"z\": 9}, {\"x\": 8, \"z\": 9}, {\"x\": 9, \"z\": 8}, {\"x\": 8, \"z\": 8}]'),(267,23,9,'대택향 봉기','진승오광의 반란',0,4,8,11,250,115,'cn_mountain',10,10,'grass','[{\"type\": \"water\", \"coords\": [[3, 7], [3, 8], [4, 7], [4, 8]], \"height\": 2}, {\"type\": \"water\", \"coords\": [[6, 4], [6, 5], [6, 6], [7, 4], [7, 5], [7, 6], [8, 4], [8, 5], [8, 6]], \"height\": 2}, {\"type\": \"stone\", \"coords\": [[7, 2]], \"height\": 3}]','[{\"x\": 0, \"z\": 0}, {\"x\": 1, \"z\": 0}, {\"x\": 0, \"z\": 1}, {\"x\": 1, \"z\": 1}]','[{\"x\": 9, \"z\": 9}, {\"x\": 8, \"z\": 9}, {\"x\": 9, \"z\": 8}, {\"x\": 8, \"z\": 8}]'),(268,23,10,'초한쟁패 전야','유방과 항우의 결전 전야',0,5,8,11,280,125,'cn_mountain',12,10,'grass','[{\"type\": \"stone\", \"coords\": [[6, 2], [6, 3], [6, 4], [7, 2], [7, 3], [7, 4], [8, 2], [8, 3], [8, 4]], \"height\": 2}, {\"type\": \"grass\", \"coords\": [[1, 5], [1, 6], [1, 7], [2, 5], [2, 6], [2, 7], [3, 5], [3, 6], [3, 7]], \"height\": 2}, {\"type\": \"water\", \"coords\": [[2, 5], [2, 6], [2, 7], [3, 5], [3, 6], [3, 7], [4, 5], [4, 6], [4, 7]], \"height\": 2}]','[{\"x\": 0, \"z\": 0}, {\"x\": 1, \"z\": 0}, {\"x\": 0, \"z\": 1}, {\"x\": 1, \"z\": 1}]','[{\"x\": 11, \"z\": 9}, {\"x\": 10, \"z\": 9}, {\"x\": 11, \"z\": 8}, {\"x\": 10, \"z\": 8}, {\"x\": 11, \"z\": 7}]'),(269,23,11,'홍문의 연회','위기일발의 연회장',0,5,9,12,310,135,'cn_mountain',12,10,'stone','[{\"type\": \"stone\", \"coords\": [[6, 6], [6, 7], [7, 6], [7, 7]], \"height\": 2}, {\"type\": \"water\", \"coords\": [[5, 5], [5, 6], [5, 7], [6, 5], [6, 6], [6, 7], [7, 5], [7, 6], [7, 7]], \"height\": 3}, {\"type\": \"stone\", \"coords\": [[4, 4], [4, 5], [4, 6], [5, 4], [5, 5], [5, 6], [6, 4], [6, 5], [6, 6]], \"height\": 3}]','[{\"x\": 0, \"z\": 0}, {\"x\": 1, \"z\": 0}, {\"x\": 0, \"z\": 1}, {\"x\": 1, \"z\": 1}]','[{\"x\": 11, \"z\": 9}, {\"x\": 10, \"z\": 9}, {\"x\": 11, \"z\": 8}, {\"x\": 10, \"z\": 8}, {\"x\": 11, \"z\": 7}]'),(270,23,12,'병마용 결전','8천 병마용의 최종 시련',1,6,9,13,400,200,'cn_mountain',12,12,'stone','[{\"type\": \"water\", \"coords\": [[1, 9], [1, 10], [1, 11], [2, 9], [2, 10], [2, 11], [3, 9], [3, 10], [3, 11]], \"height\": 2}, {\"type\": \"grass\", \"coords\": [[6, 7]], \"height\": 2}, {\"type\": \"water\", \"coords\": [[2, 5], [2, 6], [3, 5], [3, 6]], \"height\": 3}, {\"type\": \"stone\", \"coords\": [[6, 6], [5, 6], [6, 5], [5, 5]], \"height\": 3}]','[{\"x\": 0, \"z\": 0}, {\"x\": 1, \"z\": 0}, {\"x\": 0, \"z\": 1}, {\"x\": 1, \"z\": 1}]','[{\"x\": 11, \"z\": 11}, {\"x\": 10, \"z\": 11}, {\"x\": 11, \"z\": 10}, {\"x\": 10, \"z\": 10}, {\"x\": 11, \"z\": 9}, {\"x\": 10, \"z\": 9}]'),(271,24,1,'장안 도읍','한 고조 유방의 수도',0,3,7,9,170,85,'cn_forest',9,9,'stone','[{\"type\": \"stone\", \"coords\": [[6, 3], [6, 4], [6, 5], [7, 3], [7, 4], [7, 5], [8, 3], [8, 4], [8, 5]], \"height\": 3}, {\"type\": \"grass\", \"coords\": [[6, 7], [6, 8], [7, 7], [7, 8]], \"height\": 2}, {\"type\": \"stone\", \"coords\": [[5, 4], [5, 5], [6, 4], [6, 5]], \"height\": 3}]','[{\"x\": 0, \"z\": 0}, {\"x\": 1, \"z\": 0}, {\"x\": 0, \"z\": 1}]','[{\"x\": 8, \"z\": 8}, {\"x\": 7, \"z\": 8}, {\"x\": 8, \"z\": 7}]'),(272,24,2,'초한 전장','해하 전투의 재현',0,3,7,9,180,90,'cn_forest',9,9,'grass','[{\"type\": \"stone\", \"coords\": [[7, 7], [7, 8], [8, 7], [8, 8]], \"height\": 3}, {\"type\": \"dirt\", \"coords\": [[3, 7], [3, 8], [4, 7], [4, 8]], \"height\": 2}, {\"type\": \"dark\", \"coords\": [[6, 3]], \"height\": 1}]','[{\"x\": 0, \"z\": 0}, {\"x\": 1, \"z\": 0}, {\"x\": 0, \"z\": 1}]','[{\"x\": 8, \"z\": 8}, {\"x\": 7, \"z\": 8}, {\"x\": 8, \"z\": 7}]'),(273,24,3,'흉노 접경','북방 유목민과의 전투',0,3,8,10,195,95,'cn_forest',10,10,'grass','[{\"type\": \"water\", \"coords\": [[2, 6], [2, 7], [3, 6], [3, 7]], \"height\": 2}, {\"type\": \"dirt\", \"coords\": [[8, 4]], \"height\": 2}, {\"type\": \"dark\", \"coords\": [[7, 2], [7, 3], [7, 4], [8, 2], [8, 3], [8, 4], [9, 2], [9, 3], [9, 4]], \"height\": 3}]','[{\"x\": 0, \"z\": 0}, {\"x\": 1, \"z\": 0}, {\"x\": 0, \"z\": 1}]','[{\"x\": 9, \"z\": 9}, {\"x\": 8, \"z\": 9}, {\"x\": 9, \"z\": 8}]'),(274,24,4,'장건의 서역','실크로드 개척의 전장',0,3,8,10,205,100,'cn_forest',10,10,'dirt','[{\"type\": \"water\", \"coords\": [[2, 2]], \"height\": 2}, {\"type\": \"grass\", \"coords\": [[4, 4], [4, 5], [5, 4], [5, 5]], \"height\": 2}, {\"type\": \"stone\", \"coords\": [[8, 8], [8, 9], [9, 8], [9, 9]], \"height\": 1}]','[{\"x\": 0, \"z\": 0}, {\"x\": 1, \"z\": 0}, {\"x\": 0, \"z\": 1}]','[{\"x\": 9, \"z\": 9}, {\"x\": 8, \"z\": 9}, {\"x\": 9, \"z\": 8}]'),(275,24,5,'무제의 원정','한 무제의 흉노 원정',0,4,8,11,220,105,'cn_forest',10,10,'grass','[{\"type\": \"water\", \"coords\": [[2, 6]], \"height\": 2}, {\"type\": \"dirt\", \"coords\": [[8, 4], [8, 5], [9, 4], [9, 5]], \"height\": 2}, {\"type\": \"dark\", \"coords\": [[2, 7]], \"height\": 2}]','[{\"x\": 0, \"z\": 0}, {\"x\": 1, \"z\": 0}, {\"x\": 0, \"z\": 1}, {\"x\": 1, \"z\": 1}]','[{\"x\": 9, \"z\": 9}, {\"x\": 8, \"z\": 9}, {\"x\": 9, \"z\": 8}, {\"x\": 8, \"z\": 8}]'),(276,24,6,'왕망의 신','신나라의 혼란',0,4,9,11,235,110,'cn_forest',10,10,'stone','[{\"type\": \"water\", \"coords\": [[3, 2], [3, 3], [3, 4], [4, 2], [4, 3], [4, 4], [5, 2], [5, 3], [5, 4]], \"height\": 2}, {\"type\": \"grass\", \"coords\": [[3, 4], [3, 5], [4, 4], [4, 5]], \"height\": 2}, {\"type\": \"dirt\", \"coords\": [[3, 6], [3, 7], [3, 8], [4, 6], [4, 7], [4, 8], [5, 6], [5, 7], [5, 8]], \"height\": 3}]','[{\"x\": 0, \"z\": 0}, {\"x\": 1, \"z\": 0}, {\"x\": 0, \"z\": 1}, {\"x\": 1, \"z\": 1}]','[{\"x\": 9, \"z\": 9}, {\"x\": 8, \"z\": 9}, {\"x\": 9, \"z\": 8}, {\"x\": 8, \"z\": 8}]'),(277,24,7,'적미군 봉기','농민 반란의 전장',0,4,9,12,250,120,'cn_forest',10,10,'grass','[{\"type\": \"water\", \"coords\": [[3, 7], [3, 8], [3, 9], [4, 7], [4, 8], [4, 9], [5, 7], [5, 8], [5, 9]], \"height\": 2}, {\"type\": \"water\", \"coords\": [[7, 4], [7, 5], [8, 4], [8, 5]], \"height\": 2}, {\"type\": \"grass\", \"coords\": [[4, 5], [4, 6], [5, 5], [5, 6]], \"height\": 1}]','[{\"x\": 0, \"z\": 0}, {\"x\": 1, \"z\": 0}, {\"x\": 0, \"z\": 1}, {\"x\": 1, \"z\": 1}]','[{\"x\": 9, \"z\": 9}, {\"x\": 8, \"z\": 9}, {\"x\": 9, \"z\": 8}, {\"x\": 8, \"z\": 8}]'),(278,24,8,'낙양 궁전','후한의 수도 방어',0,4,9,12,265,125,'cn_forest',10,10,'stone','[{\"type\": \"water\", \"coords\": [[3, 3], [3, 4], [4, 3], [4, 4]], \"height\": 2}, {\"type\": \"stone\", \"coords\": [[2, 4], [2, 5], [3, 4], [3, 5]], \"height\": 2}, {\"type\": \"water\", \"coords\": [[6, 3], [6, 4], [7, 3], [7, 4]], \"height\": 2}]','[{\"x\": 0, \"z\": 0}, {\"x\": 1, \"z\": 0}, {\"x\": 0, \"z\": 1}, {\"x\": 1, \"z\": 1}]','[{\"x\": 9, \"z\": 9}, {\"x\": 8, \"z\": 9}, {\"x\": 9, \"z\": 8}, {\"x\": 8, \"z\": 8}]'),(279,24,9,'황건의 난','태평도 봉기의 전장',0,5,10,13,280,135,'cn_forest',12,10,'grass','[{\"type\": \"stone\", \"coords\": [[5, 6], [5, 7], [5, 8], [6, 6], [6, 7], [6, 8], [7, 6], [7, 7], [7, 8]], \"height\": 2}, {\"type\": \"dirt\", \"coords\": [[6, 5], [6, 6], [6, 7], [7, 5], [7, 6], [7, 7], [8, 5], [8, 6], [8, 7]], \"height\": 2}, {\"type\": \"grass\", \"coords\": [[10, 6]], \"height\": 1}]','[{\"x\": 0, \"z\": 0}, {\"x\": 1, \"z\": 0}, {\"x\": 0, \"z\": 1}, {\"x\": 1, \"z\": 1}]','[{\"x\": 11, \"z\": 9}, {\"x\": 10, \"z\": 9}, {\"x\": 11, \"z\": 8}, {\"x\": 10, \"z\": 8}, {\"x\": 11, \"z\": 7}]'),(280,24,10,'한신의 결전','국사무쌍 한신의 시련',1,5,10,14,420,210,'cn_forest',12,12,'grass','[{\"type\": \"water\", \"coords\": [[10, 9]], \"height\": 2}, {\"type\": \"grass\", \"coords\": [[7, 7], [7, 8], [7, 9], [8, 7], [8, 8], [8, 9], [9, 7], [9, 8], [9, 9]], \"height\": 2}, {\"type\": \"water\", \"coords\": [[9, 9]], \"height\": 1}, {\"type\": \"stone\", \"coords\": [[6, 6], [5, 6], [6, 5], [5, 5]], \"height\": 3}]','[{\"x\": 0, \"z\": 0}, {\"x\": 1, \"z\": 0}, {\"x\": 0, \"z\": 1}, {\"x\": 1, \"z\": 1}]','[{\"x\": 11, \"z\": 11}, {\"x\": 10, \"z\": 11}, {\"x\": 11, \"z\": 10}, {\"x\": 10, \"z\": 10}, {\"x\": 11, \"z\": 9}]'),(281,25,1,'도원결의','유비·관우·장비의 맹세',0,3,9,11,200,100,'cn_swamp',9,9,'grass','[{\"type\": \"stone\", \"coords\": [[6, 3], [6, 4], [6, 5], [7, 3], [7, 4], [7, 5], [8, 3], [8, 4], [8, 5]], \"height\": 3}, {\"type\": \"grass\", \"coords\": [[6, 7], [6, 8], [7, 7], [7, 8]], \"height\": 2}, {\"type\": \"stone\", \"coords\": [[5, 4], [5, 5], [6, 4], [6, 5]], \"height\": 3}]','[{\"x\": 0, \"z\": 0}, {\"x\": 1, \"z\": 0}, {\"x\": 0, \"z\": 1}]','[{\"x\": 8, \"z\": 8}, {\"x\": 7, \"z\": 8}, {\"x\": 8, \"z\": 7}]'),(282,25,2,'호로관 전투','여포의 돌진',0,3,9,11,210,105,'cn_swamp',9,9,'stone','[{\"type\": \"stone\", \"coords\": [[7, 7], [7, 8], [8, 7], [8, 8]], \"height\": 3}, {\"type\": \"dirt\", \"coords\": [[3, 7], [3, 8], [4, 7], [4, 8]], \"height\": 2}, {\"type\": \"dark\", \"coords\": [[6, 3]], \"height\": 1}]','[{\"x\": 0, \"z\": 0}, {\"x\": 1, \"z\": 0}, {\"x\": 0, \"z\": 1}]','[{\"x\": 8, \"z\": 8}, {\"x\": 7, \"z\": 8}, {\"x\": 8, \"z\": 7}]'),(283,25,3,'관도대전','조조 vs 원소의 결전',0,3,10,12,225,110,'cn_swamp',10,10,'grass','[{\"type\": \"water\", \"coords\": [[2, 6], [2, 7], [3, 6], [3, 7]], \"height\": 2}, {\"type\": \"dirt\", \"coords\": [[8, 4]], \"height\": 2}, {\"type\": \"dark\", \"coords\": [[7, 2], [7, 3], [7, 4], [8, 2], [8, 3], [8, 4], [9, 2], [9, 3], [9, 4]], \"height\": 3}]','[{\"x\": 0, \"z\": 0}, {\"x\": 1, \"z\": 0}, {\"x\": 0, \"z\": 1}]','[{\"x\": 9, \"z\": 9}, {\"x\": 8, \"z\": 9}, {\"x\": 9, \"z\": 8}]'),(284,25,4,'삼고초려','제갈량을 찾아가는 전장',0,3,10,12,235,115,'cn_swamp',10,10,'grass','[{\"type\": \"water\", \"coords\": [[2, 2]], \"height\": 2}, {\"type\": \"grass\", \"coords\": [[4, 4], [4, 5], [5, 4], [5, 5]], \"height\": 2}, {\"type\": \"stone\", \"coords\": [[8, 8], [8, 9], [9, 8], [9, 9]], \"height\": 1}]','[{\"x\": 0, \"z\": 0}, {\"x\": 1, \"z\": 0}, {\"x\": 0, \"z\": 1}]','[{\"x\": 9, \"z\": 9}, {\"x\": 8, \"z\": 9}, {\"x\": 9, \"z\": 8}]'),(285,25,5,'적벽대전','화공으로 조조 대군을 격파',0,4,10,13,250,120,'cn_swamp',10,10,'stone','[{\"type\": \"water\", \"coords\": [[2, 6]], \"height\": 2}, {\"type\": \"dirt\", \"coords\": [[8, 4], [8, 5], [9, 4], [9, 5]], \"height\": 2}, {\"type\": \"dark\", \"coords\": [[2, 7]], \"height\": 2}]','[{\"x\": 0, \"z\": 0}, {\"x\": 1, \"z\": 0}, {\"x\": 0, \"z\": 1}, {\"x\": 1, \"z\": 1}]','[{\"x\": 9, \"z\": 9}, {\"x\": 8, \"z\": 9}, {\"x\": 9, \"z\": 8}, {\"x\": 8, \"z\": 8}]'),(286,25,6,'형주 쟁탈','삼국이 뒤엉킨 요충지',0,4,11,13,265,130,'cn_swamp',10,10,'grass','[{\"type\": \"water\", \"coords\": [[3, 2], [3, 3], [3, 4], [4, 2], [4, 3], [4, 4], [5, 2], [5, 3], [5, 4]], \"height\": 2}, {\"type\": \"grass\", \"coords\": [[3, 4], [3, 5], [4, 4], [4, 5]], \"height\": 2}, {\"type\": \"dirt\", \"coords\": [[3, 6], [3, 7], [3, 8], [4, 6], [4, 7], [4, 8], [5, 6], [5, 7], [5, 8]], \"height\": 3}]','[{\"x\": 0, \"z\": 0}, {\"x\": 1, \"z\": 0}, {\"x\": 0, \"z\": 1}, {\"x\": 1, \"z\": 1}]','[{\"x\": 9, \"z\": 9}, {\"x\": 8, \"z\": 9}, {\"x\": 9, \"z\": 8}, {\"x\": 8, \"z\": 8}]'),(287,25,7,'한중 공방','유비의 한중왕 등극전',0,4,11,14,280,135,'cn_swamp',10,10,'stone','[{\"type\": \"water\", \"coords\": [[3, 7], [3, 8], [3, 9], [4, 7], [4, 8], [4, 9], [5, 7], [5, 8], [5, 9]], \"height\": 2}, {\"type\": \"water\", \"coords\": [[7, 4], [7, 5], [8, 4], [8, 5]], \"height\": 2}, {\"type\": \"grass\", \"coords\": [[4, 5], [4, 6], [5, 5], [5, 6]], \"height\": 1}]','[{\"x\": 0, \"z\": 0}, {\"x\": 1, \"z\": 0}, {\"x\": 0, \"z\": 1}, {\"x\": 1, \"z\": 1}]','[{\"x\": 9, \"z\": 9}, {\"x\": 8, \"z\": 9}, {\"x\": 9, \"z\": 8}, {\"x\": 8, \"z\": 8}]'),(288,25,8,'이릉 전투','유비의 복수전',0,4,11,14,295,140,'cn_swamp',10,10,'grass','[{\"type\": \"water\", \"coords\": [[3, 3], [3, 4], [4, 3], [4, 4]], \"height\": 2}, {\"type\": \"stone\", \"coords\": [[2, 4], [2, 5], [3, 4], [3, 5]], \"height\": 2}, {\"type\": \"water\", \"coords\": [[6, 3], [6, 4], [7, 3], [7, 4]], \"height\": 2}]','[{\"x\": 0, \"z\": 0}, {\"x\": 1, \"z\": 0}, {\"x\": 0, \"z\": 1}, {\"x\": 1, \"z\": 1}]','[{\"x\": 9, \"z\": 9}, {\"x\": 8, \"z\": 9}, {\"x\": 9, \"z\": 8}, {\"x\": 8, \"z\": 8}]'),(289,25,9,'출사표','제갈량의 북벌 전장',0,5,12,15,310,150,'cn_swamp',12,10,'grass','[{\"type\": \"stone\", \"coords\": [[5, 6], [5, 7], [5, 8], [6, 6], [6, 7], [6, 8], [7, 6], [7, 7], [7, 8]], \"height\": 2}, {\"type\": \"dirt\", \"coords\": [[6, 5], [6, 6], [6, 7], [7, 5], [7, 6], [7, 7], [8, 5], [8, 6], [8, 7]], \"height\": 2}, {\"type\": \"grass\", \"coords\": [[10, 6]], \"height\": 1}]','[{\"x\": 0, \"z\": 0}, {\"x\": 1, \"z\": 0}, {\"x\": 0, \"z\": 1}, {\"x\": 1, \"z\": 1}]','[{\"x\": 11, \"z\": 9}, {\"x\": 10, \"z\": 9}, {\"x\": 11, \"z\": 8}, {\"x\": 10, \"z\": 8}, {\"x\": 11, \"z\": 7}]'),(290,25,10,'오장원','제갈량 최후의 전장',0,5,12,15,330,155,'cn_swamp',12,10,'grass','[{\"type\": \"stone\", \"coords\": [[6, 2], [6, 3], [6, 4], [7, 2], [7, 3], [7, 4], [8, 2], [8, 3], [8, 4]], \"height\": 2}, {\"type\": \"grass\", \"coords\": [[1, 5], [1, 6], [1, 7], [2, 5], [2, 6], [2, 7], [3, 5], [3, 6], [3, 7]], \"height\": 2}, {\"type\": \"water\", \"coords\": [[2, 5], [2, 6], [2, 7], [3, 5], [3, 6], [3, 7], [4, 5], [4, 6], [4, 7]], \"height\": 2}]','[{\"x\": 0, \"z\": 0}, {\"x\": 1, \"z\": 0}, {\"x\": 0, \"z\": 1}, {\"x\": 1, \"z\": 1}]','[{\"x\": 11, \"z\": 9}, {\"x\": 10, \"z\": 9}, {\"x\": 11, \"z\": 8}, {\"x\": 10, \"z\": 8}, {\"x\": 11, \"z\": 7}]'),(291,25,11,'사마의의 대두','삼국 통일의 서막',0,5,13,16,350,165,'cn_swamp',12,10,'stone','[{\"type\": \"stone\", \"coords\": [[6, 6], [6, 7], [7, 6], [7, 7]], \"height\": 2}, {\"type\": \"water\", \"coords\": [[5, 5], [5, 6], [5, 7], [6, 5], [6, 6], [6, 7], [7, 5], [7, 6], [7, 7]], \"height\": 3}, {\"type\": \"stone\", \"coords\": [[4, 4], [4, 5], [4, 6], [5, 4], [5, 5], [5, 6], [6, 4], [6, 5], [6, 6]], \"height\": 3}]','[{\"x\": 0, \"z\": 0}, {\"x\": 1, \"z\": 0}, {\"x\": 0, \"z\": 1}, {\"x\": 1, \"z\": 1}]','[{\"x\": 11, \"z\": 9}, {\"x\": 10, \"z\": 9}, {\"x\": 11, \"z\": 8}, {\"x\": 10, \"z\": 8}, {\"x\": 11, \"z\": 7}]'),(292,25,12,'여포 결전','삼국 최강 무장의 시련',1,6,13,17,500,250,'cn_swamp',12,12,'grass','[{\"type\": \"water\", \"coords\": [[1, 9], [1, 10], [1, 11], [2, 9], [2, 10], [2, 11], [3, 9], [3, 10], [3, 11]], \"height\": 2}, {\"type\": \"grass\", \"coords\": [[6, 7]], \"height\": 2}, {\"type\": \"water\", \"coords\": [[2, 5], [2, 6], [3, 5], [3, 6]], \"height\": 3}, {\"type\": \"stone\", \"coords\": [[6, 6], [5, 6], [6, 5], [5, 5]], \"height\": 3}]','[{\"x\": 0, \"z\": 0}, {\"x\": 1, \"z\": 0}, {\"x\": 0, \"z\": 1}, {\"x\": 1, \"z\": 1}]','[{\"x\": 11, \"z\": 11}, {\"x\": 10, \"z\": 11}, {\"x\": 11, \"z\": 10}, {\"x\": 10, \"z\": 10}, {\"x\": 11, \"z\": 9}, {\"x\": 10, \"z\": 9}]'),(293,26,1,'장안 성문','세계 최대 도시의 입구',0,3,11,13,240,120,'cn_temple',9,9,'stone','[{\"type\": \"stone\", \"coords\": [[6, 3], [6, 4], [6, 5], [7, 3], [7, 4], [7, 5], [8, 3], [8, 4], [8, 5]], \"height\": 3}, {\"type\": \"grass\", \"coords\": [[6, 7], [6, 8], [7, 7], [7, 8]], \"height\": 2}, {\"type\": \"stone\", \"coords\": [[5, 4], [5, 5], [6, 4], [6, 5]], \"height\": 3}]','[{\"x\": 0, \"z\": 0}, {\"x\": 1, \"z\": 0}, {\"x\": 0, \"z\": 1}]','[{\"x\": 8, \"z\": 8}, {\"x\": 7, \"z\": 8}, {\"x\": 8, \"z\": 7}]'),(294,26,2,'현무문의 변','태종의 쿠데타 현장',0,3,11,13,255,125,'cn_temple',10,10,'stone','[{\"type\": \"water\", \"coords\": [[2, 2], [2, 3], [3, 2], [3, 3]], \"height\": 2}, {\"type\": \"dark\", \"coords\": [[5, 4]], \"height\": 1}, {\"type\": \"stone\", \"coords\": [[6, 3], [6, 4], [6, 5], [7, 3], [7, 4], [7, 5], [8, 3], [8, 4], [8, 5]], \"height\": 2}]','[{\"x\": 0, \"z\": 0}, {\"x\": 1, \"z\": 0}, {\"x\": 0, \"z\": 1}]','[{\"x\": 9, \"z\": 9}, {\"x\": 8, \"z\": 9}, {\"x\": 9, \"z\": 8}]'),(295,26,3,'정관의 치','태평성대의 시련',0,3,12,14,270,130,'cn_temple',10,10,'stone','[{\"type\": \"water\", \"coords\": [[2, 6], [2, 7], [3, 6], [3, 7]], \"height\": 2}, {\"type\": \"dirt\", \"coords\": [[8, 4]], \"height\": 2}, {\"type\": \"dark\", \"coords\": [[7, 2], [7, 3], [7, 4], [8, 2], [8, 3], [8, 4], [9, 2], [9, 3], [9, 4]], \"height\": 3}]','[{\"x\": 0, \"z\": 0}, {\"x\": 1, \"z\": 0}, {\"x\": 0, \"z\": 1}]','[{\"x\": 9, \"z\": 9}, {\"x\": 8, \"z\": 9}, {\"x\": 9, \"z\": 8}]'),(296,26,4,'서역 원정','서돌궐 정벌의 전장',0,4,12,14,285,140,'cn_temple',10,10,'dirt','[{\"type\": \"water\", \"coords\": [[2, 2]], \"height\": 2}, {\"type\": \"grass\", \"coords\": [[4, 4], [4, 5], [5, 4], [5, 5]], \"height\": 2}, {\"type\": \"stone\", \"coords\": [[8, 8], [8, 9], [9, 8], [9, 9]], \"height\": 1}]','[{\"x\": 0, \"z\": 0}, {\"x\": 1, \"z\": 0}, {\"x\": 0, \"z\": 1}, {\"x\": 1, \"z\": 1}]','[{\"x\": 9, \"z\": 9}, {\"x\": 8, \"z\": 9}, {\"x\": 9, \"z\": 8}, {\"x\": 8, \"z\": 8}]'),(297,26,5,'측천무후 궁전','여황제의 궁전 전투',0,4,12,15,300,145,'cn_temple',10,10,'stone','[{\"type\": \"water\", \"coords\": [[2, 6]], \"height\": 2}, {\"type\": \"dirt\", \"coords\": [[8, 4], [8, 5], [9, 4], [9, 5]], \"height\": 2}, {\"type\": \"dark\", \"coords\": [[2, 7]], \"height\": 2}]','[{\"x\": 0, \"z\": 0}, {\"x\": 1, \"z\": 0}, {\"x\": 0, \"z\": 1}, {\"x\": 1, \"z\": 1}]','[{\"x\": 9, \"z\": 9}, {\"x\": 8, \"z\": 9}, {\"x\": 9, \"z\": 8}, {\"x\": 8, \"z\": 8}]'),(298,26,6,'현종의 화청궁','양귀비와 현종의 전장',0,4,13,15,315,155,'cn_temple',10,10,'stone','[{\"type\": \"water\", \"coords\": [[3, 2], [3, 3], [3, 4], [4, 2], [4, 3], [4, 4], [5, 2], [5, 3], [5, 4]], \"height\": 2}, {\"type\": \"grass\", \"coords\": [[3, 4], [3, 5], [4, 4], [4, 5]], \"height\": 2}, {\"type\": \"dirt\", \"coords\": [[3, 6], [3, 7], [3, 8], [4, 6], [4, 7], [4, 8], [5, 6], [5, 7], [5, 8]], \"height\": 3}]','[{\"x\": 0, \"z\": 0}, {\"x\": 1, \"z\": 0}, {\"x\": 0, \"z\": 1}, {\"x\": 1, \"z\": 1}]','[{\"x\": 9, \"z\": 9}, {\"x\": 8, \"z\": 9}, {\"x\": 9, \"z\": 8}, {\"x\": 8, \"z\": 8}]'),(299,26,7,'안사의 난','안록산의 대반란',0,4,13,16,330,160,'cn_temple',10,10,'grass','[{\"type\": \"water\", \"coords\": [[3, 7], [3, 8], [3, 9], [4, 7], [4, 8], [4, 9], [5, 7], [5, 8], [5, 9]], \"height\": 2}, {\"type\": \"water\", \"coords\": [[7, 4], [7, 5], [8, 4], [8, 5]], \"height\": 2}, {\"type\": \"grass\", \"coords\": [[4, 5], [4, 6], [5, 5], [5, 6]], \"height\": 1}]','[{\"x\": 0, \"z\": 0}, {\"x\": 1, \"z\": 0}, {\"x\": 0, \"z\": 1}, {\"x\": 1, \"z\": 1}]','[{\"x\": 9, \"z\": 9}, {\"x\": 8, \"z\": 9}, {\"x\": 9, \"z\": 8}, {\"x\": 8, \"z\": 8}]'),(300,26,8,'마외역의 비극','양귀비의 비극이 서린 역참',0,5,14,16,350,170,'cn_temple',10,10,'stone','[{\"type\": \"water\", \"coords\": [[3, 3], [3, 4], [4, 3], [4, 4]], \"height\": 2}, {\"type\": \"stone\", \"coords\": [[2, 4], [2, 5], [3, 4], [3, 5]], \"height\": 2}, {\"type\": \"water\", \"coords\": [[6, 3], [6, 4], [7, 3], [7, 4]], \"height\": 2}]','[{\"x\": 0, \"z\": 0}, {\"x\": 1, \"z\": 0}, {\"x\": 0, \"z\": 1}, {\"x\": 1, \"z\": 1}]','[{\"x\": 9, \"z\": 9}, {\"x\": 8, \"z\": 9}, {\"x\": 9, \"z\": 8}, {\"x\": 8, \"z\": 8}, {\"x\": 9, \"z\": 7}]'),(301,26,9,'황소의 난','농민 반란의 불길',0,5,14,17,370,180,'cn_temple',12,10,'grass','[{\"type\": \"stone\", \"coords\": [[5, 6], [5, 7], [5, 8], [6, 6], [6, 7], [6, 8], [7, 6], [7, 7], [7, 8]], \"height\": 2}, {\"type\": \"dirt\", \"coords\": [[6, 5], [6, 6], [6, 7], [7, 5], [7, 6], [7, 7], [8, 5], [8, 6], [8, 7]], \"height\": 2}, {\"type\": \"grass\", \"coords\": [[10, 6]], \"height\": 1}]','[{\"x\": 0, \"z\": 0}, {\"x\": 1, \"z\": 0}, {\"x\": 0, \"z\": 1}, {\"x\": 1, \"z\": 1}]','[{\"x\": 11, \"z\": 9}, {\"x\": 10, \"z\": 9}, {\"x\": 11, \"z\": 8}, {\"x\": 10, \"z\": 8}, {\"x\": 11, \"z\": 7}]'),(302,26,10,'당 최후의 전투','대제국의 멸망',1,6,15,18,550,275,'cn_temple',12,12,'stone','[{\"type\": \"water\", \"coords\": [[10, 9]], \"height\": 2}, {\"type\": \"grass\", \"coords\": [[7, 7], [7, 8], [7, 9], [8, 7], [8, 8], [8, 9], [9, 7], [9, 8], [9, 9]], \"height\": 2}, {\"type\": \"water\", \"coords\": [[9, 9]], \"height\": 1}, {\"type\": \"stone\", \"coords\": [[6, 6], [5, 6], [6, 5], [5, 5]], \"height\": 3}]','[{\"x\": 0, \"z\": 0}, {\"x\": 1, \"z\": 0}, {\"x\": 0, \"z\": 1}, {\"x\": 1, \"z\": 1}]','[{\"x\": 11, \"z\": 11}, {\"x\": 10, \"z\": 11}, {\"x\": 11, \"z\": 10}, {\"x\": 10, \"z\": 10}, {\"x\": 11, \"z\": 9}, {\"x\": 10, \"z\": 9}]'),(303,27,1,'개봉 도성','북송의 번화한 수도',0,3,13,15,280,140,'cn_spirit',9,9,'stone','[{\"type\": \"stone\", \"coords\": [[6, 3], [6, 4], [6, 5], [7, 3], [7, 4], [7, 5], [8, 3], [8, 4], [8, 5]], \"height\": 3}, {\"type\": \"grass\", \"coords\": [[6, 7], [6, 8], [7, 7], [7, 8]], \"height\": 2}, {\"type\": \"stone\", \"coords\": [[5, 4], [5, 5], [6, 4], [6, 5]], \"height\": 3}]','[{\"x\": 0, \"z\": 0}, {\"x\": 1, \"z\": 0}, {\"x\": 0, \"z\": 1}]','[{\"x\": 8, \"z\": 8}, {\"x\": 7, \"z\": 8}, {\"x\": 8, \"z\": 7}]'),(304,27,2,'양가장 전투','양가장 무인의 전장',0,3,13,15,295,145,'cn_spirit',10,10,'grass','[{\"type\": \"water\", \"coords\": [[2, 2], [2, 3], [3, 2], [3, 3]], \"height\": 2}, {\"type\": \"dark\", \"coords\": [[5, 4]], \"height\": 1}, {\"type\": \"stone\", \"coords\": [[6, 3], [6, 4], [6, 5], [7, 3], [7, 4], [7, 5], [8, 3], [8, 4], [8, 5]], \"height\": 2}]','[{\"x\": 0, \"z\": 0}, {\"x\": 1, \"z\": 0}, {\"x\": 0, \"z\": 1}]','[{\"x\": 9, \"z\": 9}, {\"x\": 8, \"z\": 9}, {\"x\": 9, \"z\": 8}]'),(305,27,3,'왕안석 변법','개혁의 전장',0,3,14,16,310,155,'cn_spirit',10,10,'stone','[{\"type\": \"water\", \"coords\": [[2, 6], [2, 7], [3, 6], [3, 7]], \"height\": 2}, {\"type\": \"dirt\", \"coords\": [[8, 4]], \"height\": 2}, {\"type\": \"dark\", \"coords\": [[7, 2], [7, 3], [7, 4], [8, 2], [8, 3], [8, 4], [9, 2], [9, 3], [9, 4]], \"height\": 3}]','[{\"x\": 0, \"z\": 0}, {\"x\": 1, \"z\": 0}, {\"x\": 0, \"z\": 1}]','[{\"x\": 9, \"z\": 9}, {\"x\": 8, \"z\": 9}, {\"x\": 9, \"z\": 8}]'),(306,27,4,'청명상하도','그림 속 도시의 전투',0,4,14,16,330,160,'cn_spirit',10,10,'stone','[{\"type\": \"water\", \"coords\": [[2, 2]], \"height\": 2}, {\"type\": \"grass\", \"coords\": [[4, 4], [4, 5], [5, 4], [5, 5]], \"height\": 2}, {\"type\": \"stone\", \"coords\": [[8, 8], [8, 9], [9, 8], [9, 9]], \"height\": 1}]','[{\"x\": 0, \"z\": 0}, {\"x\": 1, \"z\": 0}, {\"x\": 0, \"z\": 1}, {\"x\": 1, \"z\": 1}]','[{\"x\": 9, \"z\": 9}, {\"x\": 8, \"z\": 9}, {\"x\": 9, \"z\": 8}, {\"x\": 8, \"z\": 8}]'),(307,27,5,'악비의 북벌','정충보국의 전장',0,4,14,17,345,170,'cn_spirit',10,10,'grass','[{\"type\": \"water\", \"coords\": [[2, 6]], \"height\": 2}, {\"type\": \"dirt\", \"coords\": [[8, 4], [8, 5], [9, 4], [9, 5]], \"height\": 2}, {\"type\": \"dark\", \"coords\": [[2, 7]], \"height\": 2}]','[{\"x\": 0, \"z\": 0}, {\"x\": 1, \"z\": 0}, {\"x\": 0, \"z\": 1}, {\"x\": 1, \"z\": 1}]','[{\"x\": 9, \"z\": 9}, {\"x\": 8, \"z\": 9}, {\"x\": 9, \"z\": 8}, {\"x\": 8, \"z\": 8}]'),(308,27,6,'정강의 변','금나라 침공의 전장',0,4,15,17,360,175,'cn_spirit',10,10,'stone','[{\"type\": \"water\", \"coords\": [[3, 2], [3, 3], [3, 4], [4, 2], [4, 3], [4, 4], [5, 2], [5, 3], [5, 4]], \"height\": 2}, {\"type\": \"grass\", \"coords\": [[3, 4], [3, 5], [4, 4], [4, 5]], \"height\": 2}, {\"type\": \"dirt\", \"coords\": [[3, 6], [3, 7], [3, 8], [4, 6], [4, 7], [4, 8], [5, 6], [5, 7], [5, 8]], \"height\": 3}]','[{\"x\": 0, \"z\": 0}, {\"x\": 1, \"z\": 0}, {\"x\": 0, \"z\": 1}, {\"x\": 1, \"z\": 1}]','[{\"x\": 9, \"z\": 9}, {\"x\": 8, \"z\": 9}, {\"x\": 9, \"z\": 8}, {\"x\": 8, \"z\": 8}]'),(309,27,7,'임안 행재소','남송의 임시 수도',0,4,15,18,380,185,'cn_spirit',10,10,'stone','[{\"type\": \"water\", \"coords\": [[3, 7], [3, 8], [3, 9], [4, 7], [4, 8], [4, 9], [5, 7], [5, 8], [5, 9]], \"height\": 2}, {\"type\": \"water\", \"coords\": [[7, 4], [7, 5], [8, 4], [8, 5]], \"height\": 2}, {\"type\": \"grass\", \"coords\": [[4, 5], [4, 6], [5, 5], [5, 6]], \"height\": 1}]','[{\"x\": 0, \"z\": 0}, {\"x\": 1, \"z\": 0}, {\"x\": 0, \"z\": 1}, {\"x\": 1, \"z\": 1}]','[{\"x\": 9, \"z\": 9}, {\"x\": 8, \"z\": 9}, {\"x\": 9, \"z\": 8}, {\"x\": 8, \"z\": 8}]'),(310,27,8,'양양 공방','6년간의 대공성전',0,5,16,18,400,195,'cn_spirit',10,10,'stone','[{\"type\": \"water\", \"coords\": [[3, 3], [3, 4], [4, 3], [4, 4]], \"height\": 2}, {\"type\": \"stone\", \"coords\": [[2, 4], [2, 5], [3, 4], [3, 5]], \"height\": 2}, {\"type\": \"water\", \"coords\": [[6, 3], [6, 4], [7, 3], [7, 4]], \"height\": 2}]','[{\"x\": 0, \"z\": 0}, {\"x\": 1, \"z\": 0}, {\"x\": 0, \"z\": 1}, {\"x\": 1, \"z\": 1}]','[{\"x\": 9, \"z\": 9}, {\"x\": 8, \"z\": 9}, {\"x\": 9, \"z\": 8}, {\"x\": 8, \"z\": 8}, {\"x\": 9, \"z\": 7}]'),(311,27,9,'교지 원정','남방 원정의 전장',0,5,16,19,420,205,'cn_spirit',12,10,'grass','[{\"type\": \"stone\", \"coords\": [[5, 6], [5, 7], [5, 8], [6, 6], [6, 7], [6, 8], [7, 6], [7, 7], [7, 8]], \"height\": 2}, {\"type\": \"dirt\", \"coords\": [[6, 5], [6, 6], [6, 7], [7, 5], [7, 6], [7, 7], [8, 5], [8, 6], [8, 7]], \"height\": 2}, {\"type\": \"grass\", \"coords\": [[10, 6]], \"height\": 1}]','[{\"x\": 0, \"z\": 0}, {\"x\": 1, \"z\": 0}, {\"x\": 0, \"z\": 1}, {\"x\": 1, \"z\": 1}]','[{\"x\": 11, \"z\": 9}, {\"x\": 10, \"z\": 9}, {\"x\": 11, \"z\": 8}, {\"x\": 10, \"z\": 8}, {\"x\": 11, \"z\": 7}]'),(312,27,10,'애산 해전','남송 최후의 해전',0,5,16,19,440,210,'cn_spirit',12,10,'stone','[{\"type\": \"stone\", \"coords\": [[6, 2], [6, 3], [6, 4], [7, 2], [7, 3], [7, 4], [8, 2], [8, 3], [8, 4]], \"height\": 2}, {\"type\": \"grass\", \"coords\": [[1, 5], [1, 6], [1, 7], [2, 5], [2, 6], [2, 7], [3, 5], [3, 6], [3, 7]], \"height\": 2}, {\"type\": \"water\", \"coords\": [[2, 5], [2, 6], [2, 7], [3, 5], [3, 6], [3, 7], [4, 5], [4, 6], [4, 7]], \"height\": 2}]','[{\"x\": 0, \"z\": 0}, {\"x\": 1, \"z\": 0}, {\"x\": 0, \"z\": 1}, {\"x\": 1, \"z\": 1}]','[{\"x\": 11, \"z\": 9}, {\"x\": 10, \"z\": 9}, {\"x\": 11, \"z\": 8}, {\"x\": 10, \"z\": 8}, {\"x\": 11, \"z\": 7}]'),(313,27,11,'문천상의 결의','충신의 마지막 저항',0,5,17,20,460,220,'cn_spirit',12,10,'stone','[{\"type\": \"stone\", \"coords\": [[6, 6], [6, 7], [7, 6], [7, 7]], \"height\": 2}, {\"type\": \"water\", \"coords\": [[5, 5], [5, 6], [5, 7], [6, 5], [6, 6], [6, 7], [7, 5], [7, 6], [7, 7]], \"height\": 3}, {\"type\": \"stone\", \"coords\": [[4, 4], [4, 5], [4, 6], [5, 4], [5, 5], [5, 6], [6, 4], [6, 5], [6, 6]], \"height\": 3}]','[{\"x\": 0, \"z\": 0}, {\"x\": 1, \"z\": 0}, {\"x\": 0, \"z\": 1}, {\"x\": 1, \"z\": 1}]','[{\"x\": 11, \"z\": 9}, {\"x\": 10, \"z\": 9}, {\"x\": 11, \"z\": 8}, {\"x\": 10, \"z\": 8}, {\"x\": 11, \"z\": 7}]'),(314,27,12,'악비 결전','민족 영웅 악비의 최종 시련',1,6,18,21,650,325,'cn_spirit',14,12,'grass','[{\"type\": \"stone\", \"coords\": [[3, 8], [3, 9], [4, 8], [4, 9]], \"height\": 2}, {\"type\": \"dark\", \"coords\": [[6, 8]], \"height\": 2}, {\"type\": \"water\", \"coords\": [[5, 1], [5, 2], [5, 3], [6, 1], [6, 2], [6, 3], [7, 1], [7, 2], [7, 3]], \"height\": 1}, {\"type\": \"stone\", \"coords\": [[7, 6], [6, 6], [7, 5], [6, 5]], \"height\": 3}]','[{\"x\": 0, \"z\": 0}, {\"x\": 1, \"z\": 0}, {\"x\": 0, \"z\": 1}, {\"x\": 1, \"z\": 1}]','[{\"x\": 13, \"z\": 11}, {\"x\": 12, \"z\": 11}, {\"x\": 13, \"z\": 10}, {\"x\": 12, \"z\": 10}, {\"x\": 13, \"z\": 9}, {\"x\": 12, \"z\": 9}]'),(315,28,1,'대도(베이징)','쿠빌라이의 수도',0,3,16,18,350,175,'cn_temple',10,10,'stone','[{\"type\": \"water\", \"coords\": [[2, 6], [2, 7], [2, 8], [3, 6], [3, 7], [3, 8], [4, 6], [4, 7], [4, 8]], \"height\": 2}, {\"type\": \"dirt\", \"coords\": [[1, 4]], \"height\": 1}, {\"type\": \"water\", \"coords\": [[5, 4]], \"height\": 1}]','[{\"x\": 0, \"z\": 0}, {\"x\": 1, \"z\": 0}, {\"x\": 0, \"z\": 1}]','[{\"x\": 9, \"z\": 9}, {\"x\": 8, \"z\": 9}, {\"x\": 9, \"z\": 8}]'),(316,28,2,'초원의 진격','몽골 기마대의 돌진',0,3,16,18,365,180,'cn_temple',10,10,'grass','[{\"type\": \"water\", \"coords\": [[2, 2], [2, 3], [3, 2], [3, 3]], \"height\": 2}, {\"type\": \"dark\", \"coords\": [[5, 4]], \"height\": 1}, {\"type\": \"stone\", \"coords\": [[6, 3], [6, 4], [6, 5], [7, 3], [7, 4], [7, 5], [8, 3], [8, 4], [8, 5]], \"height\": 2}]','[{\"x\": 0, \"z\": 0}, {\"x\": 1, \"z\": 0}, {\"x\": 0, \"z\": 1}]','[{\"x\": 9, \"z\": 9}, {\"x\": 8, \"z\": 9}, {\"x\": 9, \"z\": 8}]'),(317,28,3,'서하 정벌','서하 멸망의 전장',0,4,17,19,380,190,'cn_temple',10,10,'grass','[{\"type\": \"water\", \"coords\": [[2, 6], [2, 7], [3, 6], [3, 7]], \"height\": 2}, {\"type\": \"dirt\", \"coords\": [[8, 4]], \"height\": 2}, {\"type\": \"dark\", \"coords\": [[7, 2], [7, 3], [7, 4], [8, 2], [8, 3], [8, 4], [9, 2], [9, 3], [9, 4]], \"height\": 3}]','[{\"x\": 0, \"z\": 0}, {\"x\": 1, \"z\": 0}, {\"x\": 0, \"z\": 1}, {\"x\": 1, \"z\": 1}]','[{\"x\": 9, \"z\": 9}, {\"x\": 8, \"z\": 9}, {\"x\": 9, \"z\": 8}, {\"x\": 8, \"z\": 8}]'),(318,28,4,'금 멸망전','여진 금나라 최후',0,4,17,19,400,195,'cn_temple',10,10,'stone','[{\"type\": \"water\", \"coords\": [[2, 2]], \"height\": 2}, {\"type\": \"grass\", \"coords\": [[4, 4], [4, 5], [5, 4], [5, 5]], \"height\": 2}, {\"type\": \"stone\", \"coords\": [[8, 8], [8, 9], [9, 8], [9, 9]], \"height\": 1}]','[{\"x\": 0, \"z\": 0}, {\"x\": 1, \"z\": 0}, {\"x\": 0, \"z\": 1}, {\"x\": 1, \"z\": 1}]','[{\"x\": 9, \"z\": 9}, {\"x\": 8, \"z\": 9}, {\"x\": 9, \"z\": 8}, {\"x\": 8, \"z\": 8}]'),(319,28,5,'바그다드 공성','아바스 왕조 멸망의 전장',0,4,17,20,415,205,'cn_temple',10,10,'stone','[{\"type\": \"water\", \"coords\": [[2, 6]], \"height\": 2}, {\"type\": \"dirt\", \"coords\": [[8, 4], [8, 5], [9, 4], [9, 5]], \"height\": 2}, {\"type\": \"dark\", \"coords\": [[2, 7]], \"height\": 2}]','[{\"x\": 0, \"z\": 0}, {\"x\": 1, \"z\": 0}, {\"x\": 0, \"z\": 1}, {\"x\": 1, \"z\": 1}]','[{\"x\": 9, \"z\": 9}, {\"x\": 8, \"z\": 9}, {\"x\": 9, \"z\": 8}, {\"x\": 8, \"z\": 8}]'),(320,28,6,'카미카제(신풍)','일본 침공의 전장',0,4,18,20,430,210,'cn_temple',10,10,'stone','[{\"type\": \"water\", \"coords\": [[3, 2], [3, 3], [3, 4], [4, 2], [4, 3], [4, 4], [5, 2], [5, 3], [5, 4]], \"height\": 2}, {\"type\": \"grass\", \"coords\": [[3, 4], [3, 5], [4, 4], [4, 5]], \"height\": 2}, {\"type\": \"dirt\", \"coords\": [[3, 6], [3, 7], [3, 8], [4, 6], [4, 7], [4, 8], [5, 6], [5, 7], [5, 8]], \"height\": 3}]','[{\"x\": 0, \"z\": 0}, {\"x\": 1, \"z\": 0}, {\"x\": 0, \"z\": 1}, {\"x\": 1, \"z\": 1}]','[{\"x\": 9, \"z\": 9}, {\"x\": 8, \"z\": 9}, {\"x\": 9, \"z\": 8}, {\"x\": 8, \"z\": 8}]'),(321,28,7,'대운하','대운하 위의 해상 전투',0,4,18,21,450,220,'cn_temple',10,10,'water','[{\"type\": \"water\", \"coords\": [[3, 7], [3, 8], [3, 9], [4, 7], [4, 8], [4, 9], [5, 7], [5, 8], [5, 9]], \"height\": 2}, {\"type\": \"water\", \"coords\": [[7, 4], [7, 5], [8, 4], [8, 5]], \"height\": 2}, {\"type\": \"grass\", \"coords\": [[4, 5], [4, 6], [5, 5], [5, 6]], \"height\": 1}]','[{\"x\": 0, \"z\": 0}, {\"x\": 1, \"z\": 0}, {\"x\": 0, \"z\": 1}, {\"x\": 1, \"z\": 1}]','[{\"x\": 9, \"z\": 9}, {\"x\": 8, \"z\": 9}, {\"x\": 9, \"z\": 8}, {\"x\": 8, \"z\": 8}]'),(322,28,8,'마르코 폴로의 길','동서 교역로의 전장',0,5,19,21,470,230,'cn_temple',10,10,'stone','[{\"type\": \"water\", \"coords\": [[3, 3], [3, 4], [4, 3], [4, 4]], \"height\": 2}, {\"type\": \"stone\", \"coords\": [[2, 4], [2, 5], [3, 4], [3, 5]], \"height\": 2}, {\"type\": \"water\", \"coords\": [[6, 3], [6, 4], [7, 3], [7, 4]], \"height\": 2}]','[{\"x\": 0, \"z\": 0}, {\"x\": 1, \"z\": 0}, {\"x\": 0, \"z\": 1}, {\"x\": 1, \"z\": 1}]','[{\"x\": 9, \"z\": 9}, {\"x\": 8, \"z\": 9}, {\"x\": 9, \"z\": 8}, {\"x\": 8, \"z\": 8}, {\"x\": 9, \"z\": 7}]'),(323,28,9,'홍건적의 난','원나라 말기 농민 반란',0,5,19,22,490,240,'cn_temple',12,10,'grass','[{\"type\": \"stone\", \"coords\": [[5, 6], [5, 7], [5, 8], [6, 6], [6, 7], [6, 8], [7, 6], [7, 7], [7, 8]], \"height\": 2}, {\"type\": \"dirt\", \"coords\": [[6, 5], [6, 6], [6, 7], [7, 5], [7, 6], [7, 7], [8, 5], [8, 6], [8, 7]], \"height\": 2}, {\"type\": \"grass\", \"coords\": [[10, 6]], \"height\": 1}]','[{\"x\": 0, \"z\": 0}, {\"x\": 1, \"z\": 0}, {\"x\": 0, \"z\": 1}, {\"x\": 1, \"z\": 1}]','[{\"x\": 11, \"z\": 9}, {\"x\": 10, \"z\": 9}, {\"x\": 11, \"z\": 8}, {\"x\": 10, \"z\": 8}, {\"x\": 11, \"z\": 7}]'),(324,28,10,'칭기즈칸 결전','대정복자의 최종 시련',1,7,20,24,800,400,'cn_temple',14,12,'grass','[{\"type\": \"stone\", \"coords\": [[2, 8], [2, 9], [2, 10], [3, 8], [3, 9], [3, 10], [4, 8], [4, 9], [4, 10]], \"height\": 2}, {\"type\": \"dark\", \"coords\": [[7, 8]], \"height\": 2}, {\"type\": \"dirt\", \"coords\": [[1, 4]], \"height\": 2}, {\"type\": \"stone\", \"coords\": [[7, 6], [6, 6], [7, 5], [6, 5]], \"height\": 3}]','[{\"x\": 0, \"z\": 0}, {\"x\": 1, \"z\": 0}, {\"x\": 0, \"z\": 1}, {\"x\": 1, \"z\": 1}]','[{\"x\": 13, \"z\": 11}, {\"x\": 12, \"z\": 11}, {\"x\": 13, \"z\": 10}, {\"x\": 12, \"z\": 10}, {\"x\": 13, \"z\": 9}, {\"x\": 12, \"z\": 9}, {\"x\": 13, \"z\": 8}]'),(325,29,1,'응천부(난징)','주원장의 수도',0,3,19,21,420,210,'cn_spirit',10,10,'stone','[{\"type\": \"water\", \"coords\": [[2, 6], [2, 7], [2, 8], [3, 6], [3, 7], [3, 8], [4, 6], [4, 7], [4, 8]], \"height\": 2}, {\"type\": \"dirt\", \"coords\": [[1, 4]], \"height\": 1}, {\"type\": \"water\", \"coords\": [[5, 4]], \"height\": 1}]','[{\"x\": 0, \"z\": 0}, {\"x\": 1, \"z\": 0}, {\"x\": 0, \"z\": 1}]','[{\"x\": 9, \"z\": 9}, {\"x\": 8, \"z\": 9}, {\"x\": 9, \"z\": 8}]'),(326,29,2,'북경 천도','영락제의 새 수도',0,3,19,21,440,215,'cn_spirit',10,10,'stone','[{\"type\": \"water\", \"coords\": [[2, 2], [2, 3], [3, 2], [3, 3]], \"height\": 2}, {\"type\": \"dark\", \"coords\": [[5, 4]], \"height\": 1}, {\"type\": \"stone\", \"coords\": [[6, 3], [6, 4], [6, 5], [7, 3], [7, 4], [7, 5], [8, 3], [8, 4], [8, 5]], \"height\": 2}]','[{\"x\": 0, \"z\": 0}, {\"x\": 1, \"z\": 0}, {\"x\": 0, \"z\": 1}]','[{\"x\": 9, \"z\": 9}, {\"x\": 8, \"z\": 9}, {\"x\": 9, \"z\": 8}]'),(327,29,3,'자금성','황제의 궁전 전투',0,4,20,22,460,225,'cn_spirit',10,10,'stone','[{\"type\": \"water\", \"coords\": [[2, 6], [2, 7], [3, 6], [3, 7]], \"height\": 2}, {\"type\": \"dirt\", \"coords\": [[8, 4]], \"height\": 2}, {\"type\": \"dark\", \"coords\": [[7, 2], [7, 3], [7, 4], [8, 2], [8, 3], [8, 4], [9, 2], [9, 3], [9, 4]], \"height\": 3}]','[{\"x\": 0, \"z\": 0}, {\"x\": 1, \"z\": 0}, {\"x\": 0, \"z\": 1}, {\"x\": 1, \"z\": 1}]','[{\"x\": 9, \"z\": 9}, {\"x\": 8, \"z\": 9}, {\"x\": 9, \"z\": 8}, {\"x\": 8, \"z\": 8}]'),(328,29,4,'정화의 항해','대항해 원정의 전장',0,4,20,22,480,235,'cn_spirit',10,10,'stone','[{\"type\": \"water\", \"coords\": [[2, 2]], \"height\": 2}, {\"type\": \"grass\", \"coords\": [[4, 4], [4, 5], [5, 4], [5, 5]], \"height\": 2}, {\"type\": \"stone\", \"coords\": [[8, 8], [8, 9], [9, 8], [9, 9]], \"height\": 1}]','[{\"x\": 0, \"z\": 0}, {\"x\": 1, \"z\": 0}, {\"x\": 0, \"z\": 1}, {\"x\": 1, \"z\": 1}]','[{\"x\": 9, \"z\": 9}, {\"x\": 8, \"z\": 9}, {\"x\": 9, \"z\": 8}, {\"x\": 8, \"z\": 8}]'),(329,29,5,'토목의 변','오이라트에 황제가 포로',0,4,20,23,500,245,'cn_spirit',10,10,'grass','[{\"type\": \"water\", \"coords\": [[2, 6]], \"height\": 2}, {\"type\": \"dirt\", \"coords\": [[8, 4], [8, 5], [9, 4], [9, 5]], \"height\": 2}, {\"type\": \"dark\", \"coords\": [[2, 7]], \"height\": 2}]','[{\"x\": 0, \"z\": 0}, {\"x\": 1, \"z\": 0}, {\"x\": 0, \"z\": 1}, {\"x\": 1, \"z\": 1}]','[{\"x\": 9, \"z\": 9}, {\"x\": 8, \"z\": 9}, {\"x\": 9, \"z\": 8}, {\"x\": 8, \"z\": 8}]'),(330,29,6,'만리장성 방어','북방 유목민 침입 방어',0,4,21,23,520,255,'cn_spirit',10,10,'stone','[{\"type\": \"water\", \"coords\": [[3, 2], [3, 3], [3, 4], [4, 2], [4, 3], [4, 4], [5, 2], [5, 3], [5, 4]], \"height\": 2}, {\"type\": \"grass\", \"coords\": [[3, 4], [3, 5], [4, 4], [4, 5]], \"height\": 2}, {\"type\": \"dirt\", \"coords\": [[3, 6], [3, 7], [3, 8], [4, 6], [4, 7], [4, 8], [5, 6], [5, 7], [5, 8]], \"height\": 3}]','[{\"x\": 0, \"z\": 0}, {\"x\": 1, \"z\": 0}, {\"x\": 0, \"z\": 1}, {\"x\": 1, \"z\": 1}]','[{\"x\": 9, \"z\": 9}, {\"x\": 8, \"z\": 9}, {\"x\": 9, \"z\": 8}, {\"x\": 8, \"z\": 8}]'),(331,29,7,'왜구 소탕','척계광의 왜구 토벌',0,4,21,24,540,265,'cn_spirit',10,10,'stone','[{\"type\": \"water\", \"coords\": [[3, 7], [3, 8], [3, 9], [4, 7], [4, 8], [4, 9], [5, 7], [5, 8], [5, 9]], \"height\": 2}, {\"type\": \"water\", \"coords\": [[7, 4], [7, 5], [8, 4], [8, 5]], \"height\": 2}, {\"type\": \"grass\", \"coords\": [[4, 5], [4, 6], [5, 5], [5, 6]], \"height\": 1}]','[{\"x\": 0, \"z\": 0}, {\"x\": 1, \"z\": 0}, {\"x\": 0, \"z\": 1}, {\"x\": 1, \"z\": 1}]','[{\"x\": 9, \"z\": 9}, {\"x\": 8, \"z\": 9}, {\"x\": 9, \"z\": 8}, {\"x\": 8, \"z\": 8}]'),(332,29,8,'임진왜란 참전','조선 구원의 원정',0,5,22,24,560,275,'cn_spirit',10,10,'grass','[{\"type\": \"water\", \"coords\": [[3, 3], [3, 4], [4, 3], [4, 4]], \"height\": 2}, {\"type\": \"stone\", \"coords\": [[2, 4], [2, 5], [3, 4], [3, 5]], \"height\": 2}, {\"type\": \"water\", \"coords\": [[6, 3], [6, 4], [7, 3], [7, 4]], \"height\": 2}]','[{\"x\": 0, \"z\": 0}, {\"x\": 1, \"z\": 0}, {\"x\": 0, \"z\": 1}, {\"x\": 1, \"z\": 1}]','[{\"x\": 9, \"z\": 9}, {\"x\": 8, \"z\": 9}, {\"x\": 9, \"z\": 8}, {\"x\": 8, \"z\": 8}, {\"x\": 9, \"z\": 7}]'),(333,29,9,'이자성 봉기','농민 반란의 불꽃',0,5,22,25,580,285,'cn_spirit',12,10,'grass','[{\"type\": \"stone\", \"coords\": [[5, 6], [5, 7], [5, 8], [6, 6], [6, 7], [6, 8], [7, 6], [7, 7], [7, 8]], \"height\": 2}, {\"type\": \"dirt\", \"coords\": [[6, 5], [6, 6], [6, 7], [7, 5], [7, 6], [7, 7], [8, 5], [8, 6], [8, 7]], \"height\": 2}, {\"type\": \"grass\", \"coords\": [[10, 6]], \"height\": 1}]','[{\"x\": 0, \"z\": 0}, {\"x\": 1, \"z\": 0}, {\"x\": 0, \"z\": 1}, {\"x\": 1, \"z\": 1}]','[{\"x\": 11, \"z\": 9}, {\"x\": 10, \"z\": 9}, {\"x\": 11, \"z\": 8}, {\"x\": 10, \"z\": 8}, {\"x\": 11, \"z\": 7}]'),(334,29,10,'산해관 전투','오삼계의 결단',0,5,22,25,600,295,'cn_spirit',12,10,'stone','[{\"type\": \"stone\", \"coords\": [[6, 2], [6, 3], [6, 4], [7, 2], [7, 3], [7, 4], [8, 2], [8, 3], [8, 4]], \"height\": 2}, {\"type\": \"grass\", \"coords\": [[1, 5], [1, 6], [1, 7], [2, 5], [2, 6], [2, 7], [3, 5], [3, 6], [3, 7]], \"height\": 2}, {\"type\": \"water\", \"coords\": [[2, 5], [2, 6], [2, 7], [3, 5], [3, 6], [3, 7], [4, 5], [4, 6], [4, 7]], \"height\": 2}]','[{\"x\": 0, \"z\": 0}, {\"x\": 1, \"z\": 0}, {\"x\": 0, \"z\": 1}, {\"x\": 1, \"z\": 1}]','[{\"x\": 11, \"z\": 9}, {\"x\": 10, \"z\": 9}, {\"x\": 11, \"z\": 8}, {\"x\": 10, \"z\": 8}, {\"x\": 11, \"z\": 7}]'),(335,29,11,'정성공 해전','대만 탈환의 해전',0,5,23,26,620,305,'cn_spirit',12,10,'stone','[{\"type\": \"stone\", \"coords\": [[6, 6], [6, 7], [7, 6], [7, 7]], \"height\": 2}, {\"type\": \"water\", \"coords\": [[5, 5], [5, 6], [5, 7], [6, 5], [6, 6], [6, 7], [7, 5], [7, 6], [7, 7]], \"height\": 3}, {\"type\": \"stone\", \"coords\": [[4, 4], [4, 5], [4, 6], [5, 4], [5, 5], [5, 6], [6, 4], [6, 5], [6, 6]], \"height\": 3}]','[{\"x\": 0, \"z\": 0}, {\"x\": 1, \"z\": 0}, {\"x\": 0, \"z\": 1}, {\"x\": 1, \"z\": 1}]','[{\"x\": 11, \"z\": 9}, {\"x\": 10, \"z\": 9}, {\"x\": 11, \"z\": 8}, {\"x\": 10, \"z\": 8}, {\"x\": 11, \"z\": 7}]'),(336,29,12,'자금성 함락','명 왕조 최후의 날',0,5,23,26,650,320,'cn_spirit',12,10,'stone','[{\"type\": \"stone\", \"coords\": [[6, 2], [6, 3], [7, 2], [7, 3]], \"height\": 2}, {\"type\": \"grass\", \"coords\": [[10, 5], [10, 6], [10, 7], [11, 5], [11, 6], [11, 7]], \"height\": 3}, {\"type\": \"water\", \"coords\": [[5, 2], [5, 3], [6, 2], [6, 3]], \"height\": 1}]','[{\"x\": 0, \"z\": 0}, {\"x\": 1, \"z\": 0}, {\"x\": 0, \"z\": 1}, {\"x\": 1, \"z\": 1}]','[{\"x\": 11, \"z\": 9}, {\"x\": 10, \"z\": 9}, {\"x\": 11, \"z\": 8}, {\"x\": 10, \"z\": 8}, {\"x\": 11, \"z\": 7}]'),(337,29,13,'영락제의 북벌','영락대제의 몽골 원정',0,5,24,27,680,335,'cn_spirit',12,10,'grass','[{\"type\": \"stone\", \"coords\": [[6, 6]], \"height\": 2}, {\"type\": \"water\", \"coords\": [[4, 5]], \"height\": 3}, {\"type\": \"stone\", \"coords\": [[7, 1]], \"height\": 2}]','[{\"x\": 0, \"z\": 0}, {\"x\": 1, \"z\": 0}, {\"x\": 0, \"z\": 1}, {\"x\": 1, \"z\": 1}]','[{\"x\": 11, \"z\": 9}, {\"x\": 10, \"z\": 9}, {\"x\": 11, \"z\": 8}, {\"x\": 10, \"z\": 8}, {\"x\": 11, \"z\": 7}]'),(338,29,14,'주원장 결전','걸인에서 황제까지, 창업자의 시련',1,7,25,28,900,450,'cn_spirit',14,14,'stone','[{\"type\": \"water\", \"coords\": [[9, 6], [9, 7], [10, 6], [10, 7]], \"height\": 3}, {\"type\": \"grass\", \"coords\": [[12, 11], [12, 12], [13, 11], [13, 12]], \"height\": 2}, {\"type\": \"water\", \"coords\": [[4, 12], [4, 13], [5, 12], [5, 13]], \"height\": 3}, {\"type\": \"stone\", \"coords\": [[7, 7], [6, 7], [7, 6], [6, 6]], \"height\": 3}]','[{\"x\": 0, \"z\": 0}, {\"x\": 1, \"z\": 0}, {\"x\": 0, \"z\": 1}, {\"x\": 1, \"z\": 1}]','[{\"x\": 13, \"z\": 13}, {\"x\": 12, \"z\": 13}, {\"x\": 13, \"z\": 12}, {\"x\": 12, \"z\": 12}, {\"x\": 13, \"z\": 11}, {\"x\": 12, \"z\": 11}, {\"x\": 13, \"z\": 10}]'),(339,30,1,'심양 궁전','후금의 수도',0,3,22,24,500,250,'cn_spirit',10,10,'stone','[{\"type\": \"water\", \"coords\": [[2, 6], [2, 7], [2, 8], [3, 6], [3, 7], [3, 8], [4, 6], [4, 7], [4, 8]], \"height\": 2}, {\"type\": \"dirt\", \"coords\": [[1, 4]], \"height\": 1}, {\"type\": \"water\", \"coords\": [[5, 4]], \"height\": 1}]','[{\"x\": 0, \"z\": 0}, {\"x\": 1, \"z\": 0}, {\"x\": 0, \"z\": 1}]','[{\"x\": 9, \"z\": 9}, {\"x\": 8, \"z\": 9}, {\"x\": 9, \"z\": 8}]'),(340,30,2,'산해관 통과','만주족의 중원 진출',0,3,22,24,520,260,'cn_spirit',10,10,'stone','[{\"type\": \"water\", \"coords\": [[2, 2], [2, 3], [3, 2], [3, 3]], \"height\": 2}, {\"type\": \"dark\", \"coords\": [[5, 4]], \"height\": 1}, {\"type\": \"stone\", \"coords\": [[6, 3], [6, 4], [6, 5], [7, 3], [7, 4], [7, 5], [8, 3], [8, 4], [8, 5]], \"height\": 2}]','[{\"x\": 0, \"z\": 0}, {\"x\": 1, \"z\": 0}, {\"x\": 0, \"z\": 1}]','[{\"x\": 9, \"z\": 9}, {\"x\": 8, \"z\": 9}, {\"x\": 9, \"z\": 8}]'),(341,30,3,'강희제 친정','삼번의 난 진압',0,4,23,25,545,270,'cn_spirit',10,10,'grass','[{\"type\": \"water\", \"coords\": [[2, 6], [2, 7], [3, 6], [3, 7]], \"height\": 2}, {\"type\": \"dirt\", \"coords\": [[8, 4]], \"height\": 2}, {\"type\": \"dark\", \"coords\": [[7, 2], [7, 3], [7, 4], [8, 2], [8, 3], [8, 4], [9, 2], [9, 3], [9, 4]], \"height\": 3}]','[{\"x\": 0, \"z\": 0}, {\"x\": 1, \"z\": 0}, {\"x\": 0, \"z\": 1}, {\"x\": 1, \"z\": 1}]','[{\"x\": 9, \"z\": 9}, {\"x\": 8, \"z\": 9}, {\"x\": 9, \"z\": 8}, {\"x\": 8, \"z\": 8}]'),(342,30,4,'건륭제 남순','전성기의 순행 전장',0,4,23,25,565,280,'cn_spirit',10,10,'stone','[{\"type\": \"water\", \"coords\": [[2, 2]], \"height\": 2}, {\"type\": \"grass\", \"coords\": [[4, 4], [4, 5], [5, 4], [5, 5]], \"height\": 2}, {\"type\": \"stone\", \"coords\": [[8, 8], [8, 9], [9, 8], [9, 9]], \"height\": 1}]','[{\"x\": 0, \"z\": 0}, {\"x\": 1, \"z\": 0}, {\"x\": 0, \"z\": 1}, {\"x\": 1, \"z\": 1}]','[{\"x\": 9, \"z\": 9}, {\"x\": 8, \"z\": 9}, {\"x\": 9, \"z\": 8}, {\"x\": 8, \"z\": 8}]'),(343,30,5,'아편전쟁','영국과의 충돌',0,4,24,26,590,295,'cn_spirit',10,10,'stone','[{\"type\": \"water\", \"coords\": [[2, 6]], \"height\": 2}, {\"type\": \"dirt\", \"coords\": [[8, 4], [8, 5], [9, 4], [9, 5]], \"height\": 2}, {\"type\": \"dark\", \"coords\": [[2, 7]], \"height\": 2}]','[{\"x\": 0, \"z\": 0}, {\"x\": 1, \"z\": 0}, {\"x\": 0, \"z\": 1}, {\"x\": 1, \"z\": 1}]','[{\"x\": 9, \"z\": 9}, {\"x\": 8, \"z\": 9}, {\"x\": 9, \"z\": 8}, {\"x\": 8, \"z\": 8}]'),(344,30,6,'태평천국','홍수전의 난',0,4,24,26,610,305,'cn_spirit',10,10,'grass','[{\"type\": \"water\", \"coords\": [[3, 2], [3, 3], [3, 4], [4, 2], [4, 3], [4, 4], [5, 2], [5, 3], [5, 4]], \"height\": 2}, {\"type\": \"grass\", \"coords\": [[3, 4], [3, 5], [4, 4], [4, 5]], \"height\": 2}, {\"type\": \"dirt\", \"coords\": [[3, 6], [3, 7], [3, 8], [4, 6], [4, 7], [4, 8], [5, 6], [5, 7], [5, 8]], \"height\": 3}]','[{\"x\": 0, \"z\": 0}, {\"x\": 1, \"z\": 0}, {\"x\": 0, \"z\": 1}, {\"x\": 1, \"z\": 1}]','[{\"x\": 9, \"z\": 9}, {\"x\": 8, \"z\": 9}, {\"x\": 9, \"z\": 8}, {\"x\": 8, \"z\": 8}]'),(345,30,7,'양무운동','근대화 시도의 전장',0,5,24,27,635,315,'cn_spirit',10,10,'stone','[{\"type\": \"water\", \"coords\": [[3, 7], [3, 8], [3, 9], [4, 7], [4, 8], [4, 9], [5, 7], [5, 8], [5, 9]], \"height\": 2}, {\"type\": \"water\", \"coords\": [[7, 4], [7, 5], [8, 4], [8, 5]], \"height\": 2}, {\"type\": \"grass\", \"coords\": [[4, 5], [4, 6], [5, 5], [5, 6]], \"height\": 1}]','[{\"x\": 0, \"z\": 0}, {\"x\": 1, \"z\": 0}, {\"x\": 0, \"z\": 1}, {\"x\": 1, \"z\": 1}]','[{\"x\": 9, \"z\": 9}, {\"x\": 8, \"z\": 9}, {\"x\": 9, \"z\": 8}, {\"x\": 8, \"z\": 8}, {\"x\": 9, \"z\": 7}]'),(346,30,8,'무술변법','100일 개혁의 전장',0,5,25,27,660,330,'cn_spirit',10,10,'stone','[{\"type\": \"water\", \"coords\": [[3, 3], [3, 4], [4, 3], [4, 4]], \"height\": 2}, {\"type\": \"stone\", \"coords\": [[2, 4], [2, 5], [3, 4], [3, 5]], \"height\": 2}, {\"type\": \"water\", \"coords\": [[6, 3], [6, 4], [7, 3], [7, 4]], \"height\": 2}]','[{\"x\": 0, \"z\": 0}, {\"x\": 1, \"z\": 0}, {\"x\": 0, \"z\": 1}, {\"x\": 1, \"z\": 1}]','[{\"x\": 9, \"z\": 9}, {\"x\": 8, \"z\": 9}, {\"x\": 9, \"z\": 8}, {\"x\": 8, \"z\": 8}, {\"x\": 9, \"z\": 7}]'),(347,30,9,'의화단 사건','반외세 봉기의 전장',0,5,25,28,685,340,'cn_spirit',12,10,'stone','[{\"type\": \"stone\", \"coords\": [[5, 6], [5, 7], [5, 8], [6, 6], [6, 7], [6, 8], [7, 6], [7, 7], [7, 8]], \"height\": 2}, {\"type\": \"dirt\", \"coords\": [[6, 5], [6, 6], [6, 7], [7, 5], [7, 6], [7, 7], [8, 5], [8, 6], [8, 7]], \"height\": 2}, {\"type\": \"grass\", \"coords\": [[10, 6]], \"height\": 1}]','[{\"x\": 0, \"z\": 0}, {\"x\": 1, \"z\": 0}, {\"x\": 0, \"z\": 1}, {\"x\": 1, \"z\": 1}]','[{\"x\": 11, \"z\": 9}, {\"x\": 10, \"z\": 9}, {\"x\": 11, \"z\": 8}, {\"x\": 10, \"z\": 8}, {\"x\": 11, \"z\": 7}]'),(348,30,10,'신해혁명 전야','왕조 붕괴의 전장',0,5,25,28,710,355,'cn_spirit',12,10,'stone','[{\"type\": \"stone\", \"coords\": [[6, 2], [6, 3], [6, 4], [7, 2], [7, 3], [7, 4], [8, 2], [8, 3], [8, 4]], \"height\": 2}, {\"type\": \"grass\", \"coords\": [[1, 5], [1, 6], [1, 7], [2, 5], [2, 6], [2, 7], [3, 5], [3, 6], [3, 7]], \"height\": 2}, {\"type\": \"water\", \"coords\": [[2, 5], [2, 6], [2, 7], [3, 5], [3, 6], [3, 7], [4, 5], [4, 6], [4, 7]], \"height\": 2}]','[{\"x\": 0, \"z\": 0}, {\"x\": 1, \"z\": 0}, {\"x\": 0, \"z\": 1}, {\"x\": 1, \"z\": 1}]','[{\"x\": 11, \"z\": 9}, {\"x\": 10, \"z\": 9}, {\"x\": 11, \"z\": 8}, {\"x\": 10, \"z\": 8}, {\"x\": 11, \"z\": 7}]'),(349,30,11,'무창 봉기','혁명의 첫 총성',0,5,26,29,740,370,'cn_spirit',12,10,'stone','[{\"type\": \"stone\", \"coords\": [[6, 6], [6, 7], [7, 6], [7, 7]], \"height\": 2}, {\"type\": \"water\", \"coords\": [[5, 5], [5, 6], [5, 7], [6, 5], [6, 6], [6, 7], [7, 5], [7, 6], [7, 7]], \"height\": 3}, {\"type\": \"stone\", \"coords\": [[4, 4], [4, 5], [4, 6], [5, 4], [5, 5], [5, 6], [6, 4], [6, 5], [6, 6]], \"height\": 3}]','[{\"x\": 0, \"z\": 0}, {\"x\": 1, \"z\": 0}, {\"x\": 0, \"z\": 1}, {\"x\": 1, \"z\": 1}]','[{\"x\": 11, \"z\": 9}, {\"x\": 10, \"z\": 9}, {\"x\": 11, \"z\": 8}, {\"x\": 10, \"z\": 8}, {\"x\": 11, \"z\": 7}]'),(350,30,12,'자금성 퇴위','마지막 황제의 퇴위',0,5,26,29,770,385,'cn_spirit',12,10,'stone','[{\"type\": \"stone\", \"coords\": [[6, 2], [6, 3], [7, 2], [7, 3]], \"height\": 2}, {\"type\": \"grass\", \"coords\": [[10, 5], [10, 6], [10, 7], [11, 5], [11, 6], [11, 7]], \"height\": 3}, {\"type\": \"water\", \"coords\": [[5, 2], [5, 3], [6, 2], [6, 3]], \"height\": 1}]','[{\"x\": 0, \"z\": 0}, {\"x\": 1, \"z\": 0}, {\"x\": 0, \"z\": 1}, {\"x\": 1, \"z\": 1}]','[{\"x\": 11, \"z\": 9}, {\"x\": 10, \"z\": 9}, {\"x\": 11, \"z\": 8}, {\"x\": 10, \"z\": 8}, {\"x\": 11, \"z\": 7}]'),(351,30,13,'손문의 결의','공화국 건국의 전투',0,6,27,30,800,400,'cn_spirit',12,12,'stone','[{\"type\": \"water\", \"coords\": [[1, 5], [1, 6], [1, 7], [2, 5], [2, 6], [2, 7], [3, 5], [3, 6], [3, 7]], \"height\": 2}, {\"type\": \"water\", \"coords\": [[10, 7]], \"height\": 2}, {\"type\": \"stone\", \"coords\": [[3, 4], [3, 5], [4, 4], [4, 5]], \"height\": 1}]','[{\"x\": 0, \"z\": 0}, {\"x\": 1, \"z\": 0}, {\"x\": 0, \"z\": 1}, {\"x\": 1, \"z\": 1}]','[{\"x\": 11, \"z\": 11}, {\"x\": 10, \"z\": 11}, {\"x\": 11, \"z\": 10}, {\"x\": 10, \"z\": 10}, {\"x\": 11, \"z\": 9}, {\"x\": 10, \"z\": 9}]'),(352,30,14,'누르하치의 굴기','만주족 창업자의 전투',0,6,27,30,840,420,'cn_spirit',12,12,'stone','[{\"type\": \"water\", \"coords\": [[1, 10], [1, 11], [2, 10], [2, 11]], \"height\": 2}, {\"type\": \"stone\", \"coords\": [[5, 7]], \"height\": 2}, {\"type\": \"dark\", \"coords\": [[5, 2]], \"height\": 2}]','[{\"x\": 0, \"z\": 0}, {\"x\": 1, \"z\": 0}, {\"x\": 0, \"z\": 1}, {\"x\": 1, \"z\": 1}]','[{\"x\": 11, \"z\": 11}, {\"x\": 10, \"z\": 11}, {\"x\": 11, \"z\": 10}, {\"x\": 10, \"z\": 10}, {\"x\": 11, \"z\": 9}, {\"x\": 10, \"z\": 9}]'),(353,30,15,'중국 역사 최종전','중국 역사의 모든 힘이 모인 결전',1,7,28,32,1200,600,'cn_spirit',14,14,'dark','[{\"type\": \"water\", \"coords\": [[9, 12], [9, 13], [10, 12], [10, 13]], \"height\": 2}, {\"type\": \"water\", \"coords\": [[5, 11], [5, 12], [6, 11], [6, 12]], \"height\": 2}, {\"type\": \"stone\", \"coords\": [[6, 10]], \"height\": 1}, {\"type\": \"stone\", \"coords\": [[7, 7], [6, 7], [7, 6], [6, 6]], \"height\": 3}]','[{\"x\": 0, \"z\": 0}, {\"x\": 1, \"z\": 0}, {\"x\": 0, \"z\": 1}, {\"x\": 1, \"z\": 1}]','[{\"x\": 13, \"z\": 13}, {\"x\": 12, \"z\": 13}, {\"x\": 13, \"z\": 12}, {\"x\": 12, \"z\": 12}, {\"x\": 13, \"z\": 11}, {\"x\": 12, \"z\": 11}, {\"x\": 13, \"z\": 10}]');
/*!40000 ALTER TABLE `stage_levels` ENABLE KEYS */;
UNLOCK TABLES;

--
-- Table structure for table `stage_ticket_drops`
--

DROP TABLE IF EXISTS `stage_ticket_drops`;
/*!40101 SET @saved_cs_client     = @@character_set_client */;
/*!50503 SET character_set_client = utf8mb4 */;
CREATE TABLE `stage_ticket_drops` (
  `id` int NOT NULL AUTO_INCREMENT,
  `group_key` varchar(50) NOT NULL,
  `ticket_id` int NOT NULL,
  `drop_rate` float DEFAULT '0.3',
  `min_quantity` int DEFAULT '1',
  `max_quantity` int DEFAULT '1',
  PRIMARY KEY (`id`),
  KEY `ticket_id` (`ticket_id`),
  CONSTRAINT `stage_ticket_drops_ibfk_1` FOREIGN KEY (`ticket_id`) REFERENCES `dungeon_tickets` (`id`)
) ENGINE=InnoDB AUTO_INCREMENT=21 DEFAULT CHARSET=utf8mb4 COLLATE=utf8mb4_0900_ai_ci;
/*!40101 SET character_set_client = @saved_cs_client */;

--
-- Dumping data for table `stage_ticket_drops`
--

LOCK TABLES `stage_ticket_drops` WRITE;
/*!40000 ALTER TABLE `stage_ticket_drops` DISABLE KEYS */;
INSERT INTO `stage_ticket_drops` VALUES (1,'gojoseon',1,0.35,1,1),(2,'gojoseon',2,0.25,1,1),(3,'samhan',2,0.35,1,1),(4,'samhan',3,0.25,1,1),(5,'goguryeo',3,0.35,1,1),(6,'goguryeo',4,0.25,1,1),(7,'baekje',4,0.35,1,1),(8,'baekje',5,0.25,1,1),(9,'silla',5,0.35,1,1),(10,'silla',6,0.2,1,1),(11,'balhae',6,0.35,1,1),(12,'balhae',7,0.2,1,1),(13,'goryeo',7,0.35,1,1),(14,'goryeo',8,0.2,1,1),(15,'joseon',8,0.3,1,1),(16,'joseon',9,0.15,1,1),(17,'imjin',9,0.3,1,1),(18,'imjin',10,0.15,1,1),(19,'modern',10,0.25,1,1),(20,'modern',11,0.1,1,1);
/*!40000 ALTER TABLE `stage_ticket_drops` ENABLE KEYS */;
UNLOCK TABLES;

--
-- Table structure for table `summon_equipment`
--

DROP TABLE IF EXISTS `summon_equipment`;
/*!40101 SET @saved_cs_client     = @@character_set_client */;
/*!50503 SET character_set_client = utf8mb4 */;
CREATE TABLE `summon_equipment` (
  `id` int NOT NULL AUTO_INCREMENT,
  `summon_id` int NOT NULL,
  `slot` varchar(20) NOT NULL,
  `item_id` int NOT NULL,
  PRIMARY KEY (`id`),
  UNIQUE KEY `unique_summon_slot` (`summon_id`,`slot`),
  KEY `item_id` (`item_id`),
  CONSTRAINT `summon_equipment_ibfk_1` FOREIGN KEY (`summon_id`) REFERENCES `character_summons` (`id`) ON DELETE CASCADE,
  CONSTRAINT `summon_equipment_ibfk_2` FOREIGN KEY (`item_id`) REFERENCES `items` (`id`)
) ENGINE=InnoDB AUTO_INCREMENT=10 DEFAULT CHARSET=utf8mb4 COLLATE=utf8mb4_0900_ai_ci;
/*!40101 SET character_set_client = @saved_cs_client */;

--
-- Dumping data for table `summon_equipment`
--

LOCK TABLES `summon_equipment` WRITE;
/*!40000 ALTER TABLE `summon_equipment` DISABLE KEYS */;
/*!40000 ALTER TABLE `summon_equipment` ENABLE KEYS */;
UNLOCK TABLES;

--
-- Table structure for table `summon_growth_rates`
--

DROP TABLE IF EXISTS `summon_growth_rates`;
/*!40101 SET @saved_cs_client     = @@character_set_client */;
/*!50503 SET character_set_client = utf8mb4 */;
CREATE TABLE `summon_growth_rates` (
  `id` int NOT NULL AUTO_INCREMENT,
  `summon_type` varchar(20) NOT NULL,
  `hp_per_level` float NOT NULL DEFAULT '5',
  `mp_per_level` float NOT NULL DEFAULT '2',
  `attack_per_level` float NOT NULL DEFAULT '1',
  `defense_per_level` float NOT NULL DEFAULT '1',
  `phys_attack_per_level` float NOT NULL DEFAULT '1',
  `phys_defense_per_level` float NOT NULL DEFAULT '1',
  `mag_attack_per_level` float NOT NULL DEFAULT '1',
  `mag_defense_per_level` float NOT NULL DEFAULT '1',
  `crit_rate_per_10level` float NOT NULL DEFAULT '1',
  `evasion_per_10level` float NOT NULL DEFAULT '1',
  PRIMARY KEY (`id`),
  UNIQUE KEY `unique_type` (`summon_type`)
) ENGINE=InnoDB AUTO_INCREMENT=5 DEFAULT CHARSET=utf8mb4 COLLATE=utf8mb4_0900_ai_ci;
/*!40101 SET character_set_client = @saved_cs_client */;

--
-- Dumping data for table `summon_growth_rates`
--

LOCK TABLES `summon_growth_rates` WRITE;
/*!40000 ALTER TABLE `summon_growth_rates` DISABLE KEYS */;
INSERT INTO `summon_growth_rates` VALUES (1,'몬스터',7,1,1.5,1.5,1.8,1.5,0.3,0.3,2,1),(2,'귀신',5,4,1,0.8,0.4,0.4,1.8,1.5,2,3),(3,'정령',5,5,1.2,0.8,0.4,0.5,2,1.8,1,1),(4,'언데드',6,3,1.2,1.2,1.2,1,1,0.8,1,1);
/*!40000 ALTER TABLE `summon_growth_rates` ENABLE KEYS */;
UNLOCK TABLES;

--
-- Table structure for table `summon_learned_skills`
--

DROP TABLE IF EXISTS `summon_learned_skills`;
/*!40101 SET @saved_cs_client     = @@character_set_client */;
/*!50503 SET character_set_client = utf8mb4 */;
CREATE TABLE `summon_learned_skills` (
  `id` int NOT NULL AUTO_INCREMENT,
  `summon_id` int NOT NULL,
  `skill_id` int NOT NULL,
  PRIMARY KEY (`id`),
  UNIQUE KEY `unique_summon_skill` (`summon_id`,`skill_id`),
  KEY `skill_id` (`skill_id`),
  CONSTRAINT `summon_learned_skills_ibfk_1` FOREIGN KEY (`summon_id`) REFERENCES `character_summons` (`id`) ON DELETE CASCADE,
  CONSTRAINT `summon_learned_skills_ibfk_2` FOREIGN KEY (`skill_id`) REFERENCES `summon_skills` (`id`)
) ENGINE=InnoDB AUTO_INCREMENT=37 DEFAULT CHARSET=utf8mb4 COLLATE=utf8mb4_0900_ai_ci;
/*!40101 SET character_set_client = @saved_cs_client */;

--
-- Dumping data for table `summon_learned_skills`
--

LOCK TABLES `summon_learned_skills` WRITE;
/*!40000 ALTER TABLE `summon_learned_skills` DISABLE KEYS */;
/*!40000 ALTER TABLE `summon_learned_skills` ENABLE KEYS */;
UNLOCK TABLES;

--
-- Table structure for table `summon_material_costs`
--

DROP TABLE IF EXISTS `summon_material_costs`;
/*!40101 SET @saved_cs_client     = @@character_set_client */;
/*!50503 SET character_set_client = utf8mb4 */;
CREATE TABLE `summon_material_costs` (
  `id` int NOT NULL AUTO_INCREMENT,
  `template_id` int NOT NULL,
  `material_id` int NOT NULL,
  `quantity` int NOT NULL DEFAULT '1',
  PRIMARY KEY (`id`),
  KEY `template_id` (`template_id`),
  KEY `material_id` (`material_id`),
  CONSTRAINT `summon_material_costs_ibfk_1` FOREIGN KEY (`template_id`) REFERENCES `summon_templates` (`id`) ON DELETE CASCADE,
  CONSTRAINT `summon_material_costs_ibfk_2` FOREIGN KEY (`material_id`) REFERENCES `materials` (`id`)
) ENGINE=InnoDB AUTO_INCREMENT=36 DEFAULT CHARSET=utf8mb4 COLLATE=utf8mb4_0900_ai_ci;
/*!40101 SET character_set_client = @saved_cs_client */;

--
-- Dumping data for table `summon_material_costs`
--

LOCK TABLES `summon_material_costs` WRITE;
/*!40000 ALTER TABLE `summon_material_costs` DISABLE KEYS */;
INSERT INTO `summon_material_costs` VALUES (1,1,8,40),(2,1,3,60),(3,4,2,60),(4,4,3,40),(5,2,8,100),(6,2,3,100),(7,2,5,40),(8,5,2,160),(9,5,3,100),(10,5,5,40),(11,11,3,160),(12,11,8,60),(13,11,1,100),(14,8,6,100),(15,8,5,100),(16,8,10,60),(17,9,6,100),(18,9,12,60),(19,9,5,100),(20,6,6,100),(21,6,1,200),(22,6,5,100),(23,3,8,200),(24,3,5,160),(25,3,21,40),(26,7,4,200),(27,7,5,160),(28,7,12,60),(29,10,6,200),(30,10,5,160),(31,10,27,40),(32,12,21,100),(33,12,8,300),(34,12,5,200),(35,12,7,100);
/*!40000 ALTER TABLE `summon_material_costs` ENABLE KEYS */;
UNLOCK TABLES;

--
-- Table structure for table `summon_skills`
--

DROP TABLE IF EXISTS `summon_skills`;
/*!40101 SET @saved_cs_client     = @@character_set_client */;
/*!50503 SET character_set_client = utf8mb4 */;
CREATE TABLE `summon_skills` (
  `id` int NOT NULL AUTO_INCREMENT,
  `name` varchar(50) NOT NULL,
  `summon_type` varchar(20) DEFAULT NULL,
  `template_id` int DEFAULT NULL,
  `description` varchar(200) NOT NULL,
  `type` enum('attack','heal','buff') NOT NULL,
  `mp_cost` int NOT NULL DEFAULT '0',
  `damage_multiplier` float DEFAULT '1',
  `heal_amount` int DEFAULT '0',
  `buff_stat` varchar(20) DEFAULT NULL,
  `buff_value` int DEFAULT '0',
  `buff_duration` int DEFAULT '0',
  `required_level` int DEFAULT '1',
  `cooldown` int DEFAULT '0',
  `is_common` tinyint(1) DEFAULT '0',
  PRIMARY KEY (`id`)
) ENGINE=InnoDB AUTO_INCREMENT=21 DEFAULT CHARSET=utf8mb4 COLLATE=utf8mb4_0900_ai_ci;
/*!40101 SET character_set_client = @saved_cs_client */;

--
-- Dumping data for table `summon_skills`
--

LOCK TABLES `summon_skills` WRITE;
/*!40000 ALTER TABLE `summon_skills` DISABLE KEYS */;
INSERT INTO `summon_skills` VALUES (1,'돌진',NULL,NULL,'적에게 돌진하여 피해를 입힌다.','attack',5,1.5,0,NULL,0,0,10,0,1),(2,'집중',NULL,NULL,'집중하여 공격력을 높인다.','buff',8,0,0,'attack',5,3,20,2,1),(3,'생명력 흡수',NULL,NULL,'적의 생명력을 일부 흡수한다.','attack',12,1.3,15,NULL,0,0,30,1,1),(4,'수호 태세',NULL,NULL,'방어 태세를 취하여 방어력을 높인다.','buff',10,0,0,'defense',8,3,40,2,1),(5,'저주의 손길','귀신',NULL,'저주의 기운으로 적을 공격한다.','attack',8,2,0,NULL,0,0,10,0,0),(6,'원한 폭발','귀신',NULL,'쌓인 원한을 터뜨려 강력한 피해를 입힌다.','attack',20,3.5,0,NULL,0,0,40,2,0),(7,'영혼 치유','귀신',NULL,'영혼의 힘으로 체력을 회복한다.','heal',15,0,40,NULL,0,0,30,2,0),(8,'맹독 공격','몬스터',NULL,'독을 품은 공격으로 적을 물어뜯는다.','attack',7,1.8,0,NULL,0,0,10,0,0),(9,'야성 해방','몬스터',NULL,'야성의 힘을 해방하여 공격력을 높인다.','buff',12,0,0,'attack',8,3,30,2,0),(10,'포식자의 일격','몬스터',NULL,'치명적인 일격으로 큰 피해를 입힌다.','attack',22,4,0,NULL,0,0,50,3,0),(11,'정령의 축복','정령',NULL,'정령의 축복으로 체력을 회복한다.','heal',10,0,50,NULL,0,0,10,1,0),(12,'원소 폭발','정령',NULL,'원소의 힘을 폭발시켜 적을 공격한다.','attack',15,2.5,0,NULL,0,0,30,1,0),(13,'원소 강화','정령',NULL,'원소의 기운으로 모든 능력을 높인다.','buff',20,0,0,'attack',6,4,40,3,0),(14,'죽음의 손아귀','언데드',NULL,'죽음의 기운으로 적을 움켜쥔다.','attack',8,2.2,0,NULL,0,0,10,0,0),(15,'뼈 갑옷','언데드',NULL,'뼈로 된 갑옷을 둘러 방어력을 높인다.','buff',10,0,0,'defense',10,3,20,2,0),(16,'부활의 힘','언데드',NULL,'언데드의 힘으로 체력을 대폭 회복한다.','heal',25,0,70,NULL,0,0,50,3,0),(17,'구미호 매혹',NULL,3,'구미호의 매혹으로 적의 방어력을 약화시킨다.','attack',18,2.8,0,NULL,0,0,30,2,0),(18,'골렘 지진',NULL,6,'대지를 흔들어 강력한 충격파를 일으킨다.','attack',15,3,0,NULL,0,0,20,2,0),(19,'독거미 맹독',NULL,7,'치명적인 맹독을 뿜어 적을 공격한다.','attack',16,2.5,0,NULL,0,0,30,1,0),(20,'리치의 저주',NULL,12,'강력한 저주를 걸어 적에게 막대한 피해를 입힌다.','attack',30,5,0,NULL,0,0,50,3,0);
/*!40000 ALTER TABLE `summon_skills` ENABLE KEYS */;
UNLOCK TABLES;

--
-- Table structure for table `summon_templates`
--

DROP TABLE IF EXISTS `summon_templates`;
/*!40101 SET @saved_cs_client     = @@character_set_client */;
/*!50503 SET character_set_client = utf8mb4 */;
CREATE TABLE `summon_templates` (
  `id` int NOT NULL AUTO_INCREMENT,
  `name` varchar(50) NOT NULL,
  `type` varchar(20) NOT NULL,
  `icon` varchar(10) NOT NULL,
  `price` int NOT NULL,
  `sell_price` int NOT NULL,
  `base_hp` int DEFAULT '50',
  `base_mp` int DEFAULT '20',
  `base_attack` int DEFAULT '5',
  `base_defense` int DEFAULT '3',
  `required_level` int DEFAULT '1',
  `base_phys_attack` int DEFAULT '3',
  `base_phys_defense` int DEFAULT '2',
  `base_mag_attack` int DEFAULT '2',
  `base_mag_defense` int DEFAULT '2',
  `base_crit_rate` int DEFAULT '5',
  `base_evasion` int DEFAULT '3',
  `range_type` enum('melee','ranged','magic') DEFAULT 'melee',
  `element` enum('fire','water','earth','wind','neutral') DEFAULT 'neutral',
  PRIMARY KEY (`id`),
  UNIQUE KEY `name` (`name`)
) ENGINE=InnoDB AUTO_INCREMENT=13 DEFAULT CHARSET=utf8mb4 COLLATE=utf8mb4_0900_ai_ci;
/*!40101 SET character_set_client = @saved_cs_client */;

--
-- Dumping data for table `summon_templates`
--

LOCK TABLES `summon_templates` WRITE;
/*!40000 ALTER TABLE `summon_templates` DISABLE KEYS */;
INSERT INTO `summon_templates` VALUES (1,'떠도는 원혼','귀신','👻',200,100,40,15,6,3,1,1,1,5,2,8,10,'magic','neutral'),(2,'묘지 귀신','귀신','👻',450,225,65,25,10,5,2,3,2,9,4,8,10,'magic','neutral'),(3,'구미호 영혼','귀신','🦊',800,400,90,40,16,8,4,4,3,14,6,8,10,'magic','neutral'),(4,'들쥐 소환수','몬스터','🐀',100,50,25,5,4,2,1,3,1,0,0,10,5,'melee','neutral'),(5,'야생 늑대','몬스터','🐺',300,150,55,10,9,5,2,8,4,1,1,10,5,'melee','neutral'),(6,'골렘 파편','몬스터','🪨',500,250,100,5,7,15,3,6,12,1,4,10,5,'melee','neutral'),(7,'독거미 여왕','몬스터','🕷️',700,350,70,20,14,7,4,12,5,2,2,10,5,'melee','neutral'),(8,'물의 정령','정령','💧',400,200,60,50,8,6,3,2,3,7,5,5,5,'magic','water'),(9,'불의 정령','정령','🔥',500,250,55,45,14,4,3,4,2,12,3,5,5,'magic','fire'),(10,'바람의 정령','정령','🌪️',600,300,50,55,12,5,4,3,2,10,4,5,5,'magic','wind'),(11,'해골 전사','언데드','💀',250,125,70,10,8,8,2,4,5,4,4,5,3,'melee','water'),(12,'리치','언데드','☠️',1500,750,80,60,18,10,6,10,7,10,5,5,3,'magic','neutral');
/*!40000 ALTER TABLE `summon_templates` ENABLE KEYS */;
UNLOCK TABLES;

--
-- Table structure for table `tower_floors`
--

DROP TABLE IF EXISTS `tower_floors`;
/*!40101 SET @saved_cs_client     = @@character_set_client */;
/*!50503 SET character_set_client = utf8mb4 */;
CREATE TABLE `tower_floors` (
  `id` int NOT NULL AUTO_INCREMENT,
  `floor_num` int NOT NULL,
  `monster_count` int DEFAULT '3',
  `level_bonus` int DEFAULT '0',
  `hp_multiplier` float DEFAULT '1',
  `atk_multiplier` float DEFAULT '1',
  `is_boss` tinyint(1) DEFAULT '0',
  `exp_reward` int DEFAULT '50',
  `gold_reward` int DEFAULT '30',
  `dungeon_key` varchar(30) DEFAULT 'cave',
  PRIMARY KEY (`id`),
  UNIQUE KEY `floor_num` (`floor_num`)
) ENGINE=InnoDB AUTO_INCREMENT=51 DEFAULT CHARSET=utf8mb4 COLLATE=utf8mb4_0900_ai_ci;
/*!40101 SET character_set_client = @saved_cs_client */;

--
-- Dumping data for table `tower_floors`
--

LOCK TABLES `tower_floors` WRITE;
/*!40000 ALTER TABLE `tower_floors` DISABLE KEYS */;
INSERT INTO `tower_floors` VALUES (1,1,3,1,1.06,1.035,0,98,62,'cave'),(2,2,3,2,1.12,1.07,0,116,74,'cave'),(3,3,3,3,1.18,1.105,0,134,86,'cave'),(4,4,3,4,1.24,1.14,0,152,98,'cave'),(5,5,3,5,1.3,1.175,0,170,110,'cave'),(6,6,3,6,1.36,1.21,0,188,122,'cave'),(7,7,3,7,1.42,1.245,0,206,134,'cave'),(8,8,4,8,1.48,1.28,0,224,146,'goblin'),(9,9,4,9,1.54,1.315,0,242,158,'goblin'),(10,10,4,10,1.6,1.35,1,520,340,'goblin'),(11,11,4,11,1.66,1.385,0,278,182,'goblin'),(12,12,4,12,1.72,1.42,0,296,194,'goblin'),(13,13,4,13,1.78,1.455,0,314,206,'goblin'),(14,14,4,14,1.84,1.49,0,332,218,'goblin'),(15,15,4,15,1.9,1.525,0,350,230,'mountain'),(16,16,5,16,1.96,1.56,0,368,242,'mountain'),(17,17,5,17,2.02,1.595,0,386,254,'mountain'),(18,18,5,18,2.08,1.63,0,404,266,'mountain'),(19,19,5,19,2.14,1.665,0,422,278,'mountain'),(20,20,5,20,2.2,1.7,1,880,580,'mountain'),(21,21,5,21,2.26,1.735,0,458,302,'mountain'),(22,22,5,22,2.32,1.77,0,476,314,'ocean'),(23,23,5,23,2.38,1.805,0,494,326,'ocean'),(24,24,6,24,2.44,1.84,0,512,338,'ocean'),(25,25,6,25,2.5,1.875,0,530,350,'ocean'),(26,26,6,26,2.56,1.91,0,548,362,'ocean'),(27,27,6,27,2.62,1.945,0,566,374,'ocean'),(28,28,6,28,2.68,1.98,0,584,386,'ocean'),(29,29,6,29,2.74,2.015,0,602,398,'temple'),(30,30,6,30,2.8,2.05,1,1240,820,'temple'),(31,31,6,31,2.86,2.085,0,638,422,'temple'),(32,32,7,32,2.92,2.12,0,656,434,'temple'),(33,33,7,33,2.98,2.155,0,674,446,'temple'),(34,34,7,34,3.04,2.19,0,692,458,'temple'),(35,35,7,35,3.1,2.225,0,710,470,'temple'),(36,36,7,36,3.16,2.26,0,728,482,'demon'),(37,37,7,37,3.22,2.295,0,746,494,'demon'),(38,38,7,38,3.28,2.33,0,764,506,'demon'),(39,39,7,39,3.34,2.365,0,782,518,'demon'),(40,40,8,40,3.4,2.4,1,1600,1060,'demon'),(41,41,8,41,3.46,2.435,0,818,542,'demon'),(42,42,8,42,3.52,2.47,0,836,554,'demon'),(43,43,8,43,3.58,2.505,0,854,566,'dragon'),(44,44,8,44,3.64,2.54,0,872,578,'dragon'),(45,45,8,45,3.7,2.575,0,890,590,'dragon'),(46,46,8,46,3.76,2.61,0,908,602,'dragon'),(47,47,8,47,3.82,2.645,0,926,614,'dragon'),(48,48,8,48,3.88,2.68,0,944,626,'dragon'),(49,49,8,49,3.94,2.715,0,962,638,'dragon'),(50,50,8,50,4,2.75,1,1960,1300,'cave');
/*!40000 ALTER TABLE `tower_floors` ENABLE KEYS */;
UNLOCK TABLES;

--
-- Table structure for table `users`
--

DROP TABLE IF EXISTS `users`;
/*!40101 SET @saved_cs_client     = @@character_set_client */;
/*!50503 SET character_set_client = utf8mb4 */;
CREATE TABLE `users` (
  `id` int NOT NULL AUTO_INCREMENT,
  `username` varchar(50) NOT NULL,
  `email` varchar(100) NOT NULL,
  `password` varchar(255) NOT NULL,
  `created_at` timestamp NULL DEFAULT CURRENT_TIMESTAMP,
  `updated_at` timestamp NULL DEFAULT CURRENT_TIMESTAMP ON UPDATE CURRENT_TIMESTAMP,
  `session_token` varchar(64) DEFAULT NULL,
  PRIMARY KEY (`id`),
  UNIQUE KEY `username` (`username`),
  UNIQUE KEY `email` (`email`)
) ENGINE=InnoDB AUTO_INCREMENT=4 DEFAULT CHARSET=utf8mb4 COLLATE=utf8mb4_0900_ai_ci;
/*!40101 SET character_set_client = @saved_cs_client */;

--
-- Dumping data for table `users`
--

LOCK TABLES `users` WRITE;
/*!40000 ALTER TABLE `users` DISABLE KEYS */;
INSERT INTO `users` VALUES (1,'vgam','dongha9878@naver.com','$2b$10$5JIQcS7ghLbiRRXw2jfjt.IrAdABUTBlDwpg9Yei4pmMq5.FP2Z.q','2026-02-28 01:50:19','2026-03-08 03:01:53','e81eed3035b1288fef54c30fc91efd233dde624f4c890856ebeb47bb91a3ed21'),(2,'testai','testai@test.com','$2b$10$pHMGC3QZ3BZntQyTW/WlAuJCGVXXFC21gydu/hyyTLpIs2y0UkKLa','2026-02-28 06:27:44','2026-02-28 06:27:44',NULL),(3,'testuser','test@test.com','$2b$10$YgdN.rCqgPVWn3yRQ4gKV.6G9Ue0nQMO5/N1AqUoHLkMIYi.CHLJi','2026-03-01 20:33:00','2026-03-01 20:33:00',NULL);
/*!40000 ALTER TABLE `users` ENABLE KEYS */;
UNLOCK TABLES;

--
-- Dumping routines for database 'game'
--
/*!40103 SET TIME_ZONE=@OLD_TIME_ZONE */;

/*!40101 SET SQL_MODE=@OLD_SQL_MODE */;
/*!40014 SET FOREIGN_KEY_CHECKS=@OLD_FOREIGN_KEY_CHECKS */;
/*!40014 SET UNIQUE_CHECKS=@OLD_UNIQUE_CHECKS */;
/*!40101 SET CHARACTER_SET_CLIENT=@OLD_CHARACTER_SET_CLIENT */;
/*!40101 SET CHARACTER_SET_RESULTS=@OLD_CHARACTER_SET_RESULTS */;
/*!40101 SET COLLATION_CONNECTION=@OLD_COLLATION_CONNECTION */;
/*!40111 SET SQL_NOTES=@OLD_SQL_NOTES */;

-- Dump completed on 2026-03-08 12:06:05
